respondent,ATT,CON,SNO,COVID,INT,BE,PU,PEU,PO,PRI
0,4.0,4.0,4.0,4.0,4.0,4.0,4.0,4.0,4.0,4.0
1,5.0,5.0,4.0,5.0,5.0,2.75,3.6666666666666665,4.0,4.0,3.3333333333333335
2,4.0,3.6666666666666665,4.0,4.0,4.0,3.75,3.6666666666666665,4.0,3.0,4.0
3,4.0,4.0,4.0,4.0,4.0,2.75,4.0,4.0,4.0,3.3333333333333335
4,2.6666666666666665,4.666666666666667,3.3333333333333335,4.333333333333333,3.0,4.0,4.0,5.0,5.0,4.0
5,3.0,3.3333333333333335,3.6666666666666665,4.0,3.3333333333333335,2.75,3.3333333333333335,4.0,3.5,3.0
6,3.3333333333333335,4.0,3.3333333333333335,3.0,5.0,3.25,3.3333333333333335,4.0,4.5,4.0
7,3.6666666666666665,4.0,4.0,4.0,4.0,4.0,4.0,4.0,5.0,4.0
8,3.6666666666666665,3.6666666666666665,4.0,4.0,4.0,4.0,3.6666666666666665,3.0,4.0,4.0
9,3.3333333333333335,4.0,4.0,5.0,3.6666666666666665,4.0,3.6666666666666665,3.0,4.0,4.0
10,3.3333333333333335,4.0,4.0,4.333333333333333,3.3333333333333335,3.75,3.6666666666666665,4.0,4.0,3.6666666666666665
11,3.6666666666666665,5.0,4.333333333333333,4.0,3.6666666666666665,3.5,3.6666666666666665,4.5,4.0,3.6666666666666665
12,4.0,5.0,4.666666666666667,5.0,4.666666666666667,4.5,5.0,3.5,5.0,5.0
13,4.0,4.0,4.0,4.0,4.0,3.75,4.0,3.0,3.5,4.0
14,3.3333333333333335,5.0,4.666666666666667,5.0,4.666666666666667,4.0,4.333333333333333,5.0,3.5,4.0
15,5.0,4.0,5.0,4.333333333333333,4.666666666666667,3.75,5.0,3.5,5.0,4.333333333333333
16,3.6666666666666665,4.0,4.666666666666667,5.0,5.0,4.5,5.0,4.0,5.0,5.0
17,3.3333333333333335,3.6666666666666665,3.3333333333333335,4.666666666666667,4.0,4.0,4.666666666666667,3.5,5.0,4.333333333333333
18,4.333333333333333,4.0,5.0,4.666666666666667,5.0,5.0,4.333333333333333,5.0,4.0,5.0
19,4.666666666666667,4.666666666666667,5.0,5.0,4.666666666666667,4.75,5.0,4.5,5.0,5.0
20,4.0,3.6666666666666665,4.666666666666667,5.0,5.0,4.5,5.0,2.0,3.5,5.0
21,3.3333333333333335,4.0,4.333333333333333,5.0,4.0,4.0,4.333333333333333,5.0,4.5,4.0
22,4.0,5.0,4.666666666666667,4.333333333333333,2.3333333333333335,4.25,4.666666666666667,5.0,4.0,4.0
23,1.0,4.666666666666667,4.0,2.0,3.0,2.25,2.0,2.0,2.0,2.3333333333333335
24,2.6666666666666665,4.0,4.666666666666667,4.666666666666667,4.666666666666667,4.0,4.0,3.0,3.0,4.333333333333333
25,4.666666666666667,3.6666666666666665,5.0,5.0,4.666666666666667,5.0,3.6666666666666665,4.5,5.0,5.0
26,4.0,4.0,4.0,4.0,4.0,4.0,4.333333333333333,3.5,4.0,4.0
27,3.3333333333333335,4.0,5.0,5.0,4.666666666666667,5.0,4.333333333333333,5.0,4.0,5.0
28,3.3333333333333335,3.3333333333333335,4.333333333333333,4.666666666666667,4.333333333333333,4.5,3.3333333333333335,4.0,3.0,4.666666666666667
29,3.6666666666666665,3.6666666666666665,4.0,4.0,3.6666666666666665,3.0,3.3333333333333335,3.0,4.0,3.0
30,4.0,4.0,5.0,4.666666666666667,5.0,4.25,4.0,4.5,4.0,4.666666666666667
31,3.6666666666666665,4.666666666666667,5.0,5.0,4.0,4.25,4.333333333333333,3.0,3.0,4.0
32,3.0,4.0,4.0,4.0,4.0,4.0,4.0,4.0,4.0,4.0
33,3.3333333333333335,3.0,3.6666666666666665,4.0,3.3333333333333335,3.75,4.666666666666667,3.0,3.0,4.0
34,3.6666666666666665,4.333333333333333,4.666666666666667,4.0,4.0,4.0,3.6666666666666665,4.0,4.0,4.0
35,3.6666666666666665,4.333333333333333,3.6666666666666665,4.333333333333333,4.333333333333333,4.5,5.0,4.0,4.0,5.0
36,4.0,3.3333333333333335,4.0,3.6666666666666665,3.6666666666666665,4.0,4.0,4.0,4.0,4.0
37,3.6666666666666665,4.0,4.0,4.666666666666667,4.0,4.0,4.333333333333333,5.0,4.0,4.0
38,3.6666666666666665,4.333333333333333,4.666666666666667,4.0,4.0,3.25,3.6666666666666665,3.5,4.0,3.6666666666666665
39,4.0,4.0,4.0,3.0,4.0,2.5,4.0,2.5,1.0,3.0
40,4.0,4.333333333333333,4.333333333333333,4.333333333333333,4.0,3.5,3.6666666666666665,3.5,3.5,4.0
41,4.0,5.0,5.0,5.0,4.666666666666667,4.5,4.333333333333333,5.0,4.0,5.0
42,4.333333333333333,5.0,5.0,4.666666666666667,5.0,5.0,4.333333333333333,5.0,5.0,5.0
43,3.6666666666666665,5.0,4.333333333333333,4.0,3.6666666666666665,4.25,3.6666666666666665,3.5,4.0,4.333333333333333
44,3.3333333333333335,4.666666666666667,5.0,4.666666666666667,4.0,4.5,4.333333333333333,5.0,3.0,4.666666666666667
45,3.3333333333333335,4.0,3.6666666666666665,4.0,3.6666666666666665,3.5,3.6666666666666665,3.5,4.0,4.0
46,3.6666666666666665,3.6666666666666665,3.6666666666666665,3.3333333333333335,3.0,3.25,3.0,4.0,3.5,3.3333333333333335
47,4.0,3.6666666666666665,4.0,4.0,2.6666666666666665,3.75,2.6666666666666665,4.5,3.5,3.6666666666666665
48,3.3333333333333335,4.0,5.0,4.0,4.333333333333333,4.5,5.0,4.0,4.0,4.333333333333333
49,4.666666666666667,5.0,4.666666666666667,4.0,4.666666666666667,4.0,3.6666666666666665,4.0,4.0,4.333333333333333
50,3.0,4.0,3.6666666666666665,4.0,3.0,3.5,4.0,4.0,4.0,3.3333333333333335
51,3.0,3.3333333333333335,3.3333333333333335,4.0,3.6666666666666665,3.25,4.0,4.0,4.0,3.6666666666666665
52,3.6666666666666665,3.6666666666666665,4.0,4.666666666666667,4.0,3.5,3.3333333333333335,4.0,4.0,4.0
53,4.333333333333333,4.666666666666667,5.0,5.0,3.6666666666666665,4.0,5.0,4.5,5.0,4.333333333333333
54,3.6666666666666665,3.0,4.333333333333333,4.0,2.3333333333333335,2.75,2.3333333333333335,2.0,3.5,3.3333333333333335
55,3.6666666666666665,3.6666666666666665,3.6666666666666665,3.3333333333333335,3.6666666666666665,3.25,3.6666666666666665,3.0,3.5,3.3333333333333335
56,4.333333333333333,4.666666666666667,3.3333333333333335,2.3333333333333335,4.0,3.75,3.6666666666666665,3.0,4.0,4.0
57,4.333333333333333,5.0,5.0,5.0,5.0,5.0,5.0,5.0,5.0,5.0
58,4.333333333333333,4.333333333333333,5.0,5.0,5.0,5.0,4.666666666666667,5.0,4.0,5.0
59,5.0,5.0,5.0,4.0,5.0,5.0,5.0,5.0,5.0,5.0
60,3.6666666666666665,4.0,5.0,4.333333333333333,5.0,4.0,5.0,5.0,5.0,4.333333333333333
61,4.666666666666667,4.666666666666667,5.0,4.333333333333333,5.0,5.0,5.0,4.5,4.5,5.0
62,4.333333333333333,4.666666666666667,3.3333333333333335,2.3333333333333335,3.3333333333333335,3.5,4.333333333333333,4.0,4.0,3.3333333333333335
63,5.0,5.0,5.0,5.0,5.0,4.75,4.666666666666667,4.0,5.0,5.0
64,4.666666666666667,4.666666666666667,5.0,5.0,4.666666666666667,4.75,4.666666666666667,4.0,4.5,5.0
65,4.0,5.0,5.0,5.0,5.0,4.5,4.0,4.0,4.0,5.0
66,4.666666666666667,4.666666666666667,4.666666666666667,4.666666666666667,4.666666666666667,4.75,5.0,5.0,5.0,5.0
67,3.3333333333333335,3.6666666666666665,4.666666666666667,3.6666666666666665,5.0,3.75,4.333333333333333,3.5,4.0,4.333333333333333
68,4.666666666666667,4.333333333333333,5.0,4.0,4.333333333333333,4.5,4.333333333333333,4.0,4.0,5.0
69,3.6666666666666665,4.0,4.0,4.333333333333333,4.0,4.0,3.3333333333333335,3.0,3.0,4.0
70,4.666666666666667,4.333333333333333,5.0,5.0,4.0,4.5,4.666666666666667,4.5,5.0,4.666666666666667
71,4.666666666666667,5.0,5.0,5.0,5.0,5.0,4.0,4.0,3.0,5.0
72,5.0,4.333333333333333,5.0,4.333333333333333,5.0,5.0,5.0,5.0,5.0,5.0
73,4.333333333333333,4.333333333333333,5.0,3.6666666666666665,4.666666666666667,5.0,3.6666666666666665,3.0,4.0,5.0
74,2.3333333333333335,3.0,2.6666666666666665,3.0,2.6666666666666665,2.5,2.6666666666666665,3.0,3.0,2.6666666666666665
75,3.3333333333333335,5.0,5.0,3.6666666666666665,4.0,4.25,3.0,4.0,5.0,4.0
76,4.666666666666667,4.333333333333333,5.0,4.666666666666667,3.0,3.5,3.6666666666666665,3.0,4.5,3.3333333333333335
77,4.666666666666667,4.666666666666667,4.666666666666667,4.333333333333333,4.0,3.25,4.0,3.5,4.5,3.6666666666666665
78,4.0,4.333333333333333,4.666666666666667,3.0,4.666666666666667,4.5,4.333333333333333,3.0,5.0,5.0
79,3.3333333333333335,4.333333333333333,4.0,4.0,3.6666666666666665,3.5,4.666666666666667,2.0,5.0,3.6666666666666665
80,2.0,3.0,3.6666666666666665,3.6666666666666665,1.6666666666666667,4.25,3.6666666666666665,3.0,4.0,3.3333333333333335
81,3.3333333333333335,3.3333333333333335,3.6666666666666665,4.333333333333333,4.0,4.75,5.0,3.0,5.0,5.0
82,3.3333333333333335,3.3333333333333335,3.3333333333333335,3.6666666666666665,4.0,5.0,4.333333333333333,2.0,3.5,5.0
83,3.3333333333333335,3.3333333333333335,3.6666666666666665,4.0,3.6666666666666665,4.25,5.0,2.0,5.0,4.333333333333333
84,4.666666666666667,4.333333333333333,4.666666666666667,4.666666666666667,3.6666666666666665,3.25,3.0,4.5,4.0,3.6666666666666665
85,4.333333333333333,3.6666666666666665,4.666666666666667,4.0,3.0,3.5,4.0,4.5,4.0,3.3333333333333335
86,4.333333333333333,4.333333333333333,4.0,5.0,4.333333333333333,4.25,4.333333333333333,4.0,4.0,4.333333333333333
87,4.0,5.0,4.666666666666667,3.6666666666666665,4.333333333333333,3.25,4.0,4.0,5.0,3.6666666666666665
88,5.0,4.0,4.666666666666667,4.0,4.666666666666667,4.75,4.0,3.0,5.0,4.666666666666667
89,4.666666666666667,4.666666666666667,4.666666666666667,4.333333333333333,4.333333333333333,5.0,4.333333333333333,4.5,3.5,5.0
90,5.0,5.0,4.666666666666667,4.333333333333333,4.0,4.0,4.333333333333333,4.0,5.0,4.333333333333333
91,5.0,4.666666666666667,4.666666666666667,5.0,3.6666666666666665,4.0,5.0,4.5,3.5,4.333333333333333
92,5.0,5.0,4.0,4.0,3.6666666666666665,4.5,4.333333333333333,4.0,3.5,4.0
93,4.666666666666667,5.0,4.0,4.0,5.0,3.75,4.666666666666667,3.5,3.5,4.0
94,4.666666666666667,4.333333333333333,4.666666666666667,5.0,4.333333333333333,4.25,3.0,3.5,4.5,4.333333333333333
95,4.666666666666667,4.333333333333333,4.0,4.0,4.0,4.0,4.0,4.0,5.0,4.0
96,3.3333333333333335,4.333333333333333,3.6666666666666665,4.333333333333333,4.0,5.0,4.333333333333333,3.0,4.0,5.0
97,3.6666666666666665,3.3333333333333335,3.6666666666666665,4.0,4.0,5.0,4.666666666666667,1.5,3.0,5.0
98,3.3333333333333335,3.3333333333333335,3.6666666666666665,4.333333333333333,4.0,5.0,5.0,2.0,4.5,5.0
99,4.666666666666667,5.0,5.0,4.333333333333333,4.333333333333333,3.75,5.0,3.0,5.0,4.0
100,4.666666666666667,5.0,5.0,5.0,4.333333333333333,4.0,4.666666666666667,5.0,5.0,4.0
101,3.6666666666666665,4.666666666666667,5.0,4.666666666666667,4.666666666666667,5.0,4.333333333333333,5.0,5.0,5.0
102,4.333333333333333,5.0,5.0,5.0,4.333333333333333,4.75,4.666666666666667,5.0,5.0,5.0
103,4.666666666666667,4.333333333333333,5.0,5.0,4.666666666666667,5.0,4.666666666666667,4.5,5.0,5.0
104,4.333333333333333,4.333333333333333,5.0,4.333333333333333,4.333333333333333,4.25,4.333333333333333,2.5,4.5,4.666666666666667
105,4.0,4.333333333333333,5.0,4.666666666666667,4.0,3.75,4.333333333333333,4.0,5.0,4.0
106,5.0,5.0,5.0,4.0,4.333333333333333,4.5,4.666666666666667,4.0,5.0,4.666666666666667
107,4.333333333333333,4.666666666666667,5.0,3.6666666666666665,4.0,5.0,4.333333333333333,5.0,5.0,5.0
108,4.0,4.0,4.333333333333333,4.0,4.666666666666667,4.5,4.0,5.0,5.0,4.333333333333333
109,5.0,4.333333333333333,4.333333333333333,4.0,4.333333333333333,5.0,5.0,5.0,4.5,5.0
110,4.0,4.666666666666667,5.0,5.0,4.333333333333333,4.75,4.666666666666667,5.0,5.0,5.0
111,4.0,4.333333333333333,5.0,4.0,4.0,4.5,3.6666666666666665,2.5,5.0,4.333333333333333
112,3.3333333333333335,4.0,5.0,3.6666666666666665,5.0,5.0,5.0,5.0,4.0,5.0
113,4.333333333333333,5.0,5.0,4.666666666666667,5.0,4.5,4.333333333333333,5.0,5.0,4.666666666666667
114,4.333333333333333,4.333333333333333,5.0,4.333333333333333,4.333333333333333,4.75,4.0,5.0,5.0,4.666666666666667
115,4.0,4.333333333333333,4.333333333333333,4.333333333333333,3.6666666666666665,4.25,5.0,4.0,4.5,4.333333333333333
116,4.0,4.666666666666667,5.0,4.666666666666667,4.666666666666667,4.25,4.333333333333333,3.5,5.0,4.666666666666667
117,4.0,3.3333333333333335,5.0,4.666666666666667,5.0,5.0,4.0,4.5,4.5,5.0
118,4.666666666666667,5.0,5.0,5.0,4.666666666666667,5.0,4.666666666666667,4.5,5.0,5.0
119,4.0,3.6666666666666665,3.6666666666666665,4.333333333333333,4.333333333333333,3.75,3.6666666666666665,3.5,4.0,4.0
120,3.3333333333333335,3.6666666666666665,2.6666666666666665,2.0,3.0,3.0,3.0,3.0,3.0,3.0
121,4.0,3.3333333333333335,4.0,4.666666666666667,3.6666666666666665,4.5,3.0,4.0,4.0,4.333333333333333
122,3.0,3.3333333333333335,3.3333333333333335,3.3333333333333335,3.0,3.5,3.6666666666666665,2.5,3.0,3.3333333333333335
123,2.6666666666666665,2.6666666666666665,4.0,4.0,3.0,2.5,3.0,3.0,3.5,3.0
124,4.333333333333333,4.333333333333333,5.0,5.0,5.0,4.25,4.666666666666667,5.0,4.0,4.333333333333333
125,3.0,4.666666666666667,5.0,5.0,5.0,4.0,5.0,2.0,3.5,4.333333333333333
126,4.333333333333333,4.333333333333333,5.0,4.333333333333333,5.0,4.75,4.333333333333333,4.5,4.0,5.0
127,4.333333333333333,5.0,4.666666666666667,4.666666666666667,4.0,4.0,3.3333333333333335,3.5,3.0,4.0
128,4.333333333333333,4.333333333333333,4.333333333333333,4.666666666666667,4.333333333333333,4.25,4.333333333333333,4.5,4.5,4.666666666666667
129,4.0,4.666666666666667,5.0,4.666666666666667,4.666666666666667,4.75,5.0,4.5,4.5,5.0
130,4.0,4.333333333333333,5.0,4.0,4.0,4.25,4.333333333333333,5.0,5.0,4.333333333333333
131,4.0,4.0,5.0,4.666666666666667,4.666666666666667,3.5,4.333333333333333,4.5,4.5,4.0
132,3.6666666666666665,3.3333333333333335,4.666666666666667,4.666666666666667,4.0,3.75,4.0,3.0,4.0,4.0
133,3.6666666666666665,3.6666666666666665,3.3333333333333335,4.666666666666667,4.333333333333333,3.75,4.0,3.5,4.0,4.0
134,3.6666666666666665,3.3333333333333335,3.0,3.3333333333333335,3.6666666666666665,3.0,3.6666666666666665,1.0,4.0,3.6666666666666665
135,4.333333333333333,4.333333333333333,4.666666666666667,5.0,3.6666666666666665,3.5,4.333333333333333,5.0,5.0,3.3333333333333335
136,3.0,3.3333333333333335,4.0,3.6666666666666665,3.6666666666666665,3.5,4.0,3.5,5.0,4.0
137,4.666666666666667,5.0,4.0,5.0,4.333333333333333,4.5,4.0,4.0,4.0,4.666666666666667
138,4.333333333333333,4.333333333333333,3.3333333333333335,4.0,4.333333333333333,3.25,3.6666666666666665,3.5,5.0,3.6666666666666665
139,4.333333333333333,4.0,4.0,4.0,3.3333333333333335,4.0,5.0,4.0,4.5,4.0
140,4.333333333333333,4.333333333333333,4.333333333333333,4.0,4.333333333333333,4.5,4.0,4.5,4.0,4.666666666666667
141,3.6666666666666665,3.6666666666666665,3.6666666666666665,4.666666666666667,4.333333333333333,4.0,4.0,4.0,4.0,4.333333333333333
142,4.333333333333333,3.0,4.0,3.3333333333333335,4.333333333333333,4.5,4.333333333333333,3.5,4.0,4.666666666666667
143,4.333333333333333,4.333333333333333,4.666666666666667,4.0,4.0,4.25,4.333333333333333,5.0,4.0,4.333333333333333
144,4.333333333333333,4.333333333333333,4.333333333333333,4.0,4.666666666666667,3.5,3.6666666666666665,4.5,4.0,4.0
145,3.0,4.0,4.0,4.0,4.0,3.5,4.333333333333333,4.0,3.0,3.6666666666666665
146,4.0,4.0,4.0,4.0,4.0,4.0,4.0,4.5,4.0,4.0
147,3.6666666666666665,5.0,4.333333333333333,4.333333333333333,4.666666666666667,4.5,4.333333333333333,3.5,4.0,4.666666666666667
148,4.333333333333333,2.6666666666666665,3.3333333333333335,2.3333333333333335,2.3333333333333335,4.5,3.0,3.5,4.0,3.6666666666666665
149,3.3333333333333335,3.0,5.0,4.666666666666667,5.0,3.25,4.333333333333333,4.0,4.0,4.0
150,3.6666666666666665,4.0,4.333333333333333,4.666666666666667,4.333333333333333,3.5,3.6666666666666665,3.5,3.5,4.0
151,4.666666666666667,4.666666666666667,4.333333333333333,4.0,5.0,4.0,5.0,4.0,4.5,4.333333333333333
152,4.333333333333333,4.0,4.0,4.0,4.0,3.75,4.666666666666667,4.5,4.0,4.0
153,4.0,4.333333333333333,4.333333333333333,4.333333333333333,5.0,4.0,4.333333333333333,4.0,5.0,4.333333333333333
154,3.0,4.333333333333333,5.0,5.0,5.0,4.25,4.666666666666667,2.5,4.0,4.666666666666667
155,3.0,5.0,5.0,5.0,5.0,4.25,5.0,5.0,5.0,4.333333333333333
156,3.0,4.0,4.333333333333333,4.666666666666667,4.0,4.25,3.3333333333333335,4.5,5.0,4.333333333333333
157,2.3333333333333335,4.666666666666667,4.666666666666667,4.0,4.666666666666667,3.5,3.0,2.5,3.0,4.0
158,5.0,4.0,4.666666666666667,5.0,3.6666666666666665,4.0,4.0,3.5,3.0,4.0
159,5.0,4.666666666666667,5.0,4.666666666666667,4.666666666666667,4.25,4.333333333333333,3.5,4.5,4.666666666666667
160,3.0,2.6666666666666665,4.666666666666667,3.3333333333333335,3.6666666666666665,3.25,3.3333333333333335,2.0,2.5,3.6666666666666665
161,4.0,4.0,4.0,4.0,4.0,4.0,4.0,4.0,4.0,4.0
162,4.0,4.333333333333333,4.333333333333333,4.333333333333333,4.333333333333333,3.5,4.666666666666667,3.5,3.5,4.0
163,3.3333333333333335,2.3333333333333335,2.6666666666666665,2.3333333333333335,3.0,3.0,2.3333333333333335,2.5,2.5,3.3333333333333335
164,3.0,2.6666666666666665,4.666666666666667,4.333333333333333,2.3333333333333335,2.75,3.6666666666666665,2.0,4.5,2.6666666666666665
165,2.0,2.3333333333333335,2.0,1.3333333333333333,2.0,2.25,1.6666666666666667,2.0,2.0,2.0
166,3.3333333333333335,3.6666666666666665,3.3333333333333335,3.0,3.6666666666666665,3.0,3.3333333333333335,3.0,4.0,3.0
167,2.6666666666666665,4.0,4.666666666666667,3.0,4.333333333333333,5.0,4.666666666666667,3.0,3.0,5.0
168,3.0,3.6666666666666665,4.666666666666667,4.333333333333333,4.0,3.75,4.333333333333333,3.5,3.0,4.0
169,3.3333333333333335,3.3333333333333335,4.666666666666667,4.333333333333333,4.333333333333333,4.0,3.3333333333333335,3.0,3.5,4.0
170,3.0,3.6666666666666665,4.0,4.0,4.0,3.75,3.6666666666666665,3.0,4.0,4.0
171,3.6666666666666665,3.3333333333333335,5.0,4.666666666666667,4.333333333333333,5.0,5.0,3.5,4.0,5.0
172,3.3333333333333335,3.3333333333333335,5.0,4.333333333333333,4.333333333333333,3.5,3.6666666666666665,4.0,4.0,4.0
173,4.0,4.333333333333333,4.666666666666667,3.6666666666666665,4.0,3.5,3.6666666666666665,3.5,4.0,4.0
174,5.0,4.0,5.0,5.0,5.0,5.0,5.0,5.0,4.0,5.0
175,4.0,3.3333333333333335,4.666666666666667,5.0,4.666666666666667,3.5,3.6666666666666665,4.0,5.0,4.0
176,4.0,4.0,3.3333333333333335,4.666666666666667,3.3333333333333335,3.25,3.3333333333333335,3.5,3.0,3.0
177,4.0,4.666666666666667,4.666666666666667,4.333333333333333,4.666666666666667,4.0,4.0,3.5,4.0,4.0
178,4.0,5.0,5.0,5.0,4.333333333333333,5.0,4.333333333333333,5.0,5.0,5.0
179,4.666666666666667,4.333333333333333,4.666666666666667,4.333333333333333,4.333333333333333,4.5,4.333333333333333,4.0,4.5,4.666666666666667
180,4.0,3.3333333333333335,4.0,4.0,4.0,3.5,3.0,3.0,3.0,4.0
181,3.3333333333333335,3.6666666666666665,5.0,3.6666666666666665,4.333333333333333,4.5,4.333333333333333,5.0,5.0,5.0
182,4.0,3.6666666666666665,5.0,4.0,4.666666666666667,5.0,3.3333333333333335,3.5,4.0,5.0
183,1.6666666666666667,1.0,1.0,1.0,1.3333333333333333,1.75,2.0,1.5,1.0,1.6666666666666667
184,4.0,5.0,5.0,5.0,5.0,4.0,4.333333333333333,3.5,3.0,4.0
185,4.0,5.0,5.0,4.0,4.666666666666667,3.5,4.333333333333333,2.5,3.0,4.333333333333333
186,2.6666666666666665,3.0,3.3333333333333335,3.6666666666666665,3.3333333333333335,3.25,3.3333333333333335,3.0,3.0,3.3333333333333335
187,4.333333333333333,3.6666666666666665,3.6666666666666665,3.3333333333333335,3.3333333333333335,3.5,3.6666666666666665,3.5,3.5,3.6666666666666665
188,2.3333333333333335,4.333333333333333,4.666666666666667,4.666666666666667,4.0,4.25,4.333333333333333,3.0,4.0,4.333333333333333
189,3.3333333333333335,3.3333333333333335,4.333333333333333,3.6666666666666665,4.333333333333333,3.75,3.6666666666666665,5.0,4.5,4.0
190,3.0,3.0,5.0,4.0,5.0,4.5,4.333333333333333,4.5,5.0,4.666666666666667
191,3.3333333333333335,3.6666666666666665,5.0,5.0,4.333333333333333,4.5,4.666666666666667,4.0,5.0,5.0
192,3.3333333333333335,4.0,4.0,4.333333333333333,4.0,3.75,3.6666666666666665,3.5,3.0,4.0
193,4.0,4.333333333333333,4.333333333333333,4.333333333333333,4.333333333333333,3.25,4.333333333333333,3.0,4.0,4.0
194,4.0,4.0,4.333333333333333,4.0,4.666666666666667,3.75,3.3333333333333335,2.5,2.5,4.0
195,3.6666666666666665,4.333333333333333,5.0,4.333333333333333,4.666666666666667,3.75,4.0,3.0,4.0,4.0
196,3.0,3.6666666666666665,5.0,5.0,4.333333333333333,3.75,3.6666666666666665,2.5,3.0,4.0
197,2.6666666666666665,4.666666666666667,3.0,3.0,5.0,3.0,4.0,3.0,3.0,3.6666666666666665
198,3.0,3.3333333333333335,4.333333333333333,4.0,4.333333333333333,5.0,4.333333333333333,5.0,3.0,5.0
199,3.0,4.333333333333333,3.3333333333333335,4.666666666666667,4.666666666666667,4.0,4.0,3.5,3.0,4.333333333333333
200,4.333333333333333,4.666666666666667,5.0,5.0,5.0,4.25,4.333333333333333,3.5,5.0,4.333333333333333
201,3.3333333333333335,4.0,4.0,4.0,4.333333333333333,2.75,3.6666666666666665,2.5,3.0,3.3333333333333335
202,5.0,4.666666666666667,5.0,4.0,4.333333333333333,4.0,4.333333333333333,3.0,5.0,4.333333333333333
203,1.6666666666666667,3.3333333333333335,4.666666666666667,4.333333333333333,4.333333333333333,4.5,3.6666666666666665,3.5,3.0,4.333333333333333
204,3.0,4.666666666666667,5.0,4.666666666666667,5.0,5.0,4.666666666666667,4.0,4.0,5.0
205,3.6666666666666665,5.0,5.0,5.0,5.0,4.5,4.0,3.0,5.0,5.0
206,4.0,4.0,4.0,4.333333333333333,4.666666666666667,4.0,3.6666666666666665,3.5,3.0,4.333333333333333
207,3.0,4.333333333333333,3.0,3.0,3.3333333333333335,3.5,3.0,4.0,4.5,3.6666666666666665
208,3.0,5.0,4.0,4.0,3.3333333333333335,3.5,3.6666666666666665,4.0,4.0,3.6666666666666665
209,3.3333333333333335,4.666666666666667,4.0,4.333333333333333,4.666666666666667,3.5,3.6666666666666665,4.0,4.0,4.0
210,4.666666666666667,4.666666666666667,4.333333333333333,4.666666666666667,4.0,4.0,4.0,4.5,4.0,4.333333333333333
211,4.333333333333333,4.0,4.0,3.0,4.333333333333333,3.25,3.6666666666666665,4.5,5.0,3.6666666666666665
212,4.0,4.333333333333333,3.3333333333333335,3.3333333333333335,4.0,3.75,4.0,3.0,3.0,4.0
213,4.333333333333333,4.333333333333333,4.0,4.0,3.6666666666666665,2.75,4.0,3.0,4.5,3.3333333333333335
214,4.666666666666667,4.333333333333333,4.0,4.333333333333333,4.333333333333333,4.5,4.333333333333333,5.0,5.0,4.666666666666667
215,4.0,4.333333333333333,4.666666666666667,4.333333333333333,4.333333333333333,5.0,4.0,4.0,3.5,5.0
216,3.6666666666666665,3.3333333333333335,4.333333333333333,5.0,4.333333333333333,4.25,4.333333333333333,4.5,4.0,4.333333333333333
217,4.0,4.333333333333333,4.0,4.333333333333333,4.333333333333333,3.5,4.0,4.0,4.0,4.0
218,3.6666666666666665,4.0,5.0,3.6666666666666665,4.333333333333333,3.75,3.6666666666666665,4.0,4.5,3.6666666666666665
219,4.333333333333333,4.333333333333333,3.0,4.0,3.0,4.25,3.3333333333333335,1.0,4.0,4.333333333333333
220,4.0,4.0,3.0,3.6666666666666665,3.3333333333333335,3.75,3.0,3.0,3.0,3.6666666666666665
221,3.6666666666666665,4.333333333333333,3.0,3.3333333333333335,4.0,4.0,4.0,3.0,3.0,4.333333333333333
222,3.3333333333333335,3.6666666666666665,3.3333333333333335,3.3333333333333335,4.0,3.75,4.0,3.0,3.0,4.0
223,3.3333333333333335,3.3333333333333335,3.3333333333333335,3.6666666666666665,3.6666666666666665,4.0,3.0,3.0,3.0,4.0
224,4.0,3.0,4.333333333333333,4.0,5.0,4.0,5.0,4.0,5.0,4.333333333333333
225,4.333333333333333,4.0,3.6666666666666665,4.666666666666667,4.666666666666667,4.25,4.666666666666667,4.5,4.0,4.333333333333333
226,4.0,4.333333333333333,4.0,4.333333333333333,5.0,4.0,5.0,4.0,4.5,4.333333333333333
227,4.666666666666667,4.333333333333333,4.0,4.0,4.333333333333333,4.25,4.0,4.5,5.0,4.0
228,3.3333333333333335,3.6666666666666665,3.0,4.0,4.0,4.0,3.6666666666666665,4.0,3.0,4.0
229,3.0,4.0,3.6666666666666665,4.333333333333333,5.0,5.0,4.0,3.0,3.0,5.0
230,4.0,4.0,3.0,3.3333333333333335,4.0,4.25,3.3333333333333335,2.5,3.0,4.333333333333333
231,4.333333333333333,4.666666666666667,4.0,5.0,5.0,4.5,4.333333333333333,4.5,5.0,4.666666666666667
232,4.333333333333333,3.3333333333333335,4.333333333333333,3.0,3.0,4.0,3.6666666666666665,3.5,4.5,4.0
233,2.6666666666666665,2.6666666666666665,2.6666666666666665,3.6666666666666665,2.6666666666666665,2.75,3.0,2.5,3.0,3.0
234,2.6666666666666665,2.6666666666666665,2.6666666666666665,2.6666666666666665,2.6666666666666665,2.75,3.0,2.5,2.5,3.0
235,4.333333333333333,4.0,4.333333333333333,4.333333333333333,4.0,4.5,4.0,4.5,2.5,4.666666666666667
236,3.6666666666666665,4.0,4.333333333333333,4.0,4.666666666666667,3.5,4.333333333333333,4.0,3.5,4.0
237,4.333333333333333,3.3333333333333335,4.0,4.0,4.666666666666667,4.25,3.6666666666666665,3.5,4.5,4.333333333333333
238,4.666666666666667,4.333333333333333,4.0,3.6666666666666665,4.666666666666667,4.5,3.6666666666666665,4.0,3.5,4.666666666666667
239,3.6666666666666665,4.666666666666667,3.0,3.3333333333333335,4.333333333333333,3.5,3.6666666666666665,4.5,4.5,4.0
240,4.0,3.3333333333333335,4.0,4.0,4.333333333333333,3.5,4.0,4.5,3.5,4.0
241,3.0,3.0,2.3333333333333335,2.6666666666666665,2.6666666666666665,2.5,2.6666666666666665,3.0,3.0,2.6666666666666665
242,2.6666666666666665,2.6666666666666665,3.0,3.0,2.6666666666666665,2.75,2.6666666666666665,2.5,2.5,3.0
243,3.0,3.3333333333333335,2.6666666666666665,3.3333333333333335,2.3333333333333335,2.75,2.3333333333333335,2.5,2.5,3.0
244,2.6666666666666665,3.0,2.3333333333333335,2.6666666666666665,2.6666666666666665,3.0,2.6666666666666665,3.5,2.5,3.0
245,2.6666666666666665,3.6666666666666665,3.0,3.6666666666666665,3.0,2.5,3.0,2.5,2.5,3.0
246,2.6666666666666665,2.6666666666666665,2.6666666666666665,3.6666666666666665,3.0,2.5,2.6666666666666665,2.5,2.5,3.0
247,3.0,3.6666666666666665,2.6666666666666665,3.6666666666666665,2.6666666666666665,3.0,2.6666666666666665,3.0,2.5,3.0
248,2.6666666666666665,2.6666666666666665,2.6666666666666665,2.6666666666666665,2.6666666666666665,2.75,3.0,2.5,2.5,3.0
249,2.3333333333333335,3.0,3.0,2.6666666666666665,2.6666666666666665,3.0,3.3333333333333335,3.5,2.5,3.0
250,2.0,3.0,3.3333333333333335,3.6666666666666665,2.6666666666666665,2.75,3.6666666666666665,4.0,3.0,3.0
251,2.6666666666666665,3.0,2.3333333333333335,2.6666666666666665,2.6666666666666665,2.5,2.6666666666666665,2.5,3.0,3.0
252,1.6666666666666667,2.6666666666666665,3.0,3.0,3.0,3.0,2.6666666666666665,3.0,2.5,3.0
253,3.6666666666666665,3.6666666666666665,3.6666666666666665,4.333333333333333,4.666666666666667,4.25,4.0,4.0,4.5,4.666666666666667
254,2.6666666666666665,3.0,2.6666666666666665,2.6666666666666665,2.6666666666666665,2.75,2.6666666666666665,3.0,2.5,3.0
255,2.0,2.6666666666666665,2.3333333333333335,3.3333333333333335,2.6666666666666665,2.75,3.0,2.5,2.5,3.0
256,4.0,3.6666666666666665,3.6666666666666665,4.333333333333333,3.6666666666666665,4.5,3.3333333333333335,5.0,4.0,4.0
257,4.0,4.666666666666667,3.3333333333333335,4.666666666666667,4.0,3.25,3.6666666666666665,3.5,3.5,4.0
258,4.666666666666667,3.3333333333333335,3.3333333333333335,3.0,3.6666666666666665,3.75,3.0,3.5,4.0,4.0
259,3.3333333333333335,3.6666666666666665,3.6666666666666665,4.666666666666667,3.6666666666666665,4.5,3.3333333333333335,4.5,4.0,4.0
260,2.6666666666666665,3.3333333333333335,3.6666666666666665,3.3333333333333335,4.333333333333333,3.75,3.3333333333333335,4.0,3.0,4.0
261,4.333333333333333,5.0,3.6666666666666665,4.333333333333333,5.0,4.75,4.0,5.0,4.5,5.0
262,4.0,4.666666666666667,4.333333333333333,4.666666666666667,4.666666666666667,3.5,4.666666666666667,4.5,3.0,4.0
263,2.6666666666666665,2.6666666666666665,2.6666666666666665,2.6666666666666665,2.6666666666666665,3.0,2.6666666666666665,2.5,2.5,3.0
264,4.333333333333333,4.333333333333333,4.0,4.666666666666667,4.666666666666667,4.0,4.0,3.5,3.5,4.333333333333333
265,3.0,3.3333333333333335,2.6666666666666665,3.6666666666666665,3.0,2.75,3.3333333333333335,3.0,3.0,3.0
266,2.6666666666666665,4.333333333333333,3.6666666666666665,4.0,3.3333333333333335,4.0,3.6666666666666665,4.5,4.5,4.0
267,4.0,4.0,4.333333333333333,4.0,5.0,4.0,4.0,3.5,4.0,4.333333333333333
268,3.6666666666666665,4.0,3.6666666666666665,3.6666666666666665,4.333333333333333,3.75,3.6666666666666665,5.0,3.5,4.0
269,2.6666666666666665,3.3333333333333335,3.0,3.3333333333333335,3.6666666666666665,2.5,3.6666666666666665,3.0,2.5,3.0
270,3.0,3.6666666666666665,3.3333333333333335,3.0,3.3333333333333335,3.25,3.6666666666666665,3.0,3.0,3.3333333333333335
271,3.6666666666666665,4.0,3.3333333333333335,4.0,3.6666666666666665,3.25,3.6666666666666665,4.0,3.5,3.6666666666666665
272,4.0,4.333333333333333,4.333333333333333,5.0,4.333333333333333,4.75,4.666666666666667,4.5,3.5,5.0
273,4.333333333333333,4.0,4.0,3.6666666666666665,4.0,5.0,4.333333333333333,5.0,4.0,5.0
274,4.0,4.0,4.333333333333333,5.0,4.0,4.0,4.0,4.0,4.0,4.0
275,4.666666666666667,5.0,5.0,5.0,5.0,5.0,5.0,5.0,5.0,5.0
276,4.0,5.0,4.333333333333333,4.666666666666667,4.666666666666667,4.75,4.333333333333333,4.0,3.5,5.0
277,4.0,4.0,4.333333333333333,5.0,4.666666666666667,4.5,5.0,4.5,4.0,5.0
278,4.0,4.666666666666667,4.333333333333333,4.666666666666667,4.333333333333333,4.75,4.666666666666667,4.5,4.5,5.0
279,3.6666666666666665,4.0,4.0,4.666666666666667,3.0,4.75,3.6666666666666665,5.0,5.0,4.0
280,3.6666666666666665,4.0,4.333333333333333,4.666666666666667,4.0,4.25,4.333333333333333,5.0,4.0,4.333333333333333
281,4.333333333333333,5.0,5.0,5.0,4.333333333333333,5.0,4.0,4.0,5.0,5.0
282,3.3333333333333335,4.0,4.0,4.0,4.0,4.0,4.0,4.0,4.0,4.0
283,4.0,5.0,4.0,5.0,4.0,4.0,4.0,5.0,4.0,4.0
284,5.0,4.333333333333333,4.0,5.0,4.0,4.0,4.333333333333333,4.0,4.0,4.0
285,5.0,4.333333333333333,4.333333333333333,4.333333333333333,4.333333333333333,4.0,4.0,4.0,4.0,4.0
286,4.0,4.666666666666667,3.6666666666666665,4.0,3.0,3.0,3.6666666666666665,4.0,4.0,3.0
287,4.0,4.666666666666667,3.6666666666666665,4.333333333333333,4.0,4.5,4.666666666666667,5.0,4.0,4.333333333333333
288,3.0,3.0,3.6666666666666665,3.0,3.6666666666666665,3.5,4.0,4.0,4.5,4.0
289,4.0,4.666666666666667,3.3333333333333335,4.0,3.0,4.5,4.0,3.5,4.0,4.0
290,4.0,5.0,5.0,4.666666666666667,5.0,5.0,5.0,5.0,5.0,5.0
291,4.0,4.333333333333333,4.333333333333333,4.666666666666667,4.666666666666667,4.75,4.666666666666667,4.5,4.0,5.0
292,4.0,4.666666666666667,4.333333333333333,4.666666666666667,3.3333333333333335,5.0,4.0,5.0,5.0,4.666666666666667
293,4.0,4.333333333333333,3.6666666666666665,4.666666666666667,4.666666666666667,4.5,4.666666666666667,4.5,4.5,5.0
294,3.6666666666666665,5.0,4.666666666666667,4.333333333333333,4.666666666666667,5.0,4.666666666666667,4.0,5.0,5.0
295,4.0,4.0,4.0,4.0,4.333333333333333,4.25,4.666666666666667,5.0,4.0,4.333333333333333
296,4.0,4.0,4.0,4.0,4.0,4.0,4.333333333333333,4.5,4.0,4.0
297,4.0,4.0,4.0,4.0,4.0,4.0,4.0,4.0,4.0,4.0
298,3.0,3.6666666666666665,4.0,3.0,4.0,4.0,4.0,4.0,4.0,4.0
299,3.0,4.0,4.0,4.0,4.0,4.0,5.0,5.0,4.0,4.0
300,3.6666666666666665,4.333333333333333,4.666666666666667,5.0,3.0,5.0,3.3333333333333335,4.0,5.0,4.666666666666667
301,4.0,4.333333333333333,5.0,4.333333333333333,5.0,5.0,5.0,5.0,4.0,5.0
302,3.0,4.0,3.3333333333333335,3.0,3.0,4.0,3.3333333333333335,3.0,5.0,4.0
303,3.0,3.0,3.0,4.0,3.0,3.0,3.0,3.0,3.5,3.0
304,2.6666666666666665,2.0,2.6666666666666665,2.0,3.0,4.0,4.0,3.0,3.0,4.0
305,3.0,3.0,3.0,3.0,3.0,3.0,4.0,4.0,3.0,3.0
306,3.0,3.0,3.3333333333333335,3.0,4.0,3.0,4.0,3.0,3.5,3.3333333333333335
307,3.0,3.0,3.0,3.0,3.0,3.0,3.0,3.0,3.0,3.0
308,3.0,3.0,3.0,3.0,3.0,3.0,3.0,3.0,3.0,3.0
309,3.0,3.0,3.0,3.0,4.0,3.75,4.0,3.0,3.0,4.0
310,3.0,4.0,3.3333333333333335,3.3333333333333335,4.0,3.0,3.6666666666666665,4.0,3.0,3.3333333333333335
311,3.0,3.0,4.0,2.6666666666666665,4.0,4.0,4.0,3.0,3.0,4.0
312,3.3333333333333335,3.6666666666666665,3.6666666666666665,3.3333333333333335,3.3333333333333335,3.25,3.3333333333333335,3.5,3.0,3.3333333333333335
313,3.0,3.3333333333333335,3.0,3.6666666666666665,3.3333333333333335,3.5,3.3333333333333335,3.5,3.0,3.6666666666666665
314,2.6666666666666665,3.6666666666666665,3.0,3.3333333333333335,3.3333333333333335,3.0,4.0,3.5,3.0,3.0
315,4.333333333333333,4.333333333333333,3.3333333333333335,4.333333333333333,4.0,4.0,3.6666666666666665,4.0,4.5,4.333333333333333
316,3.3333333333333335,3.6666666666666665,3.3333333333333335,3.3333333333333335,3.3333333333333335,3.5,3.3333333333333335,3.5,3.0,3.3333333333333335
317,2.6666666666666665,2.6666666666666665,3.3333333333333335,3.6666666666666665,2.3333333333333335,3.25,3.3333333333333335,3.0,3.0,3.0
318,3.6666666666666665,3.3333333333333335,3.3333333333333335,3.3333333333333335,3.6666666666666665,3.25,3.6666666666666665,3.5,3.5,3.6666666666666665
319,3.3333333333333335,3.3333333333333335,3.0,3.6666666666666665,2.6666666666666665,3.0,2.6666666666666665,3.5,3.0,3.0
320,2.6666666666666665,2.6666666666666665,2.6666666666666665,3.0,3.0,2.75,3.3333333333333335,2.5,3.0,3.0
321,3.6666666666666665,3.6666666666666665,4.0,3.3333333333333335,3.6666666666666665,3.5,3.6666666666666665,4.0,3.0,4.0
322,3.3333333333333335,3.3333333333333335,3.3333333333333335,3.3333333333333335,4.0,3.5,3.6666666666666665,3.5,3.5,4.0
323,3.3333333333333335,4.333333333333333,4.0,3.6666666666666665,3.6666666666666665,4.0,3.6666666666666665,3.5,4.0,4.0
324,2.6666666666666665,2.6666666666666665,3.3333333333333335,3.0,2.6666666666666665,3.0,2.6666666666666665,3.5,3.0,3.0
325,3.0,3.0,3.0,3.0,3.0,3.0,3.0,3.0,3.0,3.0
326,3.3333333333333335,4.0,3.3333333333333335,3.3333333333333335,4.0,3.5,3.6666666666666665,3.5,3.0,4.0
327,3.6666666666666665,3.6666666666666665,3.3333333333333335,3.6666666666666665,3.6666666666666665,3.5,3.6666666666666665,3.0,3.0,4.0
328,4.0,3.6666666666666665,4.0,4.333333333333333,4.0,3.75,4.0,3.5,3.5,4.0
329,2.6666666666666665,3.6666666666666665,3.3333333333333335,2.6666666666666665,3.3333333333333335,3.0,2.6666666666666665,3.5,3.5,3.0
330,3.3333333333333335,3.0,3.3333333333333335,3.3333333333333335,3.3333333333333335,2.75,3.3333333333333335,2.5,2.5,3.0
331,4.333333333333333,4.333333333333333,3.0,3.6666666666666665,4.0,3.5,3.6666666666666665,3.0,3.0,4.0
332,3.0,3.0,3.0,3.0,3.0,3.0,3.0,3.0,3.0,3.0
333,2.3333333333333335,1.6666666666666667,2.0,2.6666666666666665,2.6666666666666665,2.25,2.3333333333333335,2.0,2.0,2.6666666666666665
334,2.3333333333333335,2.0,1.6666666666666667,1.6666666666666667,2.3333333333333335,1.75,1.6666666666666667,2.0,2.5,2.0
335,2.3333333333333335,2.3333333333333335,1.6666666666666667,1.6666666666666667,1.6666666666666667,1.75,2.0,2.5,2.5,2.0
336,2.0,2.0,1.6666666666666667,2.3333333333333335,2.0,1.5,1.6666666666666667,2.0,2.0,2.0
337,1.3333333333333333,2.6666666666666665,2.6666666666666665,2.6666666666666665,2.3333333333333335,1.75,1.6666666666666667,2.0,1.5,2.0
338,1.6666666666666667,2.0,2.0,2.0,2.0,2.0,2.0,2.5,2.5,2.0
339,1.3333333333333333,1.6666666666666667,2.3333333333333335,2.0,2.0,2.0,1.6666666666666667,2.0,2.0,2.0
340,2.6666666666666665,2.6666666666666665,2.6666666666666665,2.3333333333333335,2.3333333333333335,2.75,2.6666666666666665,2.5,3.0,3.0
341,2.3333333333333335,2.6666666666666665,1.6666666666666667,1.6666666666666667,1.6666666666666667,1.75,1.6666666666666667,1.5,1.5,2.0
342,2.0,2.6666666666666665,2.0,2.0,2.0,2.0,1.6666666666666667,1.5,2.5,2.0
343,2.6666666666666665,2.3333333333333335,2.3333333333333335,2.6666666666666665,2.6666666666666665,2.25,2.3333333333333335,2.5,3.0,2.0
344,2.3333333333333335,2.3333333333333335,1.6666666666666667,2.6666666666666665,2.3333333333333335,1.75,1.6666666666666667,1.5,1.5,2.0
345,2.0,2.0,2.0,2.0,2.0,2.0,2.0,2.0,2.0,2.0
346,2.3333333333333335,2.0,2.3333333333333335,2.3333333333333335,2.6666666666666665,2.5,3.0,3.0,2.5,3.0
347,1.6666666666666667,1.6666666666666667,1.6666666666666667,1.6666666666666667,2.3333333333333335,1.75,2.0,2.0,2.0,2.0
348,2.0,2.0,2.0,2.3333333333333335,2.0,2.25,2.0,2.5,2.5,2.0
349,2.0,1.6666666666666667,1.3333333333333333,1.6666666666666667,1.6666666666666667,1.5,1.6666666666666667,1.5,2.0,1.6666666666666667
350,2.0,2.0,2.3333333333333335,2.3333333333333335,2.3333333333333335,1.75,1.6666666666666667,2.0,2.0,2.0
351,1.6666666666666667,1.6666666666666667,2.0,2.0,2.0,2.0,2.0,1.5,2.0,2.0
352,1.6666666666666667,2.0,1.6666666666666667,2.3333333333333335,2.3333333333333335,1.75,2.3333333333333335,2.0,2.0,2.0
353,1.6666666666666667,1.6666666666666667,1.3333333333333333,2.0,1.6666666666666667,2.25,1.6666666666666667,1.5,2.0,2.0
354,3.0,3.0,3.6666666666666665,4.333333333333333,5.0,3.25,4.333333333333333,5.0,3.0,3.6666666666666665
355,4.0,4.333333333333333,4.333333333333333,4.0,4.0,3.25,3.0,3.5,2.0,3.3333333333333335
356,3.3333333333333335,3.0,3.3333333333333335,2.0,4.0,3.0,2.3333333333333335,3.0,2.5,3.6666666666666665
357,3.0,3.6666666666666665,3.6666666666666665,4.0,3.3333333333333335,3.0,3.6666666666666665,5.0,3.5,3.3333333333333335
358,2.3333333333333335,3.6666666666666665,3.6666666666666665,2.3333333333333335,3.3333333333333335,3.25,1.6666666666666667,1.0,1.5,3.3333333333333335
359,3.6666666666666665,3.3333333333333335,2.6666666666666665,4.0,4.0,3.75,3.6666666666666665,4.0,2.0,4.333333333333333
360,3.6666666666666665,4.0,5.0,5.0,4.0,3.5,5.0,5.0,5.0,4.0
361,4.0,4.0,4.0,3.6666666666666665,4.333333333333333,3.75,3.3333333333333335,2.5,1.5,4.0
362,3.6666666666666665,2.3333333333333335,3.3333333333333335,3.0,3.6666666666666665,3.5,3.0,4.5,1.0,3.6666666666666665
363,3.6666666666666665,4.0,5.0,5.0,4.333333333333333,4.75,3.6666666666666665,3.0,4.0,4.666666666666667
364,5.0,5.0,5.0,5.0,5.0,5.0,5.0,5.0,5.0,5.0
365,2.6666666666666665,3.3333333333333335,2.6666666666666665,3.6666666666666665,4.0,4.5,4.0,3.0,3.0,4.333333333333333
366,3.0,3.0,3.0,3.6666666666666665,3.6666666666666665,3.5,4.333333333333333,4.0,3.0,3.6666666666666665
367,3.6666666666666665,3.3333333333333335,4.333333333333333,3.0,3.6666666666666665,3.5,3.0,4.0,2.5,3.6666666666666665
368,4.666666666666667,3.6666666666666665,2.6666666666666665,4.0,4.0,3.75,4.333333333333333,3.5,4.0,4.0
369,2.3333333333333335,2.6666666666666665,3.0,3.6666666666666665,3.3333333333333335,3.25,3.0,2.0,3.5,3.3333333333333335
370,4.666666666666667,4.666666666666667,4.0,3.6666666666666665,4.0,3.0,4.333333333333333,2.5,3.0,3.6666666666666665
371,3.0,4.0,4.333333333333333,4.333333333333333,3.6666666666666665,5.0,4.666666666666667,5.0,4.5,5.0
372,3.6666666666666665,4.0,3.6666666666666665,3.0,3.6666666666666665,3.25,2.0,1.0,3.5,3.3333333333333335
373,4.333333333333333,4.333333333333333,4.333333333333333,3.6666666666666665,4.0,2.75,3.3333333333333335,3.0,4.0,3.0
374,3.0,3.0,3.0,3.0,3.0,3.0,3.0,3.0,3.0,3.0
375,4.333333333333333,3.6666666666666665,4.333333333333333,3.6666666666666665,3.0,3.25,3.3333333333333335,2.5,4.0,3.6666666666666665
376,3.3333333333333335,3.6666666666666665,4.333333333333333,4.0,4.666666666666667,4.5,3.6666666666666665,4.0,4.5,4.666666666666667
377,3.3333333333333335,3.0,3.6666666666666665,3.3333333333333335,4.666666666666667,3.0,4.0,2.0,3.0,3.3333333333333335
378,3.3333333333333335,4.666666666666667,4.666666666666667,4.0,3.3333333333333335,3.5,3.6666666666666665,5.0,3.5,4.0
379,3.6666666666666665,4.0,3.3333333333333335,3.6666666666666665,3.6666666666666665,4.0,3.6666666666666665,4.0,3.5,4.0
380,3.6666666666666665,4.333333333333333,4.333333333333333,4.666666666666667,4.666666666666667,3.75,4.666666666666667,4.0,4.0,4.333333333333333
381,5.0,4.333333333333333,4.333333333333333,4.666666666666667,4.333333333333333,4.75,4.333333333333333,4.5,4.5,5.0
382,4.666666666666667,4.666666666666667,4.666666666666667,4.666666666666667,4.666666666666667,4.25,4.666666666666667,4.5,5.0,4.333333333333333
383,4.333333333333333,4.666666666666667,4.333333333333333,4.0,5.0,4.0,4.333333333333333,4.5,5.0,4.666666666666667
384,2.6666666666666665,3.6666666666666665,4.333333333333333,4.333333333333333,4.0,3.25,4.0,3.5,4.5,4.0
385,3.0,3.0,4.0,4.333333333333333,3.6666666666666665,3.75,3.6666666666666665,3.0,4.0,4.0
386,3.0,4.0,4.666666666666667,3.3333333333333335,4.0,4.0,4.333333333333333,2.5,3.5,4.0
387,4.333333333333333,4.333333333333333,4.333333333333333,4.666666666666667,5.0,4.0,4.333333333333333,4.5,4.0,4.666666666666667
388,4.666666666666667,4.666666666666667,4.0,5.0,4.666666666666667,4.0,4.666666666666667,4.0,5.0,4.333333333333333
389,4.0,4.666666666666667,4.333333333333333,4.333333333333333,4.666666666666667,4.0,4.333333333333333,5.0,4.0,4.0
390,3.0,4.333333333333333,3.6666666666666665,5.0,4.666666666666667,5.0,4.333333333333333,3.5,3.0,5.0
391,2.6666666666666665,3.6666666666666665,4.333333333333333,3.6666666666666665,4.666666666666667,4.75,3.3333333333333335,4.0,5.0,5.0
392,3.3333333333333335,4.666666666666667,4.333333333333333,4.0,3.3333333333333335,3.25,4.333333333333333,1.0,2.0,3.3333333333333335
393,3.6666666666666665,4.0,4.0,3.6666666666666665,3.6666666666666665,4.0,4.666666666666667,2.0,4.0,4.333333333333333
394,3.3333333333333335,4.333333333333333,4.0,3.6666666666666665,3.6666666666666665,3.5,4.666666666666667,1.0,3.5,3.3333333333333335
395,2.3333333333333335,3.3333333333333335,3.6666666666666665,3.3333333333333335,2.0,3.25,4.0,1.0,3.0,3.3333333333333335
396,2.3333333333333335,3.3333333333333335,4.0,3.6666666666666665,3.0,3.0,4.333333333333333,1.0,3.0,3.3333333333333335
397,3.0,4.333333333333333,4.0,3.3333333333333335,3.6666666666666665,3.75,4.333333333333333,2.5,4.0,3.6666666666666665
398,3.0,4.666666666666667,4.0,3.6666666666666665,3.6666666666666665,4.75,4.666666666666667,2.5,4.5,4.333333333333333
399,3.6666666666666665,4.333333333333333,3.6666666666666665,3.3333333333333335,3.3333333333333335,3.0,4.666666666666667,2.0,3.5,3.3333333333333335
400,4.0,4.666666666666667,5.0,4.0,4.333333333333333,4.0,4.666666666666667,5.0,4.5,4.333333333333333
401,3.6666666666666665,4.0,4.666666666666667,4.333333333333333,4.333333333333333,4.0,4.333333333333333,4.5,4.5,4.0
402,4.0,3.6666666666666665,4.0,4.333333333333333,4.333333333333333,4.0,4.0,2.5,3.0,4.333333333333333
403,3.0,3.3333333333333335,2.6666666666666665,3.3333333333333335,3.0,3.0,3.3333333333333335,3.0,3.0,3.0
404,4.0,4.0,3.6666666666666665,4.0,3.3333333333333335,3.25,3.0,4.0,5.0,3.3333333333333335
405,4.0,4.0,4.0,4.0,4.0,3.75,4.0,3.5,4.0,4.0
406,3.6666666666666665,4.0,4.0,4.0,4.0,3.75,3.6666666666666665,3.5,4.0,4.0
407,4.333333333333333,4.666666666666667,4.0,5.0,4.333333333333333,3.75,3.3333333333333335,3.5,3.5,4.0
408,2.0,2.0,3.0,3.0,3.0,3.0,3.0,3.0,4.0,3.0
409,4.333333333333333,5.0,5.0,5.0,5.0,5.0,5.0,5.0,5.0,5.0
410,4.333333333333333,5.0,5.0,5.0,5.0,4.5,4.333333333333333,3.0,5.0,5.0
411,3.6666666666666665,3.3333333333333335,3.3333333333333335,4.0,3.0,3.0,3.3333333333333335,3.5,4.0,3.3333333333333335
412,4.0,4.0,4.333333333333333,3.6666666666666665,4.333333333333333,3.5,3.6666666666666665,3.5,3.5,4.0
413,4.0,4.0,4.0,4.0,4.0,4.0,4.0,4.0,4.0,4.0
414,3.3333333333333335,3.6666666666666665,4.333333333333333,4.333333333333333,4.666666666666667,3.25,3.3333333333333335,2.0,4.0,3.6666666666666665
415,4.0,4.0,4.0,4.0,4.0,4.0,4.0,4.0,4.0,4.0
416,3.6666666666666665,3.6666666666666665,4.666666666666667,5.0,4.0,3.25,3.6666666666666665,3.0,4.0,4.0
417,3.6666666666666665,4.0,5.0,4.666666666666667,4.666666666666667,3.75,4.333333333333333,5.0,2.5,4.0
418,4.0,5.0,4.333333333333333,4.333333333333333,4.0,4.25,4.0,4.0,4.0,4.0
419,4.333333333333333,4.333333333333333,5.0,5.0,4.666666666666667,4.0,4.333333333333333,3.5,4.0,4.333333333333333
420,4.333333333333333,4.333333333333333,5.0,5.0,4.666666666666667,4.0,4.333333333333333,4.5,5.0,4.333333333333333
421,3.3333333333333335,3.6666666666666665,4.333333333333333,3.6666666666666665,4.0,3.25,3.6666666666666665,3.5,4.0,3.6666666666666665
422,4.333333333333333,4.0,4.0,4.0,4.0,4.0,4.0,4.0,4.0,4.0
423,4.666666666666667,4.333333333333333,4.666666666666667,4.333333333333333,5.0,4.25,4.666666666666667,3.5,4.0,4.666666666666667
424,3.6666666666666665,4.0,4.0,4.333333333333333,4.333333333333333,4.0,3.6666666666666665,3.5,4.0,4.0
425,3.6666666666666665,3.3333333333333335,4.0,3.3333333333333335,4.0,3.5,3.3333333333333335,3.0,4.0,4.0
426,4.333333333333333,4.666666666666667,4.666666666666667,5.0,5.0,3.0,4.666666666666667,1.0,4.0,3.6666666666666665
427,4.0,4.333333333333333,3.0,4.0,3.3333333333333335,4.0,4.0,3.5,4.0,4.0
428,3.6666666666666665,3.0,4.0,4.333333333333333,3.3333333333333335,3.75,3.3333333333333335,3.5,3.5,4.0
429,4.333333333333333,4.666666666666667,5.0,4.666666666666667,5.0,3.75,4.333333333333333,2.0,3.5,4.0
430,4.0,4.333333333333333,4.333333333333333,4.0,3.3333333333333335,3.5,3.3333333333333335,3.5,3.5,4.0
431,4.666666666666667,4.0,4.0,4.0,3.6666666666666665,2.5,3.6666666666666665,3.0,4.0,3.0
432,3.0,3.0,3.0,3.0,3.0,3.0,3.0,3.0,3.0,3.0
433,4.0,4.0,4.0,4.0,3.6666666666666665,2.75,3.6666666666666665,3.0,4.0,3.0
434,4.0,4.0,5.0,5.0,4.666666666666667,3.5,4.333333333333333,4.0,4.0,4.0
435,4.333333333333333,4.333333333333333,5.0,5.0,4.666666666666667,4.5,4.666666666666667,5.0,5.0,5.0
436,5.0,4.0,5.0,5.0,4.333333333333333,3.25,4.0,4.0,4.0,4.0
437,5.0,4.0,4.0,4.0,3.6666666666666665,3.0,3.6666666666666665,3.0,4.0,3.0
438,3.3333333333333335,5.0,3.6666666666666665,4.0,3.6666666666666665,3.0,4.0,4.0,4.0,3.3333333333333335
439,5.0,4.0,4.0,4.0,3.3333333333333335,3.0,3.6666666666666665,2.5,4.0,3.0
440,4.333333333333333,4.0,4.0,4.0,3.6666666666666665,3.25,3.6666666666666665,4.0,4.0,3.6666666666666665
441,4.0,4.0,4.0,4.0,3.3333333333333335,2.5,4.0,3.5,4.0,3.0
442,4.0,4.0,4.0,4.0,3.6666666666666665,2.75,3.6666666666666665,3.0,4.0,3.0
443,3.6666666666666665,3.3333333333333335,3.0,4.0,3.3333333333333335,3.25,4.0,3.0,4.0,3.3333333333333335
444,3.3333333333333335,3.3333333333333335,4.0,4.0,3.3333333333333335,3.75,3.6666666666666665,5.0,4.0,4.0
445,3.6666666666666665,4.0,4.0,4.0,3.6666666666666665,2.75,3.6666666666666665,3.5,4.0,3.3333333333333335
446,3.6666666666666665,4.0,4.0,4.0,3.6666666666666665,3.0,4.0,3.5,4.0,3.6666666666666665
447,4.0,4.0,4.0,4.0,3.6666666666666665,3.0,4.0,3.5,4.0,3.3333333333333335
448,3.6666666666666665,4.0,4.0,4.0,4.0,3.25,4.0,4.0,4.0,3.3333333333333335
449,4.0,4.0,3.6666666666666665,4.0,3.6666666666666665,3.0,4.0,3.5,4.0,3.3333333333333335
450,4.0,4.0,4.0,4.0,3.6666666666666665,3.0,4.0,3.0,4.0,3.6666666666666665
451,5.0,4.333333333333333,4.0,4.0,3.6666666666666665,2.75,4.0,3.0,4.0,3.6666666666666665
452,3.6666666666666665,3.6666666666666665,4.0,5.0,3.6666666666666665,3.0,4.333333333333333,2.5,4.0,5.0
453,3.0,3.3333333333333335,3.6666666666666665,4.666666666666667,3.6666666666666665,3.25,3.6666666666666665,2.5,4.0,4.0
454,3.6666666666666665,4.333333333333333,5.0,4.666666666666667,4.666666666666667,4.75,4.333333333333333,4.0,4.5,3.6666666666666665
455,3.6666666666666665,3.6666666666666665,4.0,4.333333333333333,3.3333333333333335,4.0,4.333333333333333,3.0,5.0,4.333333333333333
456,4.0,2.3333333333333335,4.0,4.333333333333333,3.3333333333333335,3.5,4.333333333333333,3.0,3.5,3.0
457,4.0,3.6666666666666665,4.666666666666667,5.0,4.333333333333333,4.0,4.0,3.0,4.0,2.6666666666666665
458,3.3333333333333335,3.3333333333333335,3.0,4.333333333333333,3.3333333333333335,3.0,3.3333333333333335,2.5,3.0,4.333333333333333
459,2.6666666666666665,4.0,2.6666666666666665,4.0,2.6666666666666665,2.75,3.6666666666666665,3.0,2.5,4.0
460,4.666666666666667,5.0,5.0,5.0,4.333333333333333,3.75,4.666666666666667,3.0,4.5,4.0
461,3.6666666666666665,3.3333333333333335,3.0,4.666666666666667,3.3333333333333335,4.0,3.3333333333333335,3.0,3.5,3.0
462,4.0,4.0,4.333333333333333,5.0,4.0,3.75,3.6666666666666665,4.0,5.0,3.0
463,2.6666666666666665,3.6666666666666665,2.6666666666666665,4.0,3.3333333333333335,2.75,3.6666666666666665,3.0,3.5,2.0
464,2.3333333333333335,3.0,2.3333333333333335,4.0,2.6666666666666665,2.5,3.3333333333333335,3.0,2.5,3.6666666666666665
465,1.6666666666666667,2.3333333333333335,1.6666666666666667,3.0,2.3333333333333335,2.0,3.0,2.5,3.5,4.0
466,2.6666666666666665,4.333333333333333,3.3333333333333335,4.333333333333333,3.3333333333333335,3.25,4.333333333333333,3.5,4.0,3.0
467,2.6666666666666665,4.333333333333333,3.0,5.0,3.6666666666666665,3.5,3.6666666666666665,3.0,4.0,4.0
468,3.0,4.0,3.6666666666666665,4.0,3.0,3.0,3.3333333333333335,3.5,3.0,4.0
469,4.666666666666667,5.0,4.666666666666667,5.0,4.666666666666667,3.75,4.333333333333333,4.0,5.0,3.3333333333333335
470,3.3333333333333335,4.0,4.333333333333333,5.0,4.0,3.5,3.6666666666666665,3.5,3.0,3.3333333333333335
471,3.3333333333333335,3.0,3.6666666666666665,4.333333333333333,3.6666666666666665,2.75,3.6666666666666665,3.0,3.0,4.0
472,3.3333333333333335,3.3333333333333335,4.0,4.0,3.3333333333333335,3.25,3.6666666666666665,3.5,4.0,4.0
473,3.6666666666666665,4.0,4.0,4.0,4.0,4.0,4.0,4.0,4.0,4.0
474,2.6666666666666665,4.333333333333333,4.666666666666667,4.0,4.0,4.0,3.6666666666666665,3.0,3.5,3.3333333333333335
475,5.0,4.333333333333333,4.0,4.0,4.333333333333333,3.75,3.6666666666666665,3.0,4.0,4.0
476,3.3333333333333335,3.3333333333333335,4.0,2.6666666666666665,3.3333333333333335,3.5,2.6666666666666665,2.0,3.0,4.0
477,3.6666666666666665,5.0,5.0,5.0,4.0,4.25,4.0,4.5,5.0,4.0
478,4.0,4.0,4.333333333333333,4.333333333333333,4.333333333333333,3.75,4.333333333333333,4.0,4.0,5.0
479,3.6666666666666665,3.3333333333333335,5.0,4.333333333333333,5.0,4.0,3.3333333333333335,2.5,3.5,4.0
480,4.0,4.666666666666667,5.0,4.333333333333333,5.0,4.5,4.0,4.0,5.0,5.0
481,3.6666666666666665,4.333333333333333,4.0,4.333333333333333,3.3333333333333335,3.75,3.6666666666666665,3.5,3.5,4.0
482,4.333333333333333,4.666666666666667,5.0,5.0,5.0,5.0,5.0,5.0,5.0,5.0
483,3.0,3.3333333333333335,3.6666666666666665,3.3333333333333335,4.0,4.0,3.6666666666666665,4.0,4.0,4.0
484,4.333333333333333,4.333333333333333,5.0,4.666666666666667,5.0,5.0,4.333333333333333,5.0,5.0,5.0
485,4.0,4.0,4.0,4.0,4.0,4.0,4.0,4.0,4.0,4.0
486,3.6666666666666665,4.666666666666667,5.0,5.0,4.666666666666667,5.0,5.0,4.0,4.0,4.0
487,3.0,3.3333333333333335,4.0,3.3333333333333335,3.6666666666666665,3.75,3.0,3.0,2.5,3.6666666666666665
488,3.6666666666666665,3.3333333333333335,4.0,3.6666666666666665,3.6666666666666665,3.5,4.0,3.0,3.5,4.0
489,3.0,3.6666666666666665,4.333333333333333,3.6666666666666665,4.0,3.5,3.3333333333333335,3.0,3.0,5.0
490,3.6666666666666665,4.0,4.0,3.6666666666666665,3.3333333333333335,3.75,3.3333333333333335,3.5,3.5,4.0
491,5.0,4.333333333333333,5.0,5.0,5.0,5.0,5.0,5.0,5.0,3.0
492,3.3333333333333335,4.0,4.666666666666667,4.333333333333333,4.333333333333333,3.5,3.6666666666666665,3.0,3.5,4.666666666666667
493,3.0,2.3333333333333335,3.6666666666666665,3.6666666666666665,2.6666666666666665,2.5,2.6666666666666665,4.0,3.0,5.0
494,4.333333333333333,5.0,5.0,4.666666666666667,5.0,4.25,4.0,4.0,5.0,5.0
495,4.666666666666667,3.3333333333333335,5.0,4.0,5.0,5.0,5.0,5.0,5.0,3.0
496,4.333333333333333,4.666666666666667,4.666666666666667,4.666666666666667,4.0,4.75,4.333333333333333,4.0,3.5,5.0
497,3.0,3.0,3.0,3.0,3.0,3.0,3.0,3.0,3.0,4.0
498,5.0,5.0,5.0,5.0,5.0,5.0,5.0,5.0,5.0,4.0
499,4.333333333333333,4.666666666666667,5.0,4.333333333333333,4.0,4.0,4.666666666666667,4.0,3.5,1.0
500,3.6666666666666665,3.6666666666666665,4.333333333333333,3.6666666666666665,3.6666666666666665,4.0,3.6666666666666665,2.5,4.0,3.3333333333333335
501,1.0,1.0,1.0,1.0,1.0,1.0,1.0,1.0,1.0,4.666666666666667
502,3.0,2.6666666666666665,3.6666666666666665,3.3333333333333335,2.3333333333333335,3.0,3.6666666666666665,2.5,3.5,3.3333333333333335
503,3.3333333333333335,3.6666666666666665,5.0,5.0,5.0,4.25,4.666666666666667,3.5,4.0,4.666666666666667
504,4.333333333333333,4.333333333333333,5.0,4.333333333333333,3.0,3.0,3.0,4.0,4.0,4.0
505,3.0,3.3333333333333335,5.0,5.0,4.666666666666667,4.75,3.0,3.5,3.5,3.0
506,4.0,4.0,4.0,4.0,4.0,4.0,4.0,4.0,4.0,5.0
507,3.6666666666666665,3.0,4.0,3.0,3.3333333333333335,3.0,2.3333333333333335,2.5,3.0,5.0
508,5.0,3.6666666666666665,4.333333333333333,3.6666666666666665,4.666666666666667,4.75,4.666666666666667,3.5,4.0,4.333333333333333
509,4.666666666666667,4.333333333333333,4.666666666666667,5.0,4.0,4.75,4.666666666666667,4.0,4.5,4.666666666666667
510,5.0,4.333333333333333,5.0,4.0,5.0,4.0,4.333333333333333,5.0,5.0,3.3333333333333335
511,4.333333333333333,4.333333333333333,3.6666666666666665,5.0,4.0,4.5,4.666666666666667,3.5,4.5,4.0
512,2.0,4.0,3.0,3.6666666666666665,2.6666666666666665,3.25,3.6666666666666665,3.5,2.5,3.0
513,3.0,3.6666666666666665,4.0,3.6666666666666665,4.0,3.75,4.0,4.0,4.0,4.0
514,3.6666666666666665,3.3333333333333335,3.3333333333333335,3.6666666666666665,3.3333333333333335,2.25,3.3333333333333335,3.5,2.5,4.333333333333333
515,3.3333333333333335,4.0,4.0,3.3333333333333335,4.0,3.5,3.3333333333333335,3.0,3.5,4.0
516,4.0,3.6666666666666665,5.0,5.0,4.666666666666667,4.0,3.6666666666666665,3.5,4.0,4.0
517,3.6666666666666665,4.0,4.666666666666667,4.333333333333333,5.0,3.25,3.3333333333333335,3.0,3.5,4.666666666666667
518,2.6666666666666665,2.6666666666666665,4.0,3.6666666666666665,3.6666666666666665,3.75,4.0,4.0,4.0,4.333333333333333
519,3.6666666666666665,5.0,5.0,4.333333333333333,5.0,4.25,3.6666666666666665,4.0,5.0,4.0
520,3.0,4.0,5.0,5.0,4.666666666666667,4.25,3.3333333333333335,2.5,3.0,3.0
521,3.6666666666666665,5.0,4.666666666666667,4.666666666666667,4.0,4.0,4.0,4.0,4.0,3.0
522,2.6666666666666665,2.0,1.3333333333333333,3.6666666666666665,2.3333333333333335,3.0,3.0,3.0,3.0,4.0
523,1.0,3.0,3.6666666666666665,3.3333333333333335,3.6666666666666665,2.75,2.6666666666666665,2.0,3.0,3.6666666666666665
524,4.0,4.0,5.0,4.666666666666667,4.333333333333333,3.75,3.3333333333333335,3.0,3.0,4.0
525,2.6666666666666665,3.0,2.6666666666666665,3.6666666666666665,2.6666666666666665,3.5,3.6666666666666665,3.0,3.5,4.333333333333333
526,3.0,3.0,3.3333333333333335,3.6666666666666665,4.0,3.5,3.3333333333333335,3.0,3.0,3.0
527,3.3333333333333335,4.0,5.0,4.0,4.0,4.5,4.0,4.0,3.5,3.0
528,3.6666666666666665,3.3333333333333335,4.333333333333333,3.3333333333333335,3.0,2.75,3.0,2.5,3.0,3.6666666666666665
529,4.333333333333333,4.0,4.0,4.0,3.6666666666666665,3.0,3.0,2.5,3.5,4.0
530,3.6666666666666665,4.333333333333333,3.0,4.333333333333333,4.0,3.0,3.6666666666666665,3.5,4.0,4.666666666666667
531,3.6666666666666665,4.333333333333333,4.0,3.6666666666666665,3.3333333333333335,4.0,4.0,4.0,4.5,4.0
532,4.333333333333333,3.6666666666666665,4.666666666666667,3.6666666666666665,4.333333333333333,4.25,4.333333333333333,4.5,5.0,3.6666666666666665
533,3.6666666666666665,3.3333333333333335,4.666666666666667,3.6666666666666665,4.0,3.5,4.333333333333333,3.0,4.0,3.3333333333333335
534,3.6666666666666665,3.6666666666666665,4.0,3.3333333333333335,3.6666666666666665,3.5,4.0,3.5,3.5,4.0
535,3.3333333333333335,4.333333333333333,3.6666666666666665,3.6666666666666665,3.3333333333333335,3.25,4.333333333333333,4.5,3.0,4.0
536,3.3333333333333335,4.0,4.666666666666667,4.333333333333333,4.666666666666667,3.75,3.6666666666666665,4.5,5.0,4.0
537,3.6666666666666665,3.6666666666666665,4.333333333333333,4.0,3.3333333333333335,4.25,3.3333333333333335,4.0,4.0,4.333333333333333
538,2.3333333333333335,3.6666666666666665,3.6666666666666665,3.6666666666666665,3.6666666666666665,3.75,3.6666666666666665,5.0,5.0,3.6666666666666665
539,2.6666666666666665,4.0,3.6666666666666665,4.333333333333333,4.333333333333333,4.0,4.0,3.0,4.5,4.0
540,3.6666666666666665,3.6666666666666665,3.6666666666666665,3.3333333333333335,3.3333333333333335,3.5,4.0,5.0,5.0,3.6666666666666665
541,2.6666666666666665,4.0,4.666666666666667,4.333333333333333,4.333333333333333,3.75,3.6666666666666665,3.5,5.0,4.0
542,3.6666666666666665,4.0,4.0,3.3333333333333335,3.6666666666666665,3.5,3.6666666666666665,5.0,4.0,3.6666666666666665
543,3.6666666666666665,4.0,4.666666666666667,3.6666666666666665,4.0,3.75,3.6666666666666665,4.0,4.0,5.0
544,3.6666666666666665,3.3333333333333335,3.6666666666666665,4.0,4.0,3.5,3.3333333333333335,3.5,3.0,5.0
545,3.0,4.0,5.0,4.666666666666667,4.333333333333333,5.0,5.0,5.0,5.0,5.0
546,5.0,5.0,5.0,5.0,5.0,5.0,5.0,5.0,5.0,5.0
547,5.0,5.0,5.0,5.0,5.0,5.0,5.0,5.0,5.0,5.0
548,5.0,5.0,5.0,5.0,5.0,5.0,5.0,5.0,5.0,5.0
549,5.0,5.0,5.0,5.0,5.0,5.0,5.0,5.0,5.0,5.0
550,5.0,5.0,5.0,5.0,5.0,5.0,5.0,5.0,5.0,4.0
551,5.0,5.0,5.0,5.0,5.0,5.0,5.0,5.0,5.0,3.3333333333333335
552,4.0,1.6666666666666667,3.0,4.0,2.0,4.0,1.6666666666666667,3.5,3.5,1.0
553,3.3333333333333335,2.6666666666666665,1.6666666666666667,1.3333333333333333,2.6666666666666665,3.0,3.6666666666666665,2.5,1.0,4.0
554,1.0,1.0,1.0,1.0,1.0,1.0,1.0,1.0,1.0,2.6666666666666665
555,4.0,1.6666666666666667,3.0,4.0,2.0,4.0,1.6666666666666667,3.5,3.5,2.6666666666666665
556,1.6666666666666667,2.3333333333333335,1.6666666666666667,1.6666666666666667,1.0,3.25,1.6666666666666667,2.0,1.0,3.0
557,4.0,2.0,2.6666666666666665,3.0,3.0,2.25,2.0,2.5,1.0,3.0
558,3.6666666666666665,1.6666666666666667,1.6666666666666667,2.0,3.0,2.0,2.0,1.5,2.5,3.6666666666666665
559,3.3333333333333335,2.3333333333333335,2.0,1.3333333333333333,2.0,3.75,2.6666666666666665,1.5,2.0,3.6666666666666665
560,3.3333333333333335,1.6666666666666667,1.3333333333333333,3.3333333333333335,4.0,3.0,3.3333333333333335,1.0,2.5,2.0
561,3.3333333333333335,2.0,2.0,4.333333333333333,3.0,3.5,2.0,4.5,2.5,2.6666666666666665
562,3.6666666666666665,1.6666666666666667,2.0,2.0,1.6666666666666667,2.0,1.3333333333333333,1.5,1.5,1.0
563,2.3333333333333335,3.0,1.6666666666666667,2.0,2.0,3.0,1.3333333333333333,1.5,2.5,4.0
564,4.333333333333333,3.0,1.6666666666666667,2.6666666666666665,1.0,1.0,1.0,2.0,1.0,4.0
565,4.0,4.0,4.0,4.0,4.0,4.25,4.0,4.0,4.0,4.0
566,4.0,4.0,4.0,4.0,4.0,4.0,4.0,4.0,4.0,4.0
567,4.0,4.0,3.6666666666666665,4.333333333333333,3.6666666666666665,3.5,3.6666666666666665,4.0,4.0,4.0
568,4.0,3.0,3.6666666666666665,4.333333333333333,4.0,3.75,4.333333333333333,4.0,4.0,4.0
569,4.0,3.6666666666666665,4.0,3.6666666666666665,4.0,3.75,3.3333333333333335,4.0,4.0,4.0
570,3.3333333333333335,3.3333333333333335,4.0,4.0,4.0,3.75,4.0,4.0,4.0,4.0
571,4.0,4.0,4.0,4.0,4.0,4.0,4.0,4.0,4.0,4.0
572,4.0,4.0,4.0,4.0,4.0,4.0,4.0,4.0,4.0,4.0
573,4.0,4.0,4.0,4.0,4.0,4.0,4.333333333333333,4.0,4.0,4.0
574,4.0,4.0,4.0,4.0,4.0,4.0,4.0,4.0,4.0,4.0
575,4.0,4.0,4.0,4.0,4.0,4.0,4.0,4.0,4.0,4.0
576,4.0,4.0,4.0,4.0,4.0,4.0,4.666666666666667,4.0,4.0,3.0
577,4.0,4.0,4.0,4.0,4.0,4.0,4.666666666666667,4.0,4.0,4.0
578,3.0,3.0,3.0,3.0,3.0,3.0,3.0,3.0,3.0,4.0
579,4.0,4.0,4.0,4.0,4.0,4.0,3.3333333333333335,4.0,4.0,4.0
580,4.0,4.0,4.0,4.0,4.0,4.0,3.3333333333333335,4.0,4.0,4.0
581,4.0,4.0,4.0,4.0,4.0,4.0,4.0,4.0,4.0,4.0
582,4.0,4.0,4.0,4.0,4.0,4.0,4.0,4.0,4.0,4.0
583,4.0,4.0,4.0,4.0,4.0,4.0,3.3333333333333335,4.0,4.0,4.0
584,4.0,4.0,4.0,4.0,4.0,4.0,3.3333333333333335,4.0,4.0,4.0
585,4.0,4.0,4.0,4.0,4.0,4.0,4.0,4.0,4.0,3.6666666666666665
586,3.6666666666666665,4.333333333333333,4.0,3.6666666666666665,3.3333333333333335,3.75,3.3333333333333335,5.0,2.5,4.0
587,3.3333333333333335,3.3333333333333335,3.6666666666666665,3.3333333333333335,4.0,3.25,4.0,4.5,3.5,4.0
588,3.3333333333333335,3.0,4.333333333333333,4.0,4.0,3.75,3.0,3.5,3.0,4.0
589,3.6666666666666665,3.0,3.6666666666666665,3.3333333333333335,4.0,3.75,3.3333333333333335,3.5,4.0,3.6666666666666665
590,3.3333333333333335,3.0,3.6666666666666665,3.6666666666666665,4.0,3.5,3.6666666666666665,3.5,3.5,4.0
591,3.3333333333333335,3.6666666666666665,3.6666666666666665,3.0,3.6666666666666665,3.75,3.3333333333333335,3.5,3.0,3.6666666666666665
592,3.6666666666666665,3.6666666666666665,3.0,3.3333333333333335,4.0,4.0,4.0,3.5,3.5,4.0
593,3.3333333333333335,3.3333333333333335,3.3333333333333335,3.3333333333333335,3.3333333333333335,3.75,4.0,3.5,3.5,3.6666666666666665
594,3.0,3.6666666666666665,3.3333333333333335,3.6666666666666665,4.0,4.5,4.0,3.5,3.5,4.666666666666667
595,3.3333333333333335,3.6666666666666665,3.6666666666666665,3.0,3.3333333333333335,3.75,3.6666666666666665,4.0,3.5,4.666666666666667
596,3.6666666666666665,4.0,3.6666666666666665,4.666666666666667,4.0,4.75,4.666666666666667,2.5,5.0,4.333333333333333
597,3.6666666666666665,4.0,4.0,3.3333333333333335,4.333333333333333,4.25,5.0,2.5,5.0,5.0
598,3.0,3.3333333333333335,3.6666666666666665,3.6666666666666665,3.6666666666666665,4.75,5.0,3.5,5.0,5.0
599,3.6666666666666665,4.0,5.0,3.6666666666666665,4.0,5.0,4.333333333333333,3.0,4.0,5.0
600,3.6666666666666665,3.6666666666666665,4.0,3.3333333333333335,5.0,5.0,4.666666666666667,4.0,5.0,5.0
601,3.3333333333333335,3.3333333333333335,3.3333333333333335,4.0,4.333333333333333,5.0,4.666666666666667,2.5,5.0,4.666666666666667
602,2.6666666666666665,3.3333333333333335,3.3333333333333335,3.3333333333333335,4.0,5.0,4.333333333333333,3.0,5.0,5.0
603,3.3333333333333335,3.3333333333333335,3.3333333333333335,4.333333333333333,4.0,4.5,5.0,3.0,3.0,4.0
604,3.0,3.6666666666666665,3.3333333333333335,4.0,4.0,4.75,5.0,3.0,5.0,3.0
605,2.6666666666666665,4.333333333333333,2.3333333333333335,3.3333333333333335,3.3333333333333335,3.75,5.0,1.0,5.0,3.0
606,3.0,3.0,3.0,3.0,3.0,3.0,3.0,3.0,3.0,4.0
607,3.0,3.0,3.0,3.0,3.0,3.0,3.0,3.0,3.0,4.0
608,4.666666666666667,4.333333333333333,4.333333333333333,4.333333333333333,4.333333333333333,3.75,4.0,3.5,4.0,4.0
609,4.333333333333333,4.333333333333333,4.666666666666667,4.333333333333333,3.6666666666666665,3.75,3.3333333333333335,3.0,4.0,4.0
610,4.0,4.666666666666667,4.666666666666667,4.666666666666667,4.333333333333333,4.25,4.333333333333333,4.0,5.0,4.0
611,4.333333333333333,4.666666666666667,4.666666666666667,4.333333333333333,3.6666666666666665,3.75,3.3333333333333335,3.0,4.0,4.0
612,3.6666666666666665,4.333333333333333,4.666666666666667,4.666666666666667,4.333333333333333,4.0,3.6666666666666665,3.5,4.0,4.0
613,4.0,4.0,4.666666666666667,4.333333333333333,4.333333333333333,3.75,4.0,3.5,4.0,4.0
614,3.6666666666666665,4.333333333333333,4.333333333333333,4.333333333333333,3.6666666666666665,3.75,4.0,3.5,3.5,4.0
615,4.333333333333333,4.0,4.666666666666667,4.333333333333333,4.333333333333333,4.0,3.3333333333333335,3.5,4.0,4.666666666666667
616,4.333333333333333,4.666666666666667,4.333333333333333,4.0,4.333333333333333,3.75,4.333333333333333,4.0,4.5,4.0
617,4.333333333333333,4.333333333333333,5.0,4.333333333333333,4.666666666666667,4.25,4.0,4.5,4.5,4.0
618,4.333333333333333,4.333333333333333,4.0,4.666666666666667,4.0,3.75,4.0,3.5,4.5,4.0
619,4.333333333333333,4.666666666666667,4.333333333333333,4.666666666666667,4.333333333333333,3.75,4.666666666666667,4.0,4.0,5.0
620,4.666666666666667,4.333333333333333,4.333333333333333,4.333333333333333,4.0,3.5,4.0,3.5,4.5,5.0
621,3.6666666666666665,2.6666666666666665,5.0,3.0,4.333333333333333,4.75,4.333333333333333,5.0,2.0,4.0
622,4.666666666666667,4.333333333333333,5.0,5.0,5.0,4.75,4.333333333333333,4.5,1.5,4.333333333333333
623,3.3333333333333335,3.6666666666666665,4.333333333333333,4.333333333333333,4.333333333333333,3.5,3.6666666666666665,5.0,4.5,3.0
624,3.6666666666666665,3.6666666666666665,3.6666666666666665,4.666666666666667,4.333333333333333,4.0,5.0,4.0,4.5,3.3333333333333335
625,3.6666666666666665,3.6666666666666665,4.666666666666667,3.6666666666666665,3.6666666666666665,3.25,3.3333333333333335,3.5,4.0,4.0
626,3.3333333333333335,3.6666666666666665,4.333333333333333,4.333333333333333,3.6666666666666665,3.25,3.6666666666666665,3.5,4.0,5.0
627,4.333333333333333,4.666666666666667,3.6666666666666665,4.333333333333333,3.6666666666666665,4.0,4.0,2.5,3.5,4.0
628,4.666666666666667,4.333333333333333,4.666666666666667,4.333333333333333,4.333333333333333,5.0,4.333333333333333,4.5,3.5,4.666666666666667
629,5.0,4.666666666666667,4.0,5.0,3.6666666666666665,3.75,3.3333333333333335,4.0,5.0,4.0
630,4.666666666666667,4.0,5.0,4.333333333333333,4.333333333333333,4.5,4.666666666666667,5.0,4.0,4.666666666666667
631,4.0,4.666666666666667,4.666666666666667,4.0,4.666666666666667,3.25,4.0,5.0,5.0,2.6666666666666665
632,3.6666666666666665,4.666666666666667,3.0,4.666666666666667,4.0,4.75,4.333333333333333,5.0,3.0,4.333333333333333
633,2.6666666666666665,4.333333333333333,3.6666666666666665,3.0,2.6666666666666665,2.5,2.0,3.5,3.0,4.0
634,4.666666666666667,4.333333333333333,4.333333333333333,4.333333333333333,3.6666666666666665,4.5,4.0,5.0,4.5,4.333333333333333
635,3.3333333333333335,3.3333333333333335,4.666666666666667,3.0,4.0,3.5,4.0,4.5,3.5,4.0
636,4.0,3.6666666666666665,3.0,4.666666666666667,3.6666666666666665,4.0,4.0,3.0,2.5,4.0
637,1.6666666666666667,2.6666666666666665,3.0,3.3333333333333335,4.333333333333333,4.0,4.0,4.0,3.5,3.3333333333333335
638,4.333333333333333,3.6666666666666665,4.666666666666667,4.666666666666667,5.0,3.75,4.666666666666667,4.0,4.5,4.0
639,4.0,4.0,4.0,4.666666666666667,3.6666666666666665,2.75,4.0,3.0,4.0,4.0
640,3.3333333333333335,3.0,4.0,4.0,4.333333333333333,3.5,3.3333333333333335,3.5,2.5,5.0
641,4.0,4.666666666666667,3.6666666666666665,3.6666666666666665,4.0,3.25,3.3333333333333335,3.0,4.0,4.0
642,3.0,3.0,3.3333333333333335,3.3333333333333335,4.666666666666667,4.5,4.333333333333333,4.0,3.0,3.0
643,4.666666666666667,4.333333333333333,4.666666666666667,5.0,4.333333333333333,4.25,5.0,3.0,5.0,5.0
644,2.6666666666666665,3.3333333333333335,4.0,4.0,3.0,3.25,3.0,3.5,3.0,4.0
645,4.0,3.6666666666666665,4.666666666666667,3.6666666666666665,4.333333333333333,4.75,4.666666666666667,4.5,4.5,3.3333333333333335
646,3.6666666666666665,4.333333333333333,4.0,4.333333333333333,4.0,3.75,3.6666666666666665,4.0,3.0,4.333333333333333
647,3.0,4.0,4.0,4.0,3.0,3.5,4.0,4.0,4.0,4.0
648,2.3333333333333335,3.6666666666666665,3.3333333333333335,4.0,4.333333333333333,3.75,4.666666666666667,4.5,3.0,4.0
649,4.0,4.0,4.0,4.0,4.333333333333333,4.25,4.0,4.0,4.0,5.0
650,3.3333333333333335,3.3333333333333335,3.6666666666666665,3.6666666666666665,4.0,4.0,4.333333333333333,3.5,3.5,3.0
651,4.0,3.3333333333333335,4.0,3.3333333333333335,4.333333333333333,4.75,3.3333333333333335,3.0,2.5,3.6666666666666665
652,4.0,4.0,3.6666666666666665,4.0,3.0,3.0,4.0,4.0,4.0,3.3333333333333335
653,4.0,4.333333333333333,4.0,4.333333333333333,3.6666666666666665,3.25,4.0,4.0,4.0,4.0
654,3.3333333333333335,3.0,3.6666666666666665,3.3333333333333335,4.0,2.5,2.3333333333333335,3.5,2.5,3.3333333333333335
655,3.3333333333333335,2.3333333333333335,2.3333333333333335,3.6666666666666665,3.6666666666666665,3.5,3.3333333333333335,3.0,2.5,4.333333333333333
656,2.6666666666666665,3.6666666666666665,4.333333333333333,4.333333333333333,3.6666666666666665,3.5,4.0,2.5,3.0,1.0
657,4.0,3.6666666666666665,4.333333333333333,4.333333333333333,3.6666666666666665,4.5,3.6666666666666665,2.5,5.0,4.666666666666667
658,1.0,1.0,1.0,1.0,1.0,1.0,1.0,1.0,1.0,4.0
659,4.666666666666667,3.6666666666666665,4.333333333333333,4.666666666666667,3.3333333333333335,4.75,4.333333333333333,4.0,4.0,3.6666666666666665
660,4.333333333333333,4.0,5.0,4.0,4.0,4.25,4.0,4.0,4.0,4.0
661,3.3333333333333335,2.6666666666666665,4.333333333333333,3.6666666666666665,4.333333333333333,3.0,3.3333333333333335,3.0,3.5,4.0
662,4.0,3.6666666666666665,3.6666666666666665,3.6666666666666665,4.666666666666667,4.0,5.0,4.0,4.5,3.0
663,4.333333333333333,4.666666666666667,4.0,4.0,4.666666666666667,4.0,4.333333333333333,4.5,4.0,4.666666666666667
664,3.0,3.0,3.0,3.0,3.0,3.0,3.0,3.0,3.0,5.0
665,3.6666666666666665,4.666666666666667,4.0,5.0,5.0,4.5,3.3333333333333335,4.5,3.5,4.0
666,4.666666666666667,3.6666666666666665,5.0,4.333333333333333,4.666666666666667,4.5,4.0,4.0,5.0,4.666666666666667
667,3.3333333333333335,4.333333333333333,4.0,5.0,4.666666666666667,3.75,4.333333333333333,5.0,3.0,4.333333333333333
668,4.333333333333333,5.0,5.0,5.0,4.666666666666667,4.25,5.0,4.5,5.0,4.0
669,4.0,4.0,5.0,5.0,4.0,4.25,4.0,2.5,4.0,5.0
670,2.3333333333333335,3.6666666666666665,3.3333333333333335,3.6666666666666665,4.666666666666667,4.25,3.3333333333333335,5.0,4.5,4.333333333333333
671,4.666666666666667,4.333333333333333,4.333333333333333,4.666666666666667,4.666666666666667,4.5,5.0,5.0,4.5,3.3333333333333335
672,4.666666666666667,5.0,5.0,4.0,4.0,3.75,4.666666666666667,4.5,4.0,3.6666666666666665
673,3.6666666666666665,3.6666666666666665,4.333333333333333,4.333333333333333,4.666666666666667,2.75,3.3333333333333335,5.0,5.0,5.0
674,4.0,3.6666666666666665,4.333333333333333,5.0,4.333333333333333,3.5,3.3333333333333335,4.0,3.0,3.6666666666666665
675,5.0,5.0,5.0,5.0,5.0,5.0,5.0,5.0,5.0,5.0
676,4.0,4.666666666666667,5.0,5.0,4.0,3.25,3.0,4.0,4.0,5.0
677,4.333333333333333,4.666666666666667,5.0,4.666666666666667,5.0,5.0,5.0,4.0,5.0,4.0
678,5.0,5.0,5.0,5.0,5.0,5.0,5.0,5.0,5.0,5.0
679,4.0,4.0,4.0,4.0,4.0,4.0,4.0,3.5,5.0,5.0
680,5.0,5.0,5.0,5.0,5.0,5.0,5.0,4.0,5.0,5.0
681,5.0,5.0,5.0,5.0,5.0,5.0,5.0,3.5,5.0,5.0
682,5.0,5.0,5.0,5.0,5.0,5.0,5.0,5.0,5.0,5.0
683,4.333333333333333,5.0,5.0,4.333333333333333,5.0,5.0,4.333333333333333,5.0,5.0,5.0
684,5.0,5.0,5.0,5.0,5.0,5.0,5.0,5.0,5.0,5.0
685,5.0,5.0,5.0,5.0,5.0,5.0,5.0,3.5,5.0,5.0
686,5.0,5.0,5.0,5.0,5.0,5.0,5.0,4.0,5.0,4.666666666666667
687,4.0,4.666666666666667,4.666666666666667,4.333333333333333,5.0,4.25,5.0,4.0,5.0,5.0
688,4.666666666666667,4.333333333333333,5.0,5.0,4.0,4.5,5.0,3.5,5.0,5.0
689,5.0,5.0,5.0,5.0,5.0,4.5,4.333333333333333,4.0,4.5,4.0
690,4.666666666666667,4.666666666666667,5.0,5.0,4.333333333333333,5.0,4.333333333333333,5.0,5.0,4.333333333333333
691,5.0,4.666666666666667,4.666666666666667,4.333333333333333,4.0,4.0,4.666666666666667,5.0,5.0,5.0
692,4.0,4.333333333333333,4.333333333333333,4.666666666666667,4.0,4.5,5.0,3.5,4.0,4.0
693,5.0,4.333333333333333,4.666666666666667,4.333333333333333,5.0,5.0,4.666666666666667,3.5,5.0,4.0
694,4.0,5.0,4.666666666666667,4.666666666666667,4.333333333333333,3.75,4.0,4.0,4.5,4.0
695,4.0,4.0,4.333333333333333,4.666666666666667,3.6666666666666665,3.75,3.6666666666666665,3.0,5.0,4.666666666666667
696,4.0,4.666666666666667,4.666666666666667,4.333333333333333,4.0,4.0,3.0,3.5,4.0,4.333333333333333
697,4.0,4.333333333333333,4.666666666666667,4.0,5.0,4.25,3.6666666666666665,3.5,5.0,4.666666666666667
698,3.3333333333333335,3.6666666666666665,5.0,4.666666666666667,4.333333333333333,4.0,4.0,3.5,3.5,4.333333333333333
699,4.0,4.666666666666667,5.0,4.666666666666667,4.333333333333333,4.25,4.0,5.0,4.0,3.0
700,3.6666666666666665,4.0,4.666666666666667,5.0,5.0,4.0,4.0,2.5,4.0,4.0
701,3.6666666666666665,3.3333333333333335,3.0,3.0,3.3333333333333335,3.25,2.6666666666666665,3.0,2.0,4.333333333333333
702,4.0,4.333333333333333,4.666666666666667,4.333333333333333,4.0,3.75,4.333333333333333,4.0,4.0,5.0
703,4.0,4.333333333333333,4.0,4.0,3.6666666666666665,4.5,4.333333333333333,4.0,5.0,4.0
704,4.0,4.0,5.0,4.333333333333333,4.333333333333333,5.0,4.333333333333333,4.0,4.0,4.0
705,4.0,4.333333333333333,5.0,4.666666666666667,4.333333333333333,4.0,4.0,4.0,5.0,4.333333333333333
706,5.0,5.0,5.0,4.666666666666667,4.0,4.0,4.333333333333333,4.0,3.0,4.0
707,4.0,4.333333333333333,4.666666666666667,4.333333333333333,4.333333333333333,4.25,4.333333333333333,4.5,4.0,4.333333333333333
708,3.3333333333333335,4.0,3.6666666666666665,3.6666666666666665,3.6666666666666665,3.75,4.0,3.0,3.5,4.0
709,4.0,4.333333333333333,4.0,4.0,3.6666666666666665,4.5,4.333333333333333,4.0,5.0,4.333333333333333
710,3.3333333333333335,5.0,5.0,5.0,4.0,3.75,4.0,2.5,4.0,4.0
711,4.333333333333333,4.333333333333333,4.666666666666667,4.333333333333333,4.0,4.25,4.333333333333333,4.5,4.0,4.0
712,4.333333333333333,4.333333333333333,4.666666666666667,4.666666666666667,4.0,4.0,4.0,4.5,4.5,4.0
713,4.0,4.0,4.666666666666667,4.0,4.0,4.0,4.0,4.0,4.0,4.333333333333333
714,4.666666666666667,4.333333333333333,4.333333333333333,3.6666666666666665,4.666666666666667,3.75,4.0,4.5,4.0,4.666666666666667
715,4.333333333333333,4.666666666666667,4.333333333333333,4.0,4.666666666666667,4.0,4.0,4.5,4.5,3.6666666666666665
716,4.333333333333333,4.0,4.333333333333333,3.6666666666666665,5.0,4.25,4.0,4.0,4.5,4.333333333333333
717,3.3333333333333335,5.0,4.333333333333333,4.333333333333333,3.3333333333333335,3.5,3.6666666666666665,3.0,3.0,4.0
718,3.3333333333333335,4.0,3.6666666666666665,4.333333333333333,4.0,4.0,5.0,3.0,4.0,3.0
719,4.0,4.333333333333333,4.333333333333333,4.333333333333333,3.6666666666666665,3.75,4.333333333333333,3.0,4.5,4.333333333333333
720,4.0,5.0,5.0,5.0,3.6666666666666665,2.75,3.0,4.0,3.0,4.0
721,4.666666666666667,5.0,5.0,5.0,4.333333333333333,4.0,5.0,4.0,5.0,4.0
722,3.6666666666666665,4.333333333333333,4.333333333333333,4.0,4.0,4.25,4.333333333333333,4.0,4.0,4.0
723,3.3333333333333335,4.0,3.6666666666666665,4.666666666666667,3.6666666666666665,3.5,3.3333333333333335,3.0,4.0,4.0
724,3.3333333333333335,4.0,4.0,4.333333333333333,4.0,4.0,4.0,3.0,3.0,3.6666666666666665
725,4.0,4.333333333333333,4.0,4.0,4.0,4.0,4.0,3.5,4.0,4.0
726,4.0,4.0,3.6666666666666665,4.333333333333333,3.0,3.5,3.6666666666666665,3.0,4.0,4.0
727,4.0,4.0,4.0,4.0,3.3333333333333335,3.5,4.0,4.0,4.0,4.666666666666667
728,3.6666666666666665,4.0,4.666666666666667,4.0,4.333333333333333,4.0,4.333333333333333,3.0,4.0,3.3333333333333335
729,4.0,5.0,4.666666666666667,5.0,5.0,4.25,3.6666666666666665,3.5,4.5,5.0
730,3.3333333333333335,2.0,4.0,4.666666666666667,4.333333333333333,2.75,4.666666666666667,4.0,3.5,5.0
731,5.0,4.333333333333333,4.333333333333333,5.0,5.0,5.0,4.666666666666667,3.0,4.5,4.0
732,3.0,3.0,5.0,5.0,5.0,5.0,5.0,5.0,5.0,4.0
733,4.333333333333333,5.0,4.666666666666667,4.333333333333333,4.666666666666667,3.5,3.3333333333333335,4.0,5.0,5.0
734,4.0,3.6666666666666665,4.333333333333333,4.333333333333333,4.333333333333333,3.75,4.0,3.0,3.5,3.3333333333333335
735,3.6666666666666665,4.666666666666667,5.0,5.0,4.333333333333333,5.0,4.333333333333333,4.0,5.0,1.3333333333333333
736,3.6666666666666665,5.0,5.0,5.0,4.333333333333333,3.0,3.6666666666666665,3.0,3.5,3.6666666666666665
737,2.3333333333333335,1.6666666666666667,1.3333333333333333,1.3333333333333333,1.0,1.5,1.6666666666666667,1.5,3.0,3.3333333333333335
738,3.6666666666666665,3.0,4.333333333333333,5.0,4.333333333333333,3.25,3.3333333333333335,1.0,3.0,4.0
739,3.0,3.0,4.0,3.3333333333333335,3.6666666666666665,3.0,3.0,2.5,3.0,4.0
740,2.6666666666666665,3.3333333333333335,3.6666666666666665,3.6666666666666665,4.0,4.25,3.6666666666666665,3.0,3.5,4.0
741,4.0,5.0,5.0,5.0,4.333333333333333,3.5,3.6666666666666665,4.0,5.0,5.0
742,4.666666666666667,5.0,4.666666666666667,5.0,4.666666666666667,3.5,4.0,2.0,4.0,5.0
743,4.0,5.0,5.0,4.333333333333333,5.0,4.5,5.0,3.0,5.0,3.3333333333333335
744,4.0,4.666666666666667,5.0,5.0,5.0,5.0,4.333333333333333,4.0,4.5,4.333333333333333
745,2.0,4.0,3.3333333333333335,4.333333333333333,3.3333333333333335,3.25,3.0,4.0,3.0,4.0
746,4.0,4.333333333333333,5.0,4.666666666666667,4.666666666666667,4.25,3.6666666666666665,4.0,3.5,5.0
747,3.6666666666666665,4.333333333333333,4.333333333333333,5.0,5.0,3.5,3.6666666666666665,4.0,4.0,3.3333333333333335
748,5.0,5.0,5.0,5.0,4.666666666666667,5.0,4.333333333333333,4.5,5.0,5.0
749,3.3333333333333335,4.0,3.6666666666666665,3.3333333333333335,2.6666666666666665,3.25,3.6666666666666665,2.0,3.5,3.6666666666666665
750,2.6666666666666665,4.333333333333333,5.0,5.0,5.0,5.0,5.0,5.0,5.0,4.0
751,3.6666666666666665,3.0,4.0,4.0,3.0,3.5,3.3333333333333335,3.0,3.0,4.0
752,4.0,3.6666666666666665,4.666666666666667,4.333333333333333,3.6666666666666665,3.5,3.0,3.5,3.5,2.6666666666666665
753,4.666666666666667,5.0,4.666666666666667,5.0,3.6666666666666665,3.75,4.0,4.0,5.0,4.0
754,3.6666666666666665,2.0,3.6666666666666665,3.0,2.6666666666666665,2.25,2.6666666666666665,4.0,3.0,5.0
755,4.333333333333333,4.0,4.333333333333333,3.6666666666666665,4.0,3.75,3.6666666666666665,2.0,3.5,3.3333333333333335
756,4.0,4.0,4.666666666666667,4.666666666666667,4.0,4.75,4.333333333333333,4.5,4.0,5.0
757,3.0,4.0,4.0,4.333333333333333,3.3333333333333335,2.5,4.0,3.0,3.0,4.333333333333333
758,2.6666666666666665,3.6666666666666665,5.0,5.0,4.666666666666667,5.0,4.666666666666667,5.0,5.0,3.0
759,3.6666666666666665,4.0,4.666666666666667,4.333333333333333,4.333333333333333,4.0,4.0,4.0,4.0,3.3333333333333335
760,3.0,4.0,4.666666666666667,4.333333333333333,4.0,2.25,4.666666666666667,4.0,3.5,4.333333333333333
761,3.6666666666666665,3.6666666666666665,4.333333333333333,5.0,3.0,3.5,2.6666666666666665,2.0,5.0,3.3333333333333335
762,3.6666666666666665,4.333333333333333,4.333333333333333,5.0,5.0,4.0,5.0,3.5,4.0,5.0
763,4.333333333333333,4.333333333333333,3.0,4.0,4.333333333333333,3.0,3.0,2.0,3.5,5.0
764,4.666666666666667,4.666666666666667,4.666666666666667,4.666666666666667,4.666666666666667,4.5,3.6666666666666665,4.0,4.0,4.0
765,2.3333333333333335,2.0,5.0,3.6666666666666665,5.0,5.0,4.666666666666667,4.0,5.0,5.0
766,3.3333333333333335,3.6666666666666665,4.0,5.0,3.6666666666666665,3.75,4.0,3.0,3.0,3.6666666666666665
767,4.333333333333333,5.0,4.666666666666667,4.666666666666667,5.0,4.75,4.666666666666667,4.5,5.0,3.6666666666666665
768,4.0,4.666666666666667,5.0,4.333333333333333,3.6666666666666665,3.5,3.6666666666666665,4.0,3.5,4.0
769,2.0,2.6666666666666665,3.6666666666666665,3.6666666666666665,3.6666666666666665,3.5,4.0,4.0,4.0,4.333333333333333
770,3.0,3.3333333333333335,4.666666666666667,4.666666666666667,4.333333333333333,4.25,3.3333333333333335,4.0,5.0,3.0
771,2.3333333333333335,3.0,4.0,5.0,4.0,4.5,4.333333333333333,4.0,5.0,4.333333333333333
772,2.6666666666666665,3.0,3.3333333333333335,3.6666666666666665,3.3333333333333335,3.25,3.6666666666666665,3.0,2.5,4.0
773,4.333333333333333,4.0,3.0,3.3333333333333335,3.6666666666666665,4.75,3.6666666666666665,3.5,3.0,4.0
774,4.666666666666667,3.6666666666666665,3.6666666666666665,3.3333333333333335,3.6666666666666665,4.25,3.3333333333333335,2.0,3.5,4.0
775,3.6666666666666665,4.0,3.6666666666666665,3.0,3.6666666666666665,4.0,3.3333333333333335,2.0,3.0,4.0
776,3.0,3.0,3.3333333333333335,3.3333333333333335,3.6666666666666665,4.0,3.3333333333333335,3.5,3.0,4.0
777,3.0,3.3333333333333335,3.6666666666666665,3.3333333333333335,3.3333333333333335,3.75,4.0,4.0,3.5,4.0
778,3.3333333333333335,3.0,3.0,4.333333333333333,3.0,3.75,3.3333333333333335,2.5,3.0,4.0
779,4.666666666666667,3.6666666666666665,3.3333333333333335,3.0,3.6666666666666665,4.0,3.6666666666666665,2.0,3.0,3.6666666666666665
780,3.3333333333333335,4.0,3.3333333333333335,3.3333333333333335,3.3333333333333335,4.5,3.3333333333333335,3.5,3.5,4.0
781,3.6666666666666665,3.3333333333333335,3.6666666666666665,3.6666666666666665,3.3333333333333335,3.25,3.3333333333333335,3.0,3.0,3.6666666666666665
782,3.0,3.6666666666666665,3.3333333333333335,3.3333333333333335,3.3333333333333335,3.75,3.0,4.0,3.5,4.0
783,3.3333333333333335,3.3333333333333335,3.3333333333333335,3.0,3.6666666666666665,3.5,3.3333333333333335,4.0,3.5,3.6666666666666665
784,3.3333333333333335,3.6666666666666665,3.6666666666666665,3.3333333333333335,3.0,4.0,3.3333333333333335,3.0,3.0,4.0
785,3.3333333333333335,3.0,3.3333333333333335,3.6666666666666665,3.3333333333333335,3.75,3.6666666666666665,2.0,3.0,4.0
786,3.3333333333333335,3.6666666666666665,3.3333333333333335,3.3333333333333335,3.3333333333333335,3.5,3.3333333333333335,3.5,2.5,4.0
787,3.3333333333333335,4.0,3.3333333333333335,3.3333333333333335,3.3333333333333335,4.0,3.3333333333333335,3.0,2.5,3.0
788,3.3333333333333335,3.6666666666666665,3.3333333333333335,3.0,3.6666666666666665,4.0,3.3333333333333335,3.5,2.5,4.333333333333333
789,3.0,3.6666666666666665,4.0,3.3333333333333335,3.3333333333333335,3.0,2.6666666666666665,2.0,3.0,4.333333333333333
790,3.3333333333333335,3.3333333333333335,3.0,4.0,3.6666666666666665,4.5,3.3333333333333335,3.5,2.5,3.3333333333333335
791,3.3333333333333335,3.3333333333333335,3.3333333333333335,3.6666666666666665,4.333333333333333,4.75,3.0,4.0,3.0,4.0
792,3.6666666666666665,3.3333333333333335,4.0,3.0,3.0,3.75,3.3333333333333335,2.0,3.0,3.0
793,3.3333333333333335,3.3333333333333335,3.3333333333333335,3.6666666666666665,4.0,3.75,3.3333333333333335,3.0,3.0,4.0
794,4.333333333333333,3.3333333333333335,3.3333333333333335,3.6666666666666665,3.3333333333333335,3.5,3.3333333333333335,3.5,3.0,4.0
795,3.3333333333333335,3.3333333333333335,3.6666666666666665,3.3333333333333335,3.6666666666666665,4.25,3.0,3.0,3.5,4.666666666666667
796,3.3333333333333335,3.6666666666666665,3.6666666666666665,3.0,3.3333333333333335,4.5,3.3333333333333335,3.0,3.0,4.0
797,4.666666666666667,3.3333333333333335,3.0,3.6666666666666665,3.6666666666666665,5.0,3.6666666666666665,3.0,3.5,4.666666666666667
798,3.0,3.6666666666666665,3.3333333333333335,3.3333333333333335,3.3333333333333335,4.25,3.6666666666666665,3.0,2.5,4.0
799,3.3333333333333335,3.6666666666666665,3.6666666666666665,4.333333333333333,3.6666666666666665,4.0,3.6666666666666665,3.0,3.0,4.0
800,3.3333333333333335,3.6666666666666665,3.6666666666666665,3.3333333333333335,3.6666666666666665,3.75,3.3333333333333335,3.5,3.0,4.0
801,3.6666666666666665,3.3333333333333335,3.3333333333333335,3.3333333333333335,3.3333333333333335,4.25,3.6666666666666665,3.5,3.5,4.0
802,2.3333333333333335,2.3333333333333335,2.6666666666666665,2.6666666666666665,2.3333333333333335,2.5,2.3333333333333335,3.0,2.0,2.6666666666666665
803,2.0,3.3333333333333335,3.3333333333333335,4.0,3.3333333333333335,4.5,3.6666666666666665,4.5,3.5,4.0
804,1.0,1.0,5.0,4.0,4.333333333333333,3.0,5.0,5.0,4.0,3.6666666666666665
805,4.333333333333333,5.0,4.0,3.0,4.0,4.0,4.0,3.5,3.0,4.0
806,3.3333333333333335,3.0,4.666666666666667,3.3333333333333335,4.0,3.75,4.0,4.5,4.5,4.0
807,3.6666666666666665,3.6666666666666665,4.0,3.6666666666666665,4.333333333333333,3.5,4.0,4.0,3.0,4.0
808,3.6666666666666665,4.333333333333333,4.0,5.0,4.333333333333333,4.0,4.333333333333333,3.0,2.5,4.333333333333333
809,3.6666666666666665,5.0,4.666666666666667,5.0,5.0,4.5,3.6666666666666665,5.0,3.5,4.666666666666667
810,5.0,5.0,4.0,5.0,4.333333333333333,4.25,3.6666666666666665,4.0,2.5,4.0
811,2.3333333333333335,3.6666666666666665,5.0,4.0,3.6666666666666665,3.0,4.0,3.0,3.0,3.3333333333333335
812,5.0,5.0,4.0,5.0,5.0,4.0,3.6666666666666665,3.0,5.0,4.0
813,4.333333333333333,5.0,4.333333333333333,5.0,5.0,4.0,4.666666666666667,3.0,1.0,4.333333333333333
814,5.0,5.0,5.0,5.0,4.666666666666667,5.0,4.666666666666667,3.0,5.0,5.0
815,4.333333333333333,5.0,4.666666666666667,5.0,4.666666666666667,5.0,5.0,4.0,3.0,5.0
816,3.6666666666666665,5.0,5.0,5.0,5.0,4.75,5.0,5.0,4.5,5.0
817,4.666666666666667,5.0,5.0,5.0,4.666666666666667,5.0,4.333333333333333,3.0,4.0,5.0
818,4.0,5.0,4.0,5.0,3.6666666666666665,4.0,4.333333333333333,3.0,3.5,4.333333333333333
819,4.666666666666667,4.333333333333333,5.0,5.0,5.0,4.75,4.333333333333333,3.0,3.0,4.666666666666667
820,3.0,4.333333333333333,4.666666666666667,4.333333333333333,4.0,3.5,3.0,2.5,3.0,4.0
821,2.6666666666666665,1.6666666666666667,1.3333333333333333,1.6666666666666667,2.3333333333333335,4.0,3.6666666666666665,5.0,5.0,3.6666666666666665
822,2.0,3.6666666666666665,3.3333333333333335,4.333333333333333,4.0,2.25,4.0,4.5,3.0,3.0
823,3.0,4.0,3.6666666666666665,3.6666666666666665,4.333333333333333,4.5,4.666666666666667,3.0,3.0,4.666666666666667
824,3.0,3.3333333333333335,2.6666666666666665,3.6666666666666665,4.333333333333333,2.75,3.6666666666666665,4.0,2.5,3.3333333333333335
825,2.6666666666666665,3.0,2.6666666666666665,4.0,4.333333333333333,3.25,4.0,2.5,2.5,3.6666666666666665
826,4.333333333333333,2.3333333333333335,2.3333333333333335,4.0,4.0,3.0,4.333333333333333,4.5,2.5,3.3333333333333335
827,2.0,2.6666666666666665,3.6666666666666665,4.333333333333333,3.6666666666666665,3.0,3.6666666666666665,3.0,2.5,3.0
828,5.0,5.0,5.0,5.0,5.0,5.0,5.0,5.0,5.0,5.0
829,4.333333333333333,5.0,5.0,5.0,5.0,5.0,4.666666666666667,5.0,5.0,5.0
830,1.6666666666666667,3.0,3.3333333333333335,3.0,4.0,3.0,3.0,3.0,3.0,3.3333333333333335
831,5.0,4.666666666666667,5.0,3.6666666666666665,4.333333333333333,2.75,3.6666666666666665,4.0,4.0,3.3333333333333335
832,3.6666666666666665,4.0,3.6666666666666665,3.0,4.333333333333333,2.5,4.333333333333333,4.0,3.0,3.3333333333333335
833,3.3333333333333335,4.666666666666667,4.0,5.0,5.0,3.0,4.333333333333333,5.0,3.5,3.6666666666666665
834,2.3333333333333335,1.6666666666666667,3.0,4.333333333333333,3.0,2.5,4.333333333333333,3.5,2.5,3.0
835,4.0,4.666666666666667,5.0,3.3333333333333335,3.6666666666666665,3.5,3.3333333333333335,4.0,3.0,3.3333333333333335
836,1.0,2.0,5.0,5.0,4.333333333333333,4.75,5.0,5.0,5.0,5.0
837,4.333333333333333,3.6666666666666665,4.333333333333333,5.0,3.3333333333333335,3.5,4.0,2.0,4.0,3.6666666666666665
838,2.3333333333333335,1.6666666666666667,3.3333333333333335,3.6666666666666665,3.6666666666666665,3.0,3.3333333333333335,3.0,3.0,3.3333333333333335
839,3.3333333333333335,3.3333333333333335,4.0,3.6666666666666665,4.0,3.25,3.0,3.0,3.0,3.6666666666666665
840,1.3333333333333333,3.6666666666666665,4.0,3.0,3.0,3.0,3.6666666666666665,4.0,3.0,3.0
841,4.0,4.0,5.0,4.0,4.0,4.0,4.0,4.0,4.0,4.0
842,4.333333333333333,3.3333333333333335,4.333333333333333,3.3333333333333335,4.666666666666667,4.5,4.0,4.0,4.0,4.666666666666667
843,2.6666666666666665,3.3333333333333335,4.333333333333333,4.333333333333333,5.0,3.5,4.333333333333333,5.0,1.0,4.0
844,4.666666666666667,4.0,3.6666666666666665,4.0,4.0,2.75,4.0,3.0,3.0,3.6666666666666665
845,3.0,3.0,3.0,3.0,3.0,3.0,3.0,3.0,3.0,3.0
846,1.3333333333333333,3.0,3.0,3.0,3.0,3.0,3.0,3.0,3.0,3.0
847,4.666666666666667,4.333333333333333,5.0,4.333333333333333,4.666666666666667,4.25,4.0,3.0,5.0,5.0
848,4.0,3.6666666666666665,3.3333333333333335,3.6666666666666665,3.6666666666666665,3.25,4.0,4.0,4.0,4.0
849,3.3333333333333335,4.333333333333333,4.666666666666667,5.0,4.0,4.0,4.0,3.5,4.0,4.0
850,4.666666666666667,4.0,4.0,4.0,4.333333333333333,5.0,4.666666666666667,3.5,4.0,5.0
851,2.0,3.0,3.6666666666666665,3.0,3.3333333333333335,3.0,2.6666666666666665,3.0,3.0,3.0
852,3.3333333333333335,3.6666666666666665,4.333333333333333,4.0,3.6666666666666665,3.5,3.6666666666666665,3.5,3.5,4.0
853,3.6666666666666665,3.3333333333333335,3.6666666666666665,3.0,3.3333333333333335,3.25,3.3333333333333335,3.0,3.5,3.6666666666666665
854,2.6666666666666665,2.6666666666666665,2.6666666666666665,2.6666666666666665,2.6666666666666665,2.75,2.6666666666666665,3.0,2.5,3.0
855,3.0,2.6666666666666665,3.0,2.3333333333333335,2.6666666666666665,2.5,2.6666666666666665,3.0,3.0,3.0
856,2.6666666666666665,2.3333333333333335,2.6666666666666665,2.6666666666666665,2.3333333333333335,2.5,2.3333333333333335,3.0,2.5,2.6666666666666665
857,2.3333333333333335,3.3333333333333335,2.3333333333333335,2.3333333333333335,3.3333333333333335,3.25,3.3333333333333335,3.0,2.5,3.3333333333333335
858,3.0,3.0,3.0,2.3333333333333335,3.0,2.75,2.6666666666666665,4.0,3.0,3.0
859,4.0,3.3333333333333335,3.0,3.3333333333333335,3.3333333333333335,3.25,3.0,3.0,4.0,3.0
860,4.0,4.0,3.3333333333333335,3.3333333333333335,3.6666666666666665,3.25,3.0,3.5,4.0,3.3333333333333335
861,4.0,4.0,4.0,4.0,4.0,4.0,4.0,4.0,4.0,4.0
862,2.6666666666666665,3.0,2.6666666666666665,2.3333333333333335,3.0,2.5,3.0,2.5,2.5,3.0
863,3.6666666666666665,5.0,4.333333333333333,4.0,4.0,3.75,3.6666666666666665,4.0,4.0,4.0
864,4.333333333333333,5.0,4.666666666666667,4.333333333333333,4.333333333333333,3.75,3.6666666666666665,3.5,4.0,4.0
865,4.0,5.0,4.666666666666667,4.333333333333333,5.0,4.25,4.333333333333333,3.0,4.5,4.666666666666667
866,4.333333333333333,4.0,5.0,5.0,4.333333333333333,4.5,3.6666666666666665,4.0,5.0,5.0
867,3.6666666666666665,4.333333333333333,4.333333333333333,3.6666666666666665,3.6666666666666665,3.25,3.3333333333333335,4.5,4.0,3.6666666666666665
868,3.3333333333333335,5.0,4.333333333333333,4.333333333333333,4.0,3.75,4.0,4.0,4.5,4.0
869,3.6666666666666665,4.333333333333333,4.666666666666667,4.333333333333333,4.0,3.5,3.6666666666666665,3.5,5.0,4.0
870,4.0,5.0,5.0,5.0,4.333333333333333,4.0,4.666666666666667,4.0,4.5,4.333333333333333
871,3.6666666666666665,3.6666666666666665,3.6666666666666665,3.0,5.0,3.0,4.333333333333333,1.0,1.0,3.6666666666666665
872,3.0,3.6666666666666665,4.0,4.0,3.6666666666666665,3.75,4.0,3.5,3.5,4.0
873,4.0,4.333333333333333,5.0,5.0,4.666666666666667,4.5,5.0,3.5,5.0,5.0
874,3.0,4.333333333333333,3.6666666666666665,5.0,3.3333333333333335,4.25,4.0,4.0,5.0,4.0
875,3.3333333333333335,3.3333333333333335,4.333333333333333,4.0,5.0,4.75,3.6666666666666665,3.0,3.0,5.0
876,3.6666666666666665,4.0,4.333333333333333,5.0,4.333333333333333,3.75,5.0,3.0,3.0,4.333333333333333
877,4.0,3.3333333333333335,5.0,4.333333333333333,5.0,4.5,4.0,3.5,4.0,4.666666666666667
878,4.0,4.0,5.0,4.333333333333333,5.0,4.5,4.0,3.5,4.0,5.0
879,3.3333333333333335,3.6666666666666665,4.333333333333333,4.333333333333333,4.666666666666667,4.0,5.0,4.0,5.0,4.666666666666667
880,4.666666666666667,5.0,5.0,4.666666666666667,4.666666666666667,4.5,4.333333333333333,4.0,3.5,5.0
881,4.333333333333333,3.3333333333333335,3.6666666666666665,4.0,3.6666666666666665,3.5,3.6666666666666665,4.0,4.0,4.0
882,3.6666666666666665,4.333333333333333,4.333333333333333,4.666666666666667,4.0,3.75,3.6666666666666665,3.5,4.0,4.0
883,3.6666666666666665,4.0,4.0,3.6666666666666665,3.6666666666666665,3.5,3.3333333333333335,3.0,3.0,4.0
884,3.6666666666666665,4.666666666666667,4.333333333333333,4.333333333333333,4.0,3.75,4.0,3.5,4.0,4.0
885,3.3333333333333335,4.333333333333333,5.0,4.666666666666667,4.0,3.75,3.6666666666666665,4.0,4.0,4.0
886,3.0,3.0,5.0,5.0,3.6666666666666665,3.0,4.666666666666667,1.0,4.5,3.6666666666666665
887,3.3333333333333335,4.0,4.333333333333333,4.666666666666667,4.0,3.5,4.0,5.0,4.0,4.0
888,4.333333333333333,2.6666666666666665,4.333333333333333,4.333333333333333,3.6666666666666665,4.0,3.0,4.0,3.0,4.0
889,3.0,3.6666666666666665,4.0,4.0,3.6666666666666665,3.5,3.6666666666666665,3.0,3.5,4.0
890,4.333333333333333,5.0,5.0,4.333333333333333,4.333333333333333,4.25,4.666666666666667,4.5,5.0,4.333333333333333
891,4.0,4.0,4.666666666666667,4.333333333333333,4.333333333333333,4.25,4.666666666666667,4.5,4.5,4.333333333333333
892,4.666666666666667,4.333333333333333,4.333333333333333,4.0,4.666666666666667,3.75,5.0,5.0,4.5,4.0
893,4.333333333333333,4.0,5.0,5.0,4.333333333333333,4.0,4.666666666666667,4.0,4.0,4.0
894,3.0,3.3333333333333335,4.666666666666667,4.333333333333333,5.0,3.25,4.333333333333333,3.0,4.0,4.0
895,4.0,4.0,4.0,4.0,4.0,4.0,4.0,4.0,4.0,4.0
896,4.666666666666667,4.666666666666667,5.0,5.0,5.0,4.0,5.0,4.0,4.0,4.666666666666667
897,4.333333333333333,4.666666666666667,5.0,4.666666666666667,5.0,3.75,3.3333333333333335,3.0,4.5,4.333333333333333
898,4.0,3.3333333333333335,4.0,4.0,4.333333333333333,4.75,4.0,4.0,3.0,4.666666666666667
899,1.6666666666666667,1.3333333333333333,1.3333333333333333,1.0,1.0,1.5,1.0,1.0,3.0,1.6666666666666667
900,2.3333333333333335,2.3333333333333335,2.3333333333333335,2.3333333333333335,2.3333333333333335,2.5,3.0,2.5,2.0,2.6666666666666665
901,2.3333333333333335,3.0,4.0,4.0,4.0,3.75,4.0,3.5,4.0,4.0
902,3.6666666666666665,4.0,4.0,3.6666666666666665,4.0,4.0,4.0,4.0,4.0,4.0
903,3.0,3.6666666666666665,3.6666666666666665,5.0,4.666666666666667,3.0,4.0,5.0,3.0,3.6666666666666665
904,3.0,3.0,3.6666666666666665,3.0,4.0,4.0,3.6666666666666665,4.0,5.0,4.0
905,3.0,4.0,3.3333333333333335,4.0,3.0,3.0,3.0,3.0,3.0,3.0
906,2.0,2.3333333333333335,2.3333333333333335,2.3333333333333335,2.6666666666666665,2.0,2.3333333333333335,2.0,2.5,2.0
907,4.0,4.0,4.0,4.333333333333333,3.3333333333333335,3.0,3.6666666666666665,4.5,4.5,3.0
908,3.0,3.0,3.6666666666666665,3.6666666666666665,3.0,3.0,3.0,3.0,3.0,3.0
909,3.6666666666666665,4.0,3.0,3.0,3.0,3.0,3.0,3.0,3.0,3.0
910,4.0,4.0,4.333333333333333,4.0,4.0,4.0,4.0,4.0,5.0,4.0
911,4.0,4.0,5.0,4.666666666666667,4.333333333333333,3.5,2.6666666666666665,4.0,4.0,3.3333333333333335
912,4.333333333333333,4.666666666666667,5.0,4.333333333333333,5.0,4.5,5.0,3.0,3.5,5.0
913,4.0,4.666666666666667,4.0,5.0,3.0,3.25,4.666666666666667,2.0,3.0,3.3333333333333335
914,3.0,4.0,4.0,3.6666666666666665,4.0,4.0,4.0,4.0,4.0,4.0
915,2.0,1.6666666666666667,2.0,2.3333333333333335,2.0,2.25,2.6666666666666665,2.5,4.5,2.3333333333333335
916,4.333333333333333,3.6666666666666665,4.0,4.0,3.3333333333333335,3.5,3.6666666666666665,4.0,4.0,4.0
917,3.0,4.0,4.0,4.0,3.3333333333333335,4.0,3.6666666666666665,4.0,4.0,4.0
918,1.6666666666666667,1.0,1.6666666666666667,1.3333333333333333,3.0,2.25,1.6666666666666667,1.0,2.5,2.6666666666666665
919,5.0,4.333333333333333,4.666666666666667,4.333333333333333,4.0,4.0,3.6666666666666665,3.0,3.5,4.0
920,3.6666666666666665,3.6666666666666665,4.666666666666667,4.666666666666667,3.3333333333333335,3.5,3.6666666666666665,3.0,3.0,4.0
921,3.3333333333333335,4.0,4.333333333333333,4.666666666666667,4.0,3.5,4.0,5.0,4.0,4.0
922,3.0,4.0,4.333333333333333,4.666666666666667,4.0,3.5,4.0,5.0,4.0,4.0
923,4.333333333333333,4.333333333333333,4.666666666666667,3.6666666666666665,4.666666666666667,3.75,3.6666666666666665,3.5,4.0,4.0
924,3.0,4.666666666666667,4.333333333333333,3.3333333333333335,3.3333333333333335,3.5,3.6666666666666665,3.0,3.0,3.3333333333333335
925,3.6666666666666665,4.666666666666667,3.0,3.0,3.6666666666666665,4.75,4.333333333333333,3.0,4.5,4.666666666666667
926,3.3333333333333335,4.666666666666667,4.333333333333333,4.333333333333333,4.0,4.0,4.333333333333333,3.0,4.0,4.0
927,3.3333333333333335,4.333333333333333,3.6666666666666665,3.3333333333333335,4.0,4.0,4.333333333333333,3.0,5.0,4.333333333333333
928,3.3333333333333335,4.333333333333333,4.666666666666667,3.6666666666666665,3.3333333333333335,5.0,5.0,4.0,4.0,4.666666666666667
929,2.6666666666666665,4.666666666666667,3.6666666666666665,4.0,4.666666666666667,4.25,4.333333333333333,4.0,3.0,4.666666666666667
930,3.3333333333333335,4.333333333333333,4.0,3.6666666666666665,4.0,3.25,3.6666666666666665,4.0,5.0,4.0
931,3.3333333333333335,4.333333333333333,3.6666666666666665,3.3333333333333335,4.666666666666667,4.5,4.333333333333333,3.5,4.0,4.666666666666667
932,2.3333333333333335,4.666666666666667,3.3333333333333335,4.0,3.3333333333333335,4.25,3.0,3.0,3.0,4.0
933,3.3333333333333335,4.333333333333333,4.0,3.6666666666666665,4.0,4.25,4.666666666666667,3.0,4.5,4.0
934,3.0,4.0,3.6666666666666665,3.3333333333333335,4.0,4.5,4.333333333333333,3.5,5.0,4.666666666666667
935,3.0,3.6666666666666665,2.6666666666666665,3.3333333333333335,3.3333333333333335,2.5,3.3333333333333335,3.0,2.0,3.0
936,2.0,3.3333333333333335,3.6666666666666665,3.0,3.3333333333333335,3.5,3.3333333333333335,3.0,2.5,3.3333333333333335
937,2.3333333333333335,3.3333333333333335,3.6666666666666665,3.6666666666666665,3.0,3.0,3.3333333333333335,3.5,3.5,3.0
938,3.0,3.6666666666666665,4.333333333333333,3.3333333333333335,3.6666666666666665,3.75,3.6666666666666665,5.0,5.0,3.6666666666666665
939,3.3333333333333335,2.3333333333333335,2.6666666666666665,2.6666666666666665,3.3333333333333335,2.5,3.0,3.0,3.0,2.6666666666666665
940,3.3333333333333335,3.3333333333333335,4.0,4.0,3.0,3.5,3.3333333333333335,2.0,2.0,4.0
941,2.6666666666666665,2.6666666666666665,3.3333333333333335,3.3333333333333335,4.0,3.0,3.3333333333333335,3.5,2.5,3.3333333333333335
942,3.6666666666666665,2.6666666666666665,3.3333333333333335,3.3333333333333335,4.0,3.25,3.6666666666666665,4.0,3.5,3.6666666666666665
943,3.3333333333333335,2.6666666666666665,3.6666666666666665,2.6666666666666665,3.0,3.0,3.3333333333333335,3.5,2.5,3.0
944,3.0,3.3333333333333335,2.6666666666666665,2.6666666666666665,4.333333333333333,3.75,2.3333333333333335,3.0,3.5,4.0
945,3.3333333333333335,3.6666666666666665,3.3333333333333335,3.3333333333333335,2.6666666666666665,4.0,3.6666666666666665,3.0,3.5,4.0
946,3.0,4.0,3.3333333333333335,3.3333333333333335,3.0,3.75,4.0,3.5,3.0,4.0
947,4.0,3.3333333333333335,2.6666666666666665,3.6666666666666665,4.0,3.5,3.3333333333333335,3.5,4.0,4.0
948,4.0,3.3333333333333335,4.0,3.0,3.0,4.25,3.3333333333333335,3.5,3.0,4.0
949,3.6666666666666665,3.6666666666666665,4.0,3.3333333333333335,3.3333333333333335,3.75,2.6666666666666665,3.0,3.5,4.0
950,3.6666666666666665,4.333333333333333,3.3333333333333335,3.3333333333333335,3.6666666666666665,3.5,4.333333333333333,3.5,4.0,3.6666666666666665
951,3.3333333333333335,3.6666666666666665,3.0,3.3333333333333335,2.6666666666666665,3.25,2.6666666666666665,4.5,3.5,3.0
952,3.6666666666666665,4.333333333333333,4.0,3.3333333333333335,4.666666666666667,3.25,3.0,4.0,5.0,4.0
953,4.0,3.6666666666666665,2.6666666666666665,3.6666666666666665,3.0,4.5,3.3333333333333335,3.5,4.0,4.0
954,3.3333333333333335,4.333333333333333,3.3333333333333335,4.333333333333333,3.0,4.0,5.0,3.5,3.5,3.6666666666666665
955,3.6666666666666665,4.0,3.3333333333333335,3.3333333333333335,4.333333333333333,5.0,4.0,3.0,2.5,5.0
956,3.6666666666666665,3.0,4.0,4.666666666666667,3.3333333333333335,4.5,3.0,4.5,4.5,4.0
957,3.6666666666666665,4.333333333333333,4.333333333333333,4.333333333333333,4.666666666666667,3.0,4.666666666666667,4.5,5.0,3.6666666666666665
958,4.333333333333333,4.666666666666667,3.0,3.0,3.0,3.5,4.333333333333333,4.0,3.0,3.6666666666666665
959,3.6666666666666665,4.0,3.0,4.666666666666667,3.3333333333333335,4.0,4.333333333333333,4.0,3.0,4.0
960,3.3333333333333335,4.0,4.0,3.6666666666666665,3.6666666666666665,4.75,3.6666666666666665,4.0,4.0,4.666666666666667
961,3.6666666666666665,4.0,2.6666666666666665,3.3333333333333335,2.3333333333333335,4.0,3.0,3.0,3.0,3.6666666666666665
962,3.6666666666666665,4.0,4.333333333333333,3.6666666666666665,4.333333333333333,4.25,4.333333333333333,4.0,3.0,4.0
963,3.6666666666666665,4.666666666666667,4.0,3.6666666666666665,4.666666666666667,3.75,4.666666666666667,4.5,5.0,4.0
964,3.6666666666666665,3.6666666666666665,4.666666666666667,4.333333333333333,4.0,3.75,5.0,4.0,3.5,4.0
965,4.666666666666667,5.0,4.333333333333333,4.333333333333333,4.333333333333333,4.75,4.333333333333333,4.5,5.0,4.666666666666667
966,3.6666666666666665,4.666666666666667,4.333333333333333,4.666666666666667,4.333333333333333,4.75,3.3333333333333335,3.0,3.5,4.666666666666667
967,3.3333333333333335,4.0,3.6666666666666665,3.3333333333333335,4.666666666666667,4.0,4.666666666666667,5.0,3.0,4.333333333333333
968,3.6666666666666665,4.666666666666667,3.6666666666666665,4.666666666666667,3.3333333333333335,3.5,3.6666666666666665,3.5,4.0,4.0
969,4.333333333333333,4.0,3.0,4.0,3.6666666666666665,4.5,3.3333333333333335,4.5,4.5,4.0
970,4.666666666666667,4.666666666666667,4.0,3.3333333333333335,4.333333333333333,4.25,4.333333333333333,4.5,3.5,4.333333333333333
971,4.333333333333333,5.0,3.0,3.6666666666666665,3.6666666666666665,4.0,3.6666666666666665,5.0,4.0,4.0
972,4.0,3.6666666666666665,3.3333333333333335,4.0,4.0,3.75,3.6666666666666665,4.0,3.5,4.0
973,3.6666666666666665,4.333333333333333,3.6666666666666665,3.6666666666666665,4.0,4.25,4.333333333333333,4.0,5.0,4.666666666666667
974,4.666666666666667,3.0,4.0,4.0,3.6666666666666665,4.25,3.3333333333333335,4.0,4.5,4.0
975,4.666666666666667,4.333333333333333,3.6666666666666665,4.0,4.0,4.0,3.3333333333333335,3.5,5.0,4.0
976,5.0,5.0,4.333333333333333,4.0,3.3333333333333335,4.25,4.333333333333333,4.0,4.5,4.0
977,4.666666666666667,3.0,3.0,4.0,4.666666666666667,4.0,4.666666666666667,4.0,5.0,4.333333333333333
978,4.666666666666667,3.0,3.0,4.666666666666667,4.666666666666667,3.75,3.6666666666666665,3.0,5.0,4.0
979,4.333333333333333,3.6666666666666665,4.666666666666667,3.3333333333333335,4.666666666666667,3.75,4.666666666666667,3.5,4.5,4.0
980,4.0,3.0,3.6666666666666665,3.3333333333333335,4.666666666666667,3.25,3.3333333333333335,5.0,3.0,3.6666666666666665
981,3.6666666666666665,4.666666666666667,3.0,4.0,3.6666666666666665,3.5,4.333333333333333,4.5,3.0,4.0
982,3.6666666666666665,4.333333333333333,4.666666666666667,3.6666666666666665,3.6666666666666665,4.25,3.3333333333333335,4.0,5.0,4.0
983,4.666666666666667,4.333333333333333,3.6666666666666665,3.6666666666666665,4.666666666666667,3.75,3.3333333333333335,4.0,4.5,4.0
984,3.6666666666666665,4.333333333333333,4.666666666666667,3.6666666666666665,4.333333333333333,4.75,4.333333333333333,4.5,4.0,5.0
985,2.0,3.0,2.0,2.3333333333333335,2.6666666666666665,2.5,3.0,2.5,1.5,3.0
986,3.0,4.0,3.3333333333333335,4.333333333333333,3.6666666666666665,3.5,4.333333333333333,3.5,4.5,4.0
987,3.6666666666666665,4.0,4.0,4.333333333333333,4.333333333333333,4.5,4.333333333333333,4.5,4.5,4.666666666666667
988,4.0,4.333333333333333,4.333333333333333,3.6666666666666665,4.666666666666667,4.75,4.0,5.0,4.0,5.0
989,4.333333333333333,4.333333333333333,4.666666666666667,4.0,4.333333333333333,4.25,5.0,4.5,4.0,4.666666666666667
990,2.3333333333333335,3.0,1.6666666666666667,3.0,2.0,2.5,2.6666666666666665,3.0,1.0,3.0
991,2.6666666666666665,3.0,3.6666666666666665,3.0,3.0,2.0,3.0,3.0,2.0,2.6666666666666665
992,3.0,3.0,3.0,3.0,3.0,3.0,3.0,3.0,3.0,3.0
993,1.3333333333333333,2.3333333333333335,2.3333333333333335,3.3333333333333335,2.0,2.25,3.3333333333333335,1.5,1.5,2.6666666666666665
994,4.333333333333333,4.333333333333333,4.333333333333333,4.333333333333333,4.0,4.25,4.0,4.5,4.5,4.0
995,3.6666666666666665,4.666666666666667,4.666666666666667,4.0,4.666666666666667,4.25,4.333333333333333,4.0,5.0,4.333333333333333
996,1.6666666666666667,2.6666666666666665,2.0,3.3333333333333335,2.3333333333333335,2.75,2.6666666666666665,2.5,2.0,3.0
997,4.333333333333333,4.666666666666667,4.333333333333333,4.0,4.333333333333333,3.5,3.6666666666666665,5.0,4.5,4.0
998,3.3333333333333335,3.6666666666666665,3.3333333333333335,3.6666666666666665,4.333333333333333,3.75,4.0,2.5,3.0,4.0
999,4.0,4.0,4.333333333333333,5.0,4.0,5.0,5.0,5.0,3.0,5.0
1000,4.333333333333333,3.6666666666666665,4.666666666666667,4.333333333333333,4.0,4.0,3.6666666666666665,5.0,4.0,4.0
1001,3.3333333333333335,4.0,4.0,4.0,3.6666666666666665,4.25,3.6666666666666665,3.5,3.5,4.0
1002,3.6666666666666665,5.0,3.6666666666666665,4.333333333333333,4.666666666666667,4.25,4.0,4.5,4.0,4.333333333333333
1003,3.3333333333333335,3.6666666666666665,3.0,4.666666666666667,4.333333333333333,3.75,4.333333333333333,3.5,4.5,4.0
1004,3.6666666666666665,4.333333333333333,4.333333333333333,4.0,4.333333333333333,4.0,4.333333333333333,3.5,4.0,4.0
1005,3.3333333333333335,4.0,4.333333333333333,4.333333333333333,3.6666666666666665,3.5,4.666666666666667,3.5,3.5,4.0
1006,3.0,4.333333333333333,4.0,3.6666666666666665,3.3333333333333335,3.75,4.333333333333333,3.5,4.0,3.6666666666666665
1007,3.3333333333333335,3.6666666666666665,3.3333333333333335,4.0,3.6666666666666665,3.75,3.6666666666666665,4.5,3.0,4.0
1008,3.6666666666666665,4.666666666666667,4.666666666666667,3.6666666666666665,4.666666666666667,4.5,3.6666666666666665,3.5,5.0,5.0
1009,4.333333333333333,3.6666666666666665,4.333333333333333,4.333333333333333,4.333333333333333,4.5,4.333333333333333,4.0,4.5,4.666666666666667
1010,3.0,3.6666666666666665,4.333333333333333,3.6666666666666665,4.0,4.25,4.0,4.0,4.0,4.333333333333333
1011,3.0,4.0,3.3333333333333335,4.0,4.333333333333333,3.5,4.333333333333333,3.5,3.5,4.0
1012,3.6666666666666665,3.0,2.3333333333333335,3.0,4.333333333333333,3.25,3.3333333333333335,3.5,3.5,3.6666666666666665
1013,3.3333333333333335,4.0,3.3333333333333335,4.0,4.0,3.5,3.6666666666666665,3.5,2.5,4.0
1014,3.6666666666666665,3.6666666666666665,3.3333333333333335,4.0,4.0,4.0,3.3333333333333335,3.5,3.5,4.0
1015,2.3333333333333335,3.6666666666666665,3.0,3.0,2.0,2.5,3.0,2.5,2.5,2.3333333333333335
1016,3.3333333333333335,3.6666666666666665,4.0,5.0,4.0,3.75,4.333333333333333,3.5,4.0,4.0
1017,4.333333333333333,3.6666666666666665,4.333333333333333,4.666666666666667,4.333333333333333,4.0,4.333333333333333,4.5,5.0,4.0
1018,4.333333333333333,4.0,4.0,4.0,4.333333333333333,4.25,4.666666666666667,3.5,4.5,4.333333333333333
1019,2.3333333333333335,3.0,1.6666666666666667,3.0,2.6666666666666665,2.75,3.0,2.0,2.0,2.6666666666666665
1020,3.0,3.0,3.0,2.3333333333333335,3.3333333333333335,2.75,3.0,3.0,3.0,3.0
1021,2.6666666666666665,3.3333333333333335,1.6666666666666667,3.3333333333333335,2.6666666666666665,2.5,3.0,2.0,2.0,2.6666666666666665
1022,3.6666666666666665,4.666666666666667,4.666666666666667,3.6666666666666665,4.333333333333333,4.5,4.333333333333333,4.0,4.5,4.666666666666667
1023,4.333333333333333,3.6666666666666665,4.333333333333333,4.0,4.333333333333333,3.75,4.666666666666667,4.5,4.0,4.0
1024,3.6666666666666665,3.0,3.3333333333333335,3.6666666666666665,3.3333333333333335,4.0,5.0,3.5,4.5,4.333333333333333
1025,5.0,5.0,5.0,5.0,5.0,5.0,5.0,5.0,5.0,5.0
1026,3.3333333333333335,3.3333333333333335,4.666666666666667,4.0,4.0,5.0,5.0,3.0,4.0,5.0
1027,3.0,4.0,4.666666666666667,4.333333333333333,3.6666666666666665,5.0,5.0,5.0,5.0,5.0
1028,4.666666666666667,4.333333333333333,4.333333333333333,5.0,4.333333333333333,4.5,3.6666666666666665,3.0,3.0,5.0
1029,4.666666666666667,4.0,4.333333333333333,4.666666666666667,4.666666666666667,5.0,5.0,4.0,5.0,5.0
1030,3.0,4.0,5.0,3.3333333333333335,4.0,5.0,4.0,4.0,4.5,5.0
1031,4.0,5.0,4.0,5.0,4.0,3.25,4.0,3.0,3.5,4.0
1032,4.0,3.6666666666666665,4.0,4.333333333333333,4.333333333333333,4.25,4.333333333333333,5.0,4.0,4.666666666666667
1033,3.3333333333333335,3.0,3.6666666666666665,4.0,3.0,3.25,3.6666666666666665,4.0,4.0,3.0
1034,3.6666666666666665,3.6666666666666665,4.0,3.3333333333333335,3.0,3.75,3.3333333333333335,3.5,3.0,4.0
1035,5.0,5.0,5.0,5.0,4.333333333333333,5.0,5.0,4.5,5.0,5.0
1036,3.3333333333333335,4.0,3.0,4.0,5.0,5.0,5.0,3.0,5.0,5.0
1037,3.0,3.0,3.6666666666666665,3.0,4.0,4.0,3.6666666666666665,4.0,5.0,4.0
1038,3.0,4.0,3.3333333333333335,4.0,3.0,3.0,3.0,3.0,3.0,3.0
1039,2.0,2.3333333333333335,2.3333333333333335,2.3333333333333335,2.6666666666666665,2.0,2.3333333333333335,2.0,2.5,2.0
1040,4.0,4.0,4.0,4.333333333333333,3.3333333333333335,3.0,3.6666666666666665,4.5,4.5,3.0
1041,3.0,3.0,3.6666666666666665,3.6666666666666665,3.0,3.0,3.0,3.0,3.0,3.0
1042,3.6666666666666665,4.0,3.0,3.0,3.0,3.0,3.0,3.0,3.0,3.0
1043,4.0,4.0,4.333333333333333,4.0,4.0,4.0,4.0,4.0,5.0,4.0
1044,4.0,4.0,5.0,4.666666666666667,4.333333333333333,3.5,2.6666666666666665,4.0,4.0,3.3333333333333335
1045,4.333333333333333,4.666666666666667,5.0,4.333333333333333,5.0,4.5,5.0,3.0,3.5,5.0
1046,4.0,4.666666666666667,4.0,5.0,3.0,3.25,4.666666666666667,2.0,3.0,3.3333333333333335
1047,3.0,4.0,4.0,3.6666666666666665,4.0,4.0,4.0,4.0,4.0,4.0
1048,2.0,1.6666666666666667,2.0,2.3333333333333335,2.0,2.25,2.6666666666666665,2.5,4.5,2.3333333333333335
1049,4.333333333333333,3.6666666666666665,4.0,4.0,3.3333333333333335,3.5,3.6666666666666665,4.0,4.0,4.0
1050,3.0,4.0,4.0,4.0,3.3333333333333335,4.0,3.6666666666666665,4.0,4.0,4.0
1051,1.6666666666666667,1.0,1.6666666666666667,1.3333333333333333,3.0,2.25,1.6666666666666667,1.0,2.5,2.6666666666666665
1052,5.0,4.333333333333333,4.666666666666667,4.333333333333333,4.0,4.0,3.6666666666666665,3.0,3.5,4.0
1053,3.6666666666666665,3.6666666666666665,4.666666666666667,4.666666666666667,3.3333333333333335,3.5,3.6666666666666665,3.0,3.0,4.0
1054,3.3333333333333335,4.0,4.333333333333333,4.666666666666667,4.0,3.5,4.0,5.0,4.0,4.0
1055,3.0,4.0,4.333333333333333,4.666666666666667,4.0,3.5,4.0,5.0,4.0,4.0
1056,4.333333333333333,4.333333333333333,4.666666666666667,3.6666666666666665,4.666666666666667,3.75,3.6666666666666665,3.5,4.0,4.0
1057,3.0,4.666666666666667,4.333333333333333,3.3333333333333335,3.3333333333333335,3.5,3.6666666666666665,3.0,3.0,3.3333333333333335
1058,3.6666666666666665,4.666666666666667,3.0,3.0,3.6666666666666665,4.75,4.333333333333333,3.0,4.5,4.666666666666667
1059,3.3333333333333335,4.666666666666667,4.333333333333333,4.333333333333333,4.0,4.0,4.333333333333333,3.0,4.0,4.0
1060,3.3333333333333335,4.333333333333333,3.6666666666666665,3.3333333333333335,4.0,4.0,4.333333333333333,3.0,5.0,4.333333333333333
1061,3.3333333333333335,4.333333333333333,4.666666666666667,3.6666666666666665,3.3333333333333335,5.0,5.0,4.0,4.0,4.666666666666667
1062,2.6666666666666665,4.666666666666667,3.6666666666666665,4.0,4.666666666666667,4.25,4.333333333333333,4.0,3.0,4.666666666666667
1063,3.3333333333333335,4.333333333333333,4.0,3.6666666666666665,4.0,3.25,3.6666666666666665,4.0,5.0,4.0
1064,3.3333333333333335,4.333333333333333,3.6666666666666665,3.3333333333333335,4.666666666666667,4.5,4.333333333333333,3.5,4.0,4.666666666666667
1065,2.3333333333333335,4.666666666666667,3.3333333333333335,4.0,3.3333333333333335,4.25,3.0,3.0,3.0,4.0
1066,3.3333333333333335,4.333333333333333,4.0,3.6666666666666665,4.0,4.25,4.666666666666667,3.0,4.5,4.0
1067,3.0,4.0,3.6666666666666665,3.3333333333333335,4.0,4.5,4.333333333333333,3.5,5.0,4.666666666666667
1068,3.0,3.6666666666666665,2.6666666666666665,3.3333333333333335,3.3333333333333335,2.5,3.3333333333333335,3.0,2.0,3.0
1069,2.0,3.3333333333333335,3.6666666666666665,3.0,3.3333333333333335,3.5,3.3333333333333335,3.0,2.5,3.3333333333333335
1070,2.3333333333333335,3.3333333333333335,3.6666666666666665,3.6666666666666665,3.0,3.0,3.3333333333333335,3.5,3.5,3.0
1071,3.0,3.6666666666666665,4.333333333333333,3.3333333333333335,3.6666666666666665,3.75,3.6666666666666665,5.0,5.0,3.6666666666666665
1072,3.3333333333333335,2.3333333333333335,2.6666666666666665,2.6666666666666665,3.3333333333333335,2.5,3.0,3.0,3.0,2.6666666666666665
1073,3.3333333333333335,3.3333333333333335,4.0,4.0,3.0,3.5,3.3333333333333335,2.0,2.0,4.0
1074,2.6666666666666665,2.6666666666666665,3.3333333333333335,3.3333333333333335,4.0,3.0,3.3333333333333335,3.5,2.5,3.3333333333333335
1075,3.6666666666666665,2.6666666666666665,3.3333333333333335,3.3333333333333335,4.0,3.25,3.6666666666666665,4.0,3.5,3.6666666666666665
1076,3.3333333333333335,2.6666666666666665,3.6666666666666665,2.6666666666666665,3.0,3.0,3.3333333333333335,3.5,2.5,3.0
1077,3.0,3.3333333333333335,2.6666666666666665,2.6666666666666665,4.333333333333333,3.75,2.3333333333333335,3.0,3.5,4.0
1078,3.3333333333333335,3.6666666666666665,3.3333333333333335,3.3333333333333335,2.6666666666666665,4.0,3.6666666666666665,3.0,3.5,4.0
1079,3.0,4.0,3.3333333333333335,3.3333333333333335,3.0,3.75,4.0,3.5,3.0,4.0
1080,4.0,3.3333333333333335,2.6666666666666665,3.6666666666666665,4.0,3.5,3.3333333333333335,3.5,4.0,4.0
1081,4.0,3.3333333333333335,4.0,3.0,3.0,4.25,3.3333333333333335,3.5,3.0,4.0
1082,3.6666666666666665,3.6666666666666665,4.0,3.3333333333333335,3.3333333333333335,3.75,2.6666666666666665,3.0,3.5,4.0
1083,3.6666666666666665,4.333333333333333,3.3333333333333335,3.3333333333333335,3.6666666666666665,3.5,4.333333333333333,3.5,4.0,3.6666666666666665
1084,3.3333333333333335,3.6666666666666665,3.0,3.3333333333333335,2.6666666666666665,3.25,2.6666666666666665,4.5,3.5,3.0
1085,3.6666666666666665,4.333333333333333,4.0,3.3333333333333335,4.666666666666667,3.25,3.0,4.0,5.0,4.0
1086,4.0,3.6666666666666665,2.6666666666666665,3.6666666666666665,3.0,4.5,3.3333333333333335,3.5,4.0,4.0
1087,3.3333333333333335,4.333333333333333,3.3333333333333335,4.333333333333333,3.0,4.0,5.0,3.5,3.5,3.6666666666666665
1088,3.6666666666666665,4.0,3.3333333333333335,3.3333333333333335,4.333333333333333,5.0,4.0,3.0,2.5,5.0
1089,3.6666666666666665,3.0,4.0,4.666666666666667,3.3333333333333335,4.5,3.0,4.5,4.5,4.0
1090,3.6666666666666665,4.333333333333333,4.333333333333333,4.333333333333333,4.666666666666667,3.0,4.666666666666667,4.5,5.0,3.6666666666666665
1091,4.333333333333333,4.666666666666667,3.0,3.0,3.0,3.5,4.333333333333333,4.0,3.0,3.6666666666666665
1092,3.6666666666666665,4.0,3.0,4.666666666666667,3.3333333333333335,4.0,4.333333333333333,4.0,3.0,4.0
1093,3.3333333333333335,4.0,4.0,3.6666666666666665,3.6666666666666665,4.75,3.6666666666666665,4.0,4.0,4.666666666666667
1094,3.6666666666666665,4.0,2.6666666666666665,3.3333333333333335,2.3333333333333335,4.0,3.0,3.0,3.0,3.6666666666666665
1095,3.6666666666666665,4.0,4.333333333333333,3.6666666666666665,4.333333333333333,4.25,4.333333333333333,4.0,3.0,4.0
1096,3.6666666666666665,4.666666666666667,4.0,3.6666666666666665,4.666666666666667,3.75,4.666666666666667,4.5,5.0,4.0
1097,3.6666666666666665,3.6666666666666665,4.666666666666667,4.333333333333333,4.0,3.75,5.0,4.0,3.5,4.0
1098,4.666666666666667,5.0,4.333333333333333,4.333333333333333,4.333333333333333,4.75,4.333333333333333,4.5,5.0,4.666666666666667
1099,3.6666666666666665,4.666666666666667,4.333333333333333,4.666666666666667,4.333333333333333,4.75,3.3333333333333335,3.0,3.5,4.666666666666667
1100,3.3333333333333335,4.0,3.6666666666666665,3.3333333333333335,4.666666666666667,4.0,4.666666666666667,5.0,3.0,4.333333333333333
1101,3.6666666666666665,4.666666666666667,3.6666666666666665,4.666666666666667,3.3333333333333335,3.5,3.6666666666666665,3.5,4.0,4.0
1102,4.333333333333333,4.0,3.0,4.0,3.6666666666666665,4.5,3.3333333333333335,4.5,4.5,4.0
1103,4.666666666666667,4.666666666666667,4.0,3.3333333333333335,4.333333333333333,4.25,4.333333333333333,4.5,3.5,4.333333333333333
1104,4.333333333333333,5.0,3.0,3.6666666666666665,3.6666666666666665,4.0,3.6666666666666665,5.0,4.0,4.0
1105,4.0,3.6666666666666665,3.3333333333333335,4.0,4.0,3.75,3.6666666666666665,4.0,3.5,4.0
1106,3.6666666666666665,4.333333333333333,3.6666666666666665,3.6666666666666665,4.0,4.25,4.333333333333333,4.0,5.0,4.666666666666667
1107,4.666666666666667,3.0,4.0,4.0,3.6666666666666665,4.25,3.3333333333333335,4.0,4.5,4.0
1108,4.666666666666667,4.333333333333333,3.6666666666666665,4.0,4.0,4.0,3.3333333333333335,3.5,5.0,4.0
1109,5.0,5.0,4.333333333333333,4.0,3.3333333333333335,4.25,4.333333333333333,4.0,4.5,4.0
1110,4.666666666666667,3.0,3.0,4.0,4.666666666666667,4.0,4.666666666666667,4.0,5.0,4.333333333333333
1111,4.666666666666667,3.0,3.0,4.666666666666667,4.666666666666667,3.75,3.6666666666666665,3.0,5.0,4.0
1112,4.333333333333333,3.6666666666666665,4.666666666666667,3.3333333333333335,4.666666666666667,3.75,4.666666666666667,3.5,4.5,4.0
1113,4.0,3.0,3.6666666666666665,3.3333333333333335,4.666666666666667,3.25,3.3333333333333335,5.0,3.0,3.6666666666666665
1114,3.6666666666666665,4.666666666666667,3.0,4.0,3.6666666666666665,3.5,4.333333333333333,4.5,3.0,4.0
1115,3.6666666666666665,4.333333333333333,4.666666666666667,3.6666666666666665,3.6666666666666665,4.25,3.3333333333333335,4.0,5.0,4.0
1116,4.666666666666667,4.333333333333333,3.6666666666666665,3.6666666666666665,4.666666666666667,3.75,3.3333333333333335,4.0,4.5,4.0
1117,3.6666666666666665,4.333333333333333,4.666666666666667,3.6666666666666665,4.333333333333333,4.75,4.333333333333333,4.5,4.0,5.0
1118,2.0,3.0,2.0,2.3333333333333335,2.6666666666666665,2.5,3.0,2.5,1.5,3.0
1119,3.0,4.0,3.3333333333333335,4.333333333333333,3.6666666666666665,3.5,4.333333333333333,3.5,4.5,4.0
1120,3.6666666666666665,4.0,4.0,4.333333333333333,4.333333333333333,4.5,4.333333333333333,4.5,4.5,4.666666666666667
1121,4.0,4.333333333333333,4.333333333333333,3.6666666666666665,4.666666666666667,4.75,4.0,5.0,4.0,5.0
1122,4.333333333333333,4.333333333333333,4.666666666666667,4.0,4.333333333333333,4.25,5.0,4.5,4.0,4.666666666666667
1123,2.3333333333333335,3.0,1.6666666666666667,3.0,2.0,2.5,2.6666666666666665,3.0,1.0,3.0
1124,2.6666666666666665,3.0,3.6666666666666665,3.0,3.0,2.0,3.0,3.0,2.0,2.6666666666666665
1125,3.0,3.0,3.0,3.0,3.0,3.0,3.0,3.0,3.0,3.0
1126,1.3333333333333333,2.3333333333333335,2.3333333333333335,3.3333333333333335,2.0,2.25,3.3333333333333335,1.5,1.5,2.6666666666666665
1127,4.333333333333333,4.333333333333333,4.333333333333333,4.333333333333333,4.0,4.25,4.0,4.5,4.5,4.0
1128,3.6666666666666665,4.666666666666667,4.666666666666667,4.0,4.666666666666667,4.25,4.333333333333333,4.0,5.0,4.333333333333333
1129,1.6666666666666667,2.6666666666666665,2.0,3.3333333333333335,2.3333333333333335,2.75,2.6666666666666665,2.5,2.0,3.0
1130,4.333333333333333,4.666666666666667,4.333333333333333,4.0,4.333333333333333,3.5,3.6666666666666665,5.0,4.5,4.0
1131,3.3333333333333335,3.6666666666666665,3.3333333333333335,3.6666666666666665,4.333333333333333,3.75,4.0,2.5,3.0,4.0
1132,4.0,4.0,4.333333333333333,5.0,4.0,5.0,5.0,5.0,3.0,5.0
1133,4.333333333333333,3.6666666666666665,4.666666666666667,4.333333333333333,4.0,4.0,3.6666666666666665,5.0,4.0,4.0
1134,3.3333333333333335,4.0,4.0,4.0,3.6666666666666665,4.25,3.6666666666666665,3.5,3.5,4.0
1135,3.6666666666666665,5.0,3.6666666666666665,4.333333333333333,4.666666666666667,4.25,4.0,4.5,4.0,4.333333333333333
1136,3.3333333333333335,3.6666666666666665,3.0,4.666666666666667,4.333333333333333,3.75,4.333333333333333,3.5,4.5,4.0
1137,3.6666666666666665,4.333333333333333,4.333333333333333,4.0,4.333333333333333,4.0,4.333333333333333,3.5,4.0,4.0
1138,3.3333333333333335,4.0,4.333333333333333,4.333333333333333,3.6666666666666665,3.5,4.666666666666667,3.5,3.5,4.0
1139,3.0,4.333333333333333,4.0,3.6666666666666665,3.3333333333333335,3.75,4.333333333333333,3.5,4.0,3.6666666666666665
1140,3.3333333333333335,3.6666666666666665,3.3333333333333335,4.0,3.6666666666666665,3.75,3.6666666666666665,4.5,3.0,4.0
1141,3.6666666666666665,4.666666666666667,4.666666666666667,3.6666666666666665,4.666666666666667,4.5,3.6666666666666665,3.5,5.0,5.0
1142,4.333333333333333,3.6666666666666665,4.333333333333333,4.333333333333333,4.333333333333333,4.5,4.333333333333333,4.0,4.5,4.666666666666667
1143,3.0,3.6666666666666665,4.333333333333333,3.6666666666666665,4.0,4.25,4.0,4.0,4.0,4.333333333333333
1144,3.0,4.0,3.3333333333333335,4.0,4.333333333333333,3.5,4.333333333333333,3.5,3.5,4.0
1145,3.6666666666666665,3.0,2.3333333333333335,3.0,4.333333333333333,3.25,3.3333333333333335,3.5,3.5,3.6666666666666665
1146,3.3333333333333335,4.0,3.3333333333333335,4.0,4.0,3.5,3.6666666666666665,3.5,2.5,4.0
1147,3.6666666666666665,3.6666666666666665,3.3333333333333335,4.0,4.0,4.0,3.3333333333333335,3.5,3.5,4.0
1148,2.3333333333333335,3.6666666666666665,3.0,3.0,2.0,2.5,3.0,2.5,2.5,2.3333333333333335
1149,3.3333333333333335,3.6666666666666665,4.0,5.0,4.0,3.75,4.333333333333333,3.5,4.0,4.0
1150,4.333333333333333,3.6666666666666665,4.333333333333333,4.666666666666667,4.333333333333333,4.0,4.333333333333333,4.5,5.0,4.0
1151,4.333333333333333,4.0,4.0,4.0,4.333333333333333,4.25,4.666666666666667,3.5,4.5,4.333333333333333
1152,2.3333333333333335,3.0,1.6666666666666667,3.0,2.6666666666666665,2.75,3.0,2.0,2.0,2.6666666666666665
1153,3.0,3.0,3.0,2.3333333333333335,3.3333333333333335,2.75,3.0,3.0,3.0,3.0
1154,2.6666666666666665,3.3333333333333335,1.6666666666666667,3.3333333333333335,2.6666666666666665,2.5,3.0,2.0,2.0,2.6666666666666665
1155,3.6666666666666665,4.666666666666667,4.666666666666667,3.6666666666666665,4.333333333333333,4.5,4.333333333333333,4.0,4.5,4.666666666666667
1156,4.333333333333333,3.6666666666666665,4.333333333333333,4.0,4.333333333333333,3.75,4.666666666666667,4.5,4.0,4.0
1157,3.6666666666666665,3.0,3.3333333333333335,3.6666666666666665,3.3333333333333335,4.0,5.0,3.5,4.5,4.333333333333333
1158,5.0,5.0,5.0,5.0,5.0,5.0,5.0,5.0,5.0,5.0
1159,3.3333333333333335,3.3333333333333335,4.666666666666667,4.0,4.0,5.0,5.0,3.0,4.0,5.0
1160,3.0,4.0,4.666666666666667,4.333333333333333,3.6666666666666665,5.0,5.0,5.0,5.0,5.0
1161,4.666666666666667,4.333333333333333,4.333333333333333,5.0,4.333333333333333,4.5,3.6666666666666665,3.0,3.0,5.0
1162,4.666666666666667,4.0,4.333333333333333,4.666666666666667,4.666666666666667,5.0,5.0,4.0,5.0,5.0
1163,3.0,4.0,5.0,3.3333333333333335,4.0,5.0,4.0,4.0,4.5,5.0
1164,4.0,5.0,4.0,5.0,4.0,3.25,4.0,3.0,3.5,4.0
1165,4.0,3.6666666666666665,4.0,4.333333333333333,4.333333333333333,4.25,4.333333333333333,5.0,4.0,4.666666666666667
