respondent,assigned_class,post_profile_0,post_profile_1,post_profile_2,post_profile_3,post_profile_4
0,0,0.8396732691655211,0.085431667798798,0.0,0.07489506303567627,4.4877115971557464e-15
1,2,9.625569049884551e-05,0.005990181295268453,0.9939135491810364,1.383319631486158e-08,5.168229721065309e-78
2,0,0.7737103634866179,0.12856847009590353,0.0,0.09772116641747855,1.4350257858078657e-23
3,1,0.11847215594787393,0.8603168643340222,0.0,0.0212109797181038,8.502666586913394e-77
4,1,0.06289990437039165,0.9147674497820841,0.0,0.022332645847523938,9.867574492923257e-17
5,3,0.016326267609372155,0.4875498795820267,0.0,0.49612385280860116,8.823943267170077e-79
6,2,0.0004299815615330602,0.0012714016737784657,0.9982977781983695,8.385663189975091e-07,6.894149020222402e-48
7,0,0.8396732691655211,0.085431667798798,0.0,0.07489506303567627,4.4877115971557464e-15
8,0,0.8396732691655211,0.085431667798798,0.0,0.07489506303567627,4.4877115971557464e-15
9,0,0.6983113805355758,0.21024590367965248,0.0,0.09144271578476942,2.3403532325063567e-15
10,1,0.27281159093281193,0.5381210928097866,0.0,0.1890673162574017,1.4976299789955095e-24
11,0,0.43541057425823493,0.32166901335016596,0.0,0.24292041239159903,1.733316365085261e-34
12,0,0.8835351747977285,0.02153988952883519,0.0,0.09332129142162032,0.0016036442518161322
13,0,0.7737103634866179,0.12856847009590353,0.0,0.09772116641747855,1.4350257858078657e-23
14,0,0.8959343895879879,0.057423226903031394,0.0,0.04664238350896633,1.449600190365546e-14
15,0,0.8563831532491504,0.11684759867335012,0.0,0.02676924807749954,6.770374536431765e-23
16,2,0.0005024261987663839,1.751748752432569e-05,0.999371588055509,0.00010723876623644984,1.2294919638743286e-06
17,0,0.8396732691655211,0.085431667798798,0.0,0.07489506303567627,4.4877115971557464e-15
18,2,0.00012777946877753031,2.687166019089533e-06,0.9988569222218918,8.600084394017591e-05,0.0009266102993714639
19,0,0.46657340281649334,0.009210604519593924,0.0,0.06003337645146962,0.46418261621244306
20,2,0.0005024261987663839,1.751748752432569e-05,0.999371588055509,0.00010723876623644984,1.2294919638743286e-06
21,0,0.8396732691655211,0.085431667798798,0.0,0.07489506303567627,4.4877115971557464e-15
22,1,0.00010255038587784515,0.9998874618451135,0.0,9.987768114630838e-06,8.943688155552603e-13
23,3,0.00020110529328339467,0.25372557808337026,0.0,0.7460733166233466,5.202233500728789e-119
24,0,0.8959343895879879,0.057423226903031394,0.0,0.04664238350896633,1.449600190365546e-14
25,4,0.11450195595365358,0.002194619321717419,0.0,0.016170672001954205,0.8671327527226748
26,0,0.8396732691655211,0.085431667798798,0.0,0.07489506303567627,4.4877115971557464e-15
27,4,0.11450195595365358,0.002194619321717419,0.0,0.016170672001954205,0.8671327527226748
28,0,0.9191428972932172,0.027684516208988222,0.0,0.0518612053979063,0.0013113810998882404
29,1,0.15839526264766726,0.5934753705990592,0.0,0.24812936675327354,2.7857617302325987e-61
30,2,0.000732899038110132,4.319874798670494e-05,0.9991485609928473,7.53411671378454e-05,5.391813755151618e-11
31,0,0.8838219654385717,0.06601694896633291,0.0,0.050161066692048645,1.8903046724385834e-08
32,0,0.8396732691655211,0.085431667798798,0.0,0.07489506303567627,4.4877115971557464e-15
33,1,0.27281159093281193,0.5381210928097866,0.0,0.1890673162574017,1.4976299789955095e-24
34,0,0.8396732691655211,0.085431667798798,0.0,0.07489506303567627,4.4877115971557464e-15
35,0,0.9191428972932172,0.027684516208988222,0.0,0.0518612053979063,0.0013113810998882404
36,0,0.6983113805355758,0.21024590367965248,0.0,0.09144271578476942,2.3403532325063567e-15
37,0,0.8396732691655211,0.085431667798798,0.0,0.07489506303567627,4.4877115971557464e-15
38,0,0.5130000809742371,0.3919740573193246,0.0,0.09502586170643838,3.0689466449557067e-46
39,1,0.03274060247466387,0.9623307150181579,0.0,0.004928682507178617,4.2119928820521467e-95
40,0,0.6726976386478356,0.2189036869560625,0.0,0.10839867439610174,6.012941219770374e-34
41,0,0.8835351747977285,0.02153988952883519,0.0,0.09332129142162032,0.0016036442518161322
42,2,0.00012777946877753031,2.687166019089533e-06,0.9988569222218918,8.600084394017591e-05,0.0009266102993714639
43,0,0.7653397300714933,0.19313508516437755,0.0,0.0415251725842806,1.2179848608274256e-08
44,0,0.9095230474016002,0.05980205038535615,0.0,0.029593836194834622,0.0010810660182088894
45,0,0.43541057425823493,0.32166901335016596,0.0,0.24292041239159903,1.733316365085261e-34
46,3,0.014457645853857453,0.47915067492195923,0.0,0.5063916792241833,5.443633671332229e-49
47,1,0.004266678325514407,0.9736995827774905,0.0,0.022033738896995062,8.74612598016445e-27
48,0,0.9191428972932172,0.027684516208988222,0.0,0.0518612053979063,0.0013113810998882404
49,0,0.8959343895879879,0.057423226903031394,0.0,0.04664238350896633,1.449600190365546e-14
50,1,0.03287584050465999,0.6905320582092594,0.0,0.2765921012860805,3.090097118077671e-36
51,1,0.2853650339987328,0.4335820934333124,0.0,0.2810528725679546,6.407395584480131e-47
52,0,0.6726976386478356,0.2189036869560625,0.0,0.10839867439610174,6.012941219770374e-34
53,0,0.6983113805355758,0.21024590367965248,0.0,0.09144271578476942,2.3403532325063567e-15
54,3,7.2955913148631974e-06,0.12984763479203157,0.0,0.8701450696166534,1.2598639447400877e-83
55,1,0.2853650339987328,0.4335820934333124,0.0,0.2810528725679546,6.407395584480131e-47
56,0,0.7737103634866179,0.12856847009590353,0.0,0.09772116641747855,1.4350257858078657e-23
57,2,0.00012777946877753031,2.687166019089533e-06,0.9988569222218918,8.600084394017591e-05,0.0009266102993714639
58,2,0.00012777946877753031,2.687166019089533e-06,0.9988569222218918,8.600084394017591e-05,0.0009266102993714639
59,2,0.00012777946877753031,2.687166019089533e-06,0.9988569222218918,8.600084394017591e-05,0.0009266102993714639
60,2,0.0008715495664939842,0.00010413007341738501,0.9989854413303109,3.887902977787014e-05,2.6769435942642866e-17
61,2,0.00012777946877753031,2.687166019089533e-06,0.9988569222218918,8.600084394017591e-05,0.0009266102993714639
62,1,0.165324943365059,0.48993662570967483,0.0,0.3447384309252659,3.106418646080502e-35
63,2,0.00028068229674186045,6.940914561101496e-06,0.9992830153656438,0.0001120759341254071,0.0003172854889276201
64,0,0.46657340281649334,0.009210604519593924,0.0,0.06003337645146962,0.46418261621244306
65,2,0.0005024261987663839,1.751748752432569e-05,0.999371588055509,0.00010723876623644984,1.2294919638743286e-06
66,0,0.46657340281649334,0.009210604519593924,0.0,0.06003337645146962,0.46418261621244306
67,2,0.0008449317919648387,0.000245353589592576,0.9988949777030868,1.473691535562393e-05,1.5046804002481806e-25
68,0,0.9191428972932172,0.027684516208988222,0.0,0.0518612053979063,0.0013113810998882404
69,0,0.8396732691655211,0.085431667798798,0.0,0.07489506303567627,4.4877115971557464e-15
70,0,0.9095230474016002,0.05980205038535615,0.0,0.029593836194834622,0.0010810660182088894
71,2,0.00012777946877753031,2.687166019089533e-06,0.9988569222218918,8.600084394017591e-05,0.0009266102993714639
72,2,0.00012777946877753031,2.687166019089533e-06,0.9988569222218918,8.600084394017591e-05,0.0009266102993714639
73,4,0.11450195595365358,0.002194619321717419,0.0,0.016170672001954205,0.8671327527226748
74,3,2.8084306827809505e-05,0.08008525585840635,0.0,0.9198866598347659,1.3039186996972935e-100
75,0,0.8838219654385717,0.06601694896633291,0.0,0.050161066692048645,1.8903046724385834e-08
76,1,0.03287584050465999,0.6905320582092594,0.0,0.2765921012860805,3.090097118077671e-36
77,0,0.5130000809742371,0.3919740573193246,0.0,0.09502586170643838,3.0689466449557067e-46
78,0,0.8835351747977285,0.02153988952883519,0.0,0.09332129142162032,0.0016036442518161322
79,0,0.43541057425823493,0.32166901335016596,0.0,0.24292041239159903,1.733316365085261e-34
80,1,1.7147372772020015e-08,0.9999999793116949,0.0,3.540932003223038e-09,1.5687666698765805e-16
81,0,0.4991160144214622,0.034637391987124844,0.0,0.008388824735610166,0.4578577688558026
82,4,0.09151160444010462,0.008036940806841003,0.0,0.0007158372930055712,0.8997356174600488
83,0,0.7653397300714933,0.19313508516437755,0.0,0.0415251725842806,1.2179848608274256e-08
84,1,0.2853650339987328,0.4335820934333124,0.0,0.2810528725679546,6.407395584480131e-47
85,1,0.03287584050465999,0.6905320582092594,0.0,0.2765921012860805,3.090097118077671e-36
86,0,0.9064930545120622,0.03541221305709315,0.0,0.05809470481605066,2.761479412063816e-08
87,0,0.5825685978315006,0.3955218310333612,0.0,0.021909571135138074,9.841040657728207e-46
88,0,0.46657340281649334,0.009210604519593924,0.0,0.06003337645146962,0.46418261621244306
89,4,0.10587934716787518,0.0032680192618458875,0.0,0.003387078453114002,0.8874655551171651
90,0,0.8396732691655211,0.085431667798798,0.0,0.07489506303567627,4.4877115971557464e-15
91,0,0.6983113805355758,0.21024590367965248,0.0,0.09144271578476942,2.3403532325063567e-15
92,0,0.7843665953436192,0.19892259034483226,0.0,0.015887660210743806,0.000823154100804783
93,2,0.0008449317919648387,0.000245353589592576,0.9988949777030868,1.473691535562393e-05,1.5046804002481806e-25
94,0,0.9064930545120622,0.03541221305709315,0.0,0.05809470481605066,2.761479412063816e-08
95,0,0.8396732691655211,0.085431667798798,0.0,0.07489506303567627,4.4877115971557464e-15
96,4,0.09151160444010462,0.008036940806841003,0.0,0.0007158372930055712,0.8997356174600488
97,4,0.09151160444010462,0.008036940806841003,0.0,0.0007158372930055712,0.8997356174600488
98,4,0.09151160444010462,0.008036940806841003,0.0,0.0007158372930055712,0.8997356174600488
99,0,0.8519677140815356,0.09650946600663826,0.0,0.05152281991182626,3.168988105992291e-23
100,0,0.8878338211514223,0.053936723825784176,0.0,0.0582294550227855,8.019726229460372e-15
101,4,0.11450195595365358,0.002194619321717419,0.0,0.016170672001954205,0.8671327527226748
102,0,0.4998569106515176,0.013918567036110864,0.0,0.02237274380924283,0.4638517785031285
103,4,0.11450195595365358,0.002194619321717419,0.0,0.016170672001954205,0.8671327527226748
104,0,0.9064930545120622,0.03541221305709315,0.0,0.05809470481605066,2.761479412063816e-08
105,0,0.7737103634866179,0.12856847009590353,0.0,0.09772116641747855,1.4350257858078657e-23
106,0,0.9191428972932172,0.027684516208988222,0.0,0.0518612053979063,0.0013113810998882404
107,4,0.09151160444010462,0.008036940806841003,0.0,0.0007158372930055712,0.8997356174600488
108,0,0.8835351747977285,0.02153988952883519,0.0,0.09332129142162032,0.0016036442518161322
109,4,0.10587934716787518,0.0032680192618458875,0.0,0.003387078453114002,0.8874655551171651
110,0,0.4998569106515176,0.013918567036110864,0.0,0.02237274380924283,0.4638517785031285
111,0,0.9095230474016002,0.05980205038535615,0.0,0.029593836194834622,0.0010810660182088894
112,2,0.00012777946877753031,2.687166019089533e-06,0.9988569222218918,8.600084394017591e-05,0.0009266102993714639
113,2,0.0005024261987663839,1.751748752432569e-05,0.999371588055509,0.00010723876623644984,1.2294919638743286e-06
114,0,0.4998569106515176,0.013918567036110864,0.0,0.02237274380924283,0.4638517785031285
115,0,0.7653397300714933,0.19313508516437755,0.0,0.0415251725842806,1.2179848608274256e-08
116,0,0.8974884649993571,0.0323988488483246,0.0,0.07011264488108551,4.127123284183178e-08
117,2,0.00012777946877753031,2.687166019089533e-06,0.9988569222218918,8.600084394017591e-05,0.0009266102993714639
118,4,0.11450195595365358,0.002194619321717419,0.0,0.016170672001954205,0.8671327527226748
119,0,0.8519677140815356,0.09650946600663826,0.0,0.05152281991182626,3.168988105992291e-23
120,3,0.005125988949578878,0.32140256238528375,0.0,0.6734714486651373,1.073702848264846e-63
121,0,0.7843665953436192,0.19892259034483226,0.0,0.015887660210743806,0.000823154100804783
122,1,0.03287584050465999,0.6905320582092594,0.0,0.2765921012860805,3.090097118077671e-36
123,3,0.0005747078623343702,0.22233197265102814,0.0,0.7770933194866374,9.977944714537455e-99
124,2,0.000732899038110132,4.319874798670494e-05,0.9991485609928473,7.53411671378454e-05,5.391813755151618e-11
125,2,0.0008715495664939842,0.00010413007341738501,0.9989854413303109,3.887902977787014e-05,2.6769435942642866e-17
126,2,0.00028068229674186045,6.940914561101496e-06,0.9992830153656438,0.0001120759341254071,0.0003172854889276201
127,0,0.8396732691655211,0.085431667798798,0.0,0.07489506303567627,4.4877115971557464e-15
128,0,0.9064930545120622,0.03541221305709315,0.0,0.05809470481605066,2.761479412063816e-08
129,0,0.46657340281649334,0.009210604519593924,0.0,0.06003337645146962,0.46418261621244306
130,0,0.8838219654385717,0.06601694896633291,0.0,0.050161066692048645,1.8903046724385834e-08
131,0,0.732501467577512,0.2551115203847855,0.0,0.012387012037702592,3.929567126809615e-33
132,0,0.7737103634866179,0.12856847009590353,0.0,0.09772116641747855,1.4350257858078657e-23
133,0,0.8519677140815356,0.09650946600663826,0.0,0.05152281991182626,3.168988105992291e-23
134,1,0.15839526264766726,0.5934753705990592,0.0,0.24812936675327354,2.7857617302325987e-61
135,0,0.43541057425823493,0.32166901335016596,0.0,0.24292041239159903,1.733316365085261e-34
136,0,0.43541057425823493,0.32166901335016596,0.0,0.24292041239159903,1.733316365085261e-34
137,0,0.9191428972932172,0.027684516208988222,0.0,0.0518612053979063,0.0013113810998882404
138,0,0.5825685978315006,0.3955218310333612,0.0,0.021909571135138074,9.841040657728207e-46
139,1,0.35948722062152405,0.5659081296232801,0.0,0.0746046497551952,8.006899050991378e-16
140,0,0.9191428972932172,0.027684516208988222,0.0,0.0518612053979063,0.0013113810998882404
141,0,0.8878338211514223,0.053936723825784176,0.0,0.0582294550227855,8.019726229460372e-15
142,0,0.9191428972932172,0.027684516208988222,0.0,0.0518612053979063,0.0013113810998882404
143,0,0.8838219654385717,0.06601694896633291,0.0,0.050161066692048645,1.8903046724385834e-08
144,0,0.732501467577512,0.2551115203847855,0.0,0.012387012037702592,3.929567126809615e-33
145,0,0.6726976386478356,0.2189036869560625,0.0,0.10839867439610174,6.012941219770374e-34
146,0,0.8396732691655211,0.085431667798798,0.0,0.07489506303567627,4.4877115971557464e-15
147,0,0.8835351747977285,0.02153988952883519,0.0,0.09332129142162032,0.0016036442518161322
148,1,6.006427251762221e-05,0.9999394745785855,0.0,3.926660612536021e-07,6.848283559202844e-08
149,2,0.0004299815615330602,0.0012714016737784657,0.9982977781983695,8.385663189975091e-07,6.894149020222402e-48
150,0,0.7671627838726764,0.19429329131861572,0.0,0.038543924808708094,1.631825432397433e-33
151,2,0.0008715495664939842,0.00010413007341738501,0.9989854413303109,3.887902977787014e-05,2.6769435942642866e-17
152,0,0.7737103634866179,0.12856847009590353,0.0,0.09772116641747855,1.4350257858078657e-23
153,2,0.0008715495664939842,0.00010413007341738501,0.9989854413303109,3.887902977787014e-05,2.6769435942642866e-17
154,2,0.000732899038110132,4.319874798670494e-05,0.9991485609928473,7.53411671378454e-05,5.391813755151618e-11
155,2,0.000732899038110132,4.319874798670494e-05,0.9991485609928473,7.53411671378454e-05,5.391813755151618e-11
156,0,0.8838219654385717,0.06601694896633291,0.0,0.050161066692048645,1.8903046724385834e-08
157,0,0.732501467577512,0.2551115203847855,0.0,0.012387012037702592,3.929567126809615e-33
158,0,0.6983113805355758,0.21024590367965248,0.0,0.09144271578476942,2.3403532325063567e-15
159,0,0.8974884649993571,0.0323988488483246,0.0,0.07011264488108551,4.127123284183178e-08
160,1,0.2853650339987328,0.4335820934333124,0.0,0.2810528725679546,6.407395584480131e-47
161,0,0.8396732691655211,0.085431667798798,0.0,0.07489506303567627,4.4877115971557464e-15
162,0,0.7671627838726764,0.19429329131861572,0.0,0.038543924808708094,1.631825432397433e-33
163,3,0.005125988949578878,0.32140256238528375,0.0,0.6734714486651373,1.073702848264846e-63
164,3,7.2955913148631974e-06,0.12984763479203157,0.0,0.8701450696166534,1.2598639447400877e-83
165,3,4.130036999695483e-09,0.007735712197092718,0.0,0.9922642836728702,1.4557366149931935e-125
166,1,0.15839526264766726,0.5934753705990592,0.0,0.24812936675327354,2.7857617302325987e-61
167,4,0.10587934716787518,0.0032680192618458875,0.0,0.003387078453114002,0.8874655551171651
168,0,0.7737103634866179,0.12856847009590353,0.0,0.09772116641747855,1.4350257858078657e-23
169,0,0.8878338211514223,0.053936723825784176,0.0,0.0582294550227855,8.019726229460372e-15
170,0,0.7737103634866179,0.12856847009590353,0.0,0.09772116641747855,1.4350257858078657e-23
171,4,0.10587934716787518,0.0032680192618458875,0.0,0.003387078453114002,0.8874655551171651
172,0,0.7671627838726764,0.19429329131861572,0.0,0.038543924808708094,1.631825432397433e-33
173,0,0.6726976386478356,0.2189036869560625,0.0,0.10839867439610174,6.012941219770374e-34
174,2,0.00012777946877753031,2.687166019089533e-06,0.9988569222218918,8.600084394017591e-05,0.0009266102993714639
175,0,0.732501467577512,0.2551115203847855,0.0,0.012387012037702592,3.929567126809615e-33
176,3,0.08339304518268158,0.4451898869569972,0.0,0.4714170678603214,7.448184301666187e-48
177,0,0.8959343895879879,0.057423226903031394,0.0,0.04664238350896633,1.449600190365546e-14
178,4,0.10587934716787518,0.0032680192618458875,0.0,0.003387078453114002,0.8874655551171651
179,0,0.9191428972932172,0.027684516208988222,0.0,0.0518612053979063,0.0013113810998882404
180,0,0.6726976386478356,0.2189036869560625,0.0,0.10839867439610174,6.012941219770374e-34
181,0,0.9191428972932172,0.027684516208988222,0.0,0.0518612053979063,0.0013113810998882404
182,4,0.11450195595365358,0.002194619321717419,0.0,0.016170672001954205,0.8671327527226748
183,3,4.382833159091886e-15,8.965464773795667e-05,0.0,0.9999103453522581,1.2660556412196658e-178
184,2,0.0008715495664939842,0.00010413007341738501,0.9989854413303109,3.887902977787014e-05,2.6769435942642866e-17
185,0,0.732501467577512,0.2551115203847855,0.0,0.012387012037702592,3.929567126809615e-33
186,3,0.08339304518268158,0.4451898869569972,0.0,0.4714170678603214,7.448184301666187e-48
187,1,0.165324943365059,0.48993662570967483,0.0,0.3447384309252659,3.106418646080502e-35
188,0,0.8838219654385717,0.06601694896633291,0.0,0.050161066692048645,1.8903046724385834e-08
189,0,0.8519677140815356,0.09650946600663826,0.0,0.05152281991182626,3.168988105992291e-23
190,2,0.0005024261987663839,1.751748752432569e-05,0.999371588055509,0.00010723876623644984,1.2294919638743286e-06
191,0,0.9191428972932172,0.027684516208988222,0.0,0.0518612053979063,0.0013113810998882404
192,0,0.7737103634866179,0.12856847009590353,0.0,0.09772116641747855,1.4350257858078657e-23
193,0,0.5825685978315006,0.3955218310333612,0.0,0.021909571135138074,9.841040657728207e-46
194,0,0.8563831532491504,0.11684759867335012,0.0,0.02676924807749954,6.770374536431765e-23
195,0,0.8563831532491504,0.11684759867335012,0.0,0.02676924807749954,6.770374536431765e-23
196,0,0.8519677140815356,0.09650946600663826,0.0,0.05152281991182626,3.168988105992291e-23
197,2,0.0002255253708673661,0.002793854932231688,0.9969804939133002,1.2578360069329913e-07,5.615119172715245e-62
198,4,0.10587934716787518,0.0032680192618458875,0.0,0.003387078453114002,0.8874655551171651
199,0,0.8959343895879879,0.057423226903031394,0.0,0.04664238350896633,1.449600190365546e-14
200,2,0.000732899038110132,4.319874798670494e-05,0.9991485609928473,7.53411671378454e-05,5.391813755151618e-11
201,1,0.1060912510541946,0.8922735048355277,0.0,0.0016352441102777128,3.027236480347593e-76
202,0,0.8878338211514223,0.053936723825784176,0.0,0.0582294550227855,8.019726229460372e-15
203,0,0.9191428972932172,0.027684516208988222,0.0,0.0518612053979063,0.0013113810998882404
204,2,0.00012777946877753031,2.687166019089533e-06,0.9988569222218918,8.600084394017591e-05,0.0009266102993714639
205,2,0.0005024261987663839,1.751748752432569e-05,0.999371588055509,0.00010723876623644984,1.2294919638743286e-06
206,0,0.8959343895879879,0.057423226903031394,0.0,0.04664238350896633,1.449600190365546e-14
207,1,0.165324943365059,0.48993662570967483,0.0,0.3447384309252659,3.106418646080502e-35
208,1,0.165324943365059,0.48993662570967483,0.0,0.3447384309252659,3.106418646080502e-35
209,0,0.732501467577512,0.2551115203847855,0.0,0.012387012037702592,3.929567126809615e-33
210,0,0.8396732691655211,0.085431667798798,0.0,0.07489506303567627,4.4877115971557464e-15
211,0,0.5825685978315006,0.3955218310333612,0.0,0.021909571135138074,9.841040657728207e-46
212,0,0.7737103634866179,0.12856847009590353,0.0,0.09772116641747855,1.4350257858078657e-23
213,1,0.06981558246278702,0.7734503057129948,0.0,0.15673411182421806,1.3356548011862733e-77
214,0,0.9191428972932172,0.027684516208988222,0.0,0.0518612053979063,0.0013113810998882404
215,4,0.10587934716787518,0.0032680192618458875,0.0,0.003387078453114002,0.8874655551171651
216,0,0.9064930545120622,0.03541221305709315,0.0,0.05809470481605066,2.761479412063816e-08
217,0,0.7671627838726764,0.19429329131861572,0.0,0.038543924808708094,1.631825432397433e-33
218,0,0.8519677140815356,0.09650946600663826,0.0,0.05152281991182626,3.168988105992291e-23
219,1,0.058994103188000524,0.9373258594754352,0.0,0.003680036717792523,6.187714134658293e-10
220,1,0.27281159093281193,0.5381210928097866,0.0,0.1890673162574017,1.4976299789955095e-24
221,0,0.8396732691655211,0.085431667798798,0.0,0.07489506303567627,4.4877115971557464e-15
222,0,0.7737103634866179,0.12856847009590353,0.0,0.09772116641747855,1.4350257858078657e-23
223,0,0.6983113805355758,0.21024590367965248,0.0,0.09144271578476942,2.3403532325063567e-15
224,2,0.0008715495664939842,0.00010413007341738501,0.9989854413303109,3.887902977787014e-05,2.6769435942642866e-17
225,0,0.8974884649993571,0.0323988488483246,0.0,0.07011264488108551,4.127123284183178e-08
226,2,0.0008715495664939842,0.00010413007341738501,0.9989854413303109,3.887902977787014e-05,2.6769435942642866e-17
227,0,0.9064930545120622,0.03541221305709315,0.0,0.05809470481605066,2.761479412063816e-08
228,0,0.8396732691655211,0.085431667798798,0.0,0.07489506303567627,4.4877115971557464e-15
229,2,0.00012777946877753031,2.687166019089533e-06,0.9988569222218918,8.600084394017591e-05,0.0009266102993714639
230,0,0.8838219654385717,0.06601694896633291,0.0,0.050161066692048645,1.8903046724385834e-08
231,2,0.0005024261987663839,1.751748752432569e-05,0.999371588055509,0.00010723876623644984,1.2294919638743286e-06
232,1,0.06289990437039165,0.9147674497820841,0.0,0.022332645847523938,9.867574492923257e-17
233,3,0.0001219180175852535,0.14593073936122633,0.0,0.8539473426211883,6.260432415131486e-82
234,3,0.0001219180175852535,0.14593073936122633,0.0,0.8539473426211883,6.260432415131486e-82
235,0,0.9095230474016002,0.05980205038535615,0.0,0.029593836194834622,0.0010810660182088894
236,0,0.732501467577512,0.2551115203847855,0.0,0.012387012037702592,3.929567126809615e-33
237,0,0.8974884649993571,0.0323988488483246,0.0,0.07011264488108551,4.127123284183178e-08
238,0,0.8835351747977285,0.02153988952883519,0.0,0.09332129142162032,0.0016036442518161322
239,0,0.7671627838726764,0.19429329131861572,0.0,0.038543924808708094,1.631825432397433e-33
240,0,0.7671627838726764,0.19429329131861572,0.0,0.038543924808708094,1.631825432397433e-33
241,3,2.8084306827809505e-05,0.08008525585840635,0.0,0.9198866598347659,1.3039186996972935e-100
242,3,0.0001219180175852535,0.14593073936122633,0.0,0.8539473426211883,6.260432415131486e-82
243,3,7.2955913148631974e-06,0.12984763479203157,0.0,0.8701450696166534,1.2598639447400877e-83
244,3,0.0005120464191997558,0.3084663981946064,0.0,0.6910215553861939,4.038447971541937e-65
245,3,0.0005747078623343702,0.22233197265102814,0.0,0.7770933194866374,9.977944714537455e-99
246,3,0.0005747078623343702,0.22233197265102814,0.0,0.7770933194866374,9.977944714537455e-99
247,3,0.0005120464191997558,0.3084663981946064,0.0,0.6910215553861939,4.038447971541937e-65
248,3,0.0001219180175852535,0.14593073936122633,0.0,0.8539473426211883,6.260432415131486e-82
249,3,0.0005120464191997558,0.3084663981946064,0.0,0.6910215553861939,4.038447971541937e-65
250,3,0.0001219180175852535,0.14593073936122633,0.0,0.8539473426211883,6.260432415131486e-82
251,3,2.8084306827809505e-05,0.08008525585840635,0.0,0.9198866598347659,1.3039186996972935e-100
252,3,0.005125988949578878,0.32140256238528375,0.0,0.6734714486651373,1.073702848264846e-63
253,0,0.8974884649993571,0.0323988488483246,0.0,0.07011264488108551,4.127123284183178e-08
254,3,0.0001219180175852535,0.14593073936122633,0.0,0.8539473426211883,6.260432415131486e-82
255,3,0.0001219180175852535,0.14593073936122633,0.0,0.8539473426211883,6.260432415131486e-82
256,0,0.7843665953436192,0.19892259034483226,0.0,0.015887660210743806,0.000823154100804783
257,0,0.5130000809742371,0.3919740573193246,0.0,0.09502586170643838,3.0689466449557067e-46
258,0,0.5829346140117022,0.2510726346529883,0.0,0.1659927513353094,5.713679554608964e-24
259,0,0.7843665953436192,0.19892259034483226,0.0,0.015887660210743806,0.000823154100804783
260,0,0.8519677140815356,0.09650946600663826,0.0,0.05152281991182626,3.168988105992291e-23
261,2,0.00028068229674186045,6.940914561101496e-06,0.9992830153656438,0.0001120759341254071,0.0003172854889276201
262,0,0.732501467577512,0.2551115203847855,0.0,0.012387012037702592,3.929567126809615e-33
263,3,0.0005120464191997558,0.3084663981946064,0.0,0.6910215553861939,4.038447971541937e-65
264,0,0.8959343895879879,0.057423226903031394,0.0,0.04664238350896633,1.449600190365546e-14
265,3,0.0017027920352789888,0.24219213349968993,0.0,0.7561050744650312,2.755511734262142e-80
266,1,0.35948722062152405,0.5659081296232801,0.0,0.0746046497551952,8.006899050991378e-16
267,2,0.0008715495664939842,0.00010413007341738501,0.9989854413303109,3.887902977787014e-05,2.6769435942642866e-17
268,0,0.8519677140815356,0.09650946600663826,0.0,0.05152281991182626,3.168988105992291e-23
269,1,0.023161584324627938,0.9096984550383385,0.0,0.06713996063703402,6.693747046163114e-96
270,3,0.08339304518268158,0.4451898869569972,0.0,0.4714170678603214,7.448184301666187e-48
271,1,0.2853650339987328,0.4335820934333124,0.0,0.2810528725679546,6.407395584480131e-47
272,0,0.4998569106515176,0.013918567036110864,0.0,0.02237274380924283,0.4638517785031285
273,4,0.09151160444010462,0.008036940806841003,0.0,0.0007158372930055712,0.8997356174600488
274,0,0.8396732691655211,0.085431667798798,0.0,0.07489506303567627,4.4877115971557464e-15
275,2,0.00012777946877753031,2.687166019089533e-06,0.9988569222218918,8.600084394017591e-05,0.0009266102993714639
276,0,0.46657340281649334,0.009210604519593924,0.0,0.06003337645146962,0.46418261621244306
277,0,0.8835351747977285,0.02153988952883519,0.0,0.09332129142162032,0.0016036442518161322
278,0,0.4998569106515176,0.013918567036110864,0.0,0.02237274380924283,0.4638517785031285
279,1,0.028614729816670962,0.9354121770076278,0.0,4.030132564528102e-05,0.035932791850056094
280,0,0.8838219654385717,0.06601694896633291,0.0,0.050161066692048645,1.8903046724385834e-08
281,4,0.10587934716787518,0.0032680192618458875,0.0,0.003387078453114002,0.8874655551171651
282,0,0.8396732691655211,0.085431667798798,0.0,0.07489506303567627,4.4877115971557464e-15
283,0,0.8396732691655211,0.085431667798798,0.0,0.07489506303567627,4.4877115971557464e-15
284,0,0.8396732691655211,0.085431667798798,0.0,0.07489506303567627,4.4877115971557464e-15
285,0,0.8878338211514223,0.053936723825784176,0.0,0.0582294550227855,8.019726229460372e-15
286,3,0.005125988949578878,0.32140256238528375,0.0,0.6734714486651373,1.073702848264846e-63
287,0,0.9095230474016002,0.05980205038535615,0.0,0.029593836194834622,0.0010810660182088894
288,0,0.43541057425823493,0.32166901335016596,0.0,0.24292041239159903,1.733316365085261e-34
289,1,0.045821613947172234,0.9536812875240656,0.0,0.0004524741364902307,4.462439227176542e-05
290,2,0.00012777946877753031,2.687166019089533e-06,0.9988569222218918,8.600084394017591e-05,0.0009266102993714639
291,0,0.46657340281649334,0.009210604519593924,0.0,0.06003337645146962,0.46418261621244306
292,4,0.04755861851468554,0.18653867489038403,0.0,2.7982828519001633e-05,0.7658747237664116
293,0,0.8835351747977285,0.02153988952883519,0.0,0.09332129142162032,0.0016036442518161322
294,4,0.11450195595365358,0.002194619321717419,0.0,0.016170672001954205,0.8671327527226748
295,0,0.9064930545120622,0.03541221305709315,0.0,0.05809470481605066,2.761479412063816e-08
296,0,0.8396732691655211,0.085431667798798,0.0,0.07489506303567627,4.4877115971557464e-15
297,0,0.8396732691655211,0.085431667798798,0.0,0.07489506303567627,4.4877115971557464e-15
298,0,0.8396732691655211,0.085431667798798,0.0,0.07489506303567627,4.4877115971557464e-15
299,0,0.8396732691655211,0.085431667798798,0.0,0.07489506303567627,4.4877115971557464e-15
300,1,0.01175777624125641,0.7238501306348748,0.0,2.1280785402171565e-06,0.26438996504532825
301,2,0.00012777946877753031,2.687166019089533e-06,0.9988569222218918,8.600084394017591e-05,0.0009266102993714639
302,1,0.06289990437039165,0.9147674497820841,0.0,0.022332645847523938,9.867574492923257e-17
303,3,0.005125988949578878,0.32140256238528375,0.0,0.6734714486651373,1.073702848264846e-63
304,1,0.06289990437039165,0.9147674497820841,0.0,0.022332645847523938,9.867574492923257e-17
305,3,0.005125988949578878,0.32140256238528375,0.0,0.6734714486651373,1.073702848264846e-63
306,1,0.2991296990302134,0.6434810301773484,0.0,0.05738927079243833,1.6632417296368575e-60
307,3,0.005125988949578878,0.32140256238528375,0.0,0.6734714486651373,1.073702848264846e-63
308,3,0.005125988949578878,0.32140256238528375,0.0,0.6734714486651373,1.073702848264846e-63
309,0,0.7737103634866179,0.12856847009590353,0.0,0.09772116641747855,1.4350257858078657e-23
310,1,0.2991296990302134,0.6434810301773484,0.0,0.05738927079243833,1.6632417296368575e-60
311,0,0.8396732691655211,0.085431667798798,0.0,0.07489506303567627,4.4877115971557464e-15
312,3,0.08339304518268158,0.4451898869569972,0.0,0.4714170678603214,7.448184301666187e-48
313,1,0.165324943365059,0.48993662570967483,0.0,0.3447384309252659,3.106418646080502e-35
314,3,0.037967033374302794,0.4377898223139162,0.0,0.5242431443117811,2.238439240695819e-62
315,0,0.8396732691655211,0.085431667798798,0.0,0.07489506303567627,4.4877115971557464e-15
316,1,0.165324943365059,0.48993662570967483,0.0,0.3447384309252659,3.106418646080502e-35
317,1,0.00011443667731887839,0.8063070419092351,0.0,0.19357852141344623,9.115715922944075e-52
318,1,0.2853650339987328,0.4335820934333124,0.0,0.2810528725679546,6.407395584480131e-47
319,3,0.0005120464191997558,0.3084663981946064,0.0,0.6910215553861939,4.038447971541937e-65
320,3,0.0017027920352789888,0.24219213349968993,0.0,0.7561050744650312,2.755511734262142e-80
321,0,0.43541057425823493,0.32166901335016596,0.0,0.24292041239159903,1.733316365085261e-34
322,0,0.6726976386478356,0.2189036869560625,0.0,0.10839867439610174,6.012941219770374e-34
323,0,0.6983113805355758,0.21024590367965248,0.0,0.09144271578476942,2.3403532325063567e-15
324,3,0.0005120464191997558,0.3084663981946064,0.0,0.6910215553861939,4.038447971541937e-65
325,3,0.005125988949578878,0.32140256238528375,0.0,0.6734714486651373,1.073702848264846e-63
326,0,0.6726976386478356,0.2189036869560625,0.0,0.10839867439610174,6.012941219770374e-34
327,0,0.43541057425823493,0.32166901335016596,0.0,0.24292041239159903,1.733316365085261e-34
328,0,0.7737103634866179,0.12856847009590353,0.0,0.09772116641747855,1.4350257858078657e-23
329,3,0.037967033374302794,0.4377898223139162,0.0,0.5242431443117811,2.238439240695819e-62
330,3,0.016326267609372155,0.4875498795820267,0.0,0.49612385280860116,8.823943267170077e-79
331,0,0.6726976386478356,0.2189036869560625,0.0,0.10839867439610174,6.012941219770374e-34
332,3,0.005125988949578878,0.32140256238528375,0.0,0.6734714486651373,1.073702848264846e-63
333,3,6.842061749752151e-06,0.05573338508389397,0.0,0.9442597728543562,3.988809028596614e-121
334,3,5.857525334829215e-09,0.0058738068485758325,0.0,0.9941261872938989,2.4461413985778937e-170
335,3,5.220947976835186e-13,0.0002212155168910082,0.0,0.9997787844825866,7.468604632770768e-176
336,3,7.925978022703284e-12,0.0004643198301605878,0.0,0.9995356801619132,1.4213040039198247e-199
337,3,5.857525334829215e-09,0.0058738068485758325,0.0,0.9941261872938989,2.4461413985778937e-170
338,3,4.6384169689471735e-10,0.002282929731483936,0.0,0.9977170698046742,2.0247961945603427e-148
339,3,4.6384169689471735e-10,0.002282929731483936,0.0,0.9977170698046742,2.0247961945603427e-148
340,3,7.2955913148631974e-06,0.12984763479203157,0.0,0.8701450696166534,1.2598639447400877e-83
341,3,5.220947976835186e-13,0.0002212155168910082,0.0,0.9997787844825866,7.468604632770768e-176
342,3,4.6384169689471735e-10,0.002282929731483936,0.0,0.9977170698046742,2.0247961945603427e-148
343,3,6.842061749752151e-06,0.05573338508389397,0.0,0.9442597728543562,3.988809028596614e-121
344,3,5.857525334829215e-09,0.0058738068485758325,0.0,0.9941261872938989,2.4461413985778937e-170
345,3,4.6384169689471735e-10,0.002282929731483936,0.0,0.9977170698046742,2.0247961945603427e-148
346,3,2.8084306827809505e-05,0.08008525585840635,0.0,0.9198866598347659,1.3039186996972935e-100
347,3,5.857525334829215e-09,0.0058738068485758325,0.0,0.9941261872938989,2.4461413985778937e-170
348,3,4.130036999695483e-09,0.007735712197092718,0.0,0.9922642836728702,1.4557366149931935e-125
349,3,4.678405860524818e-14,6.559237137749135e-05,0.0,0.9999344076285758,1.3471188090182225e-202
350,3,5.857525334829215e-09,0.0058738068485758325,0.0,0.9941261872938989,2.4461413985778937e-170
351,3,4.6384169689471735e-10,0.002282929731483936,0.0,0.9977170698046742,2.0247961945603427e-148
352,3,5.857525334829215e-09,0.0058738068485758325,0.0,0.9941261872938989,2.4461413985778937e-170
353,3,8.841685537222345e-11,0.005898093754953457,0.0,0.9941019061566295,8.360776639825661e-128
354,2,0.0004299815615330602,0.0012714016737784657,0.9982977781983695,8.385663189975091e-07,6.894149020222402e-48
355,0,0.5130000809742371,0.3919740573193246,0.0,0.09502586170643838,3.0689466449557067e-46
356,1,0.2991296990302134,0.6434810301773484,0.0,0.05738927079243833,1.6632417296368575e-60
357,3,0.037967033374302794,0.4377898223139162,0.0,0.5242431443117811,2.238439240695819e-62
358,3,0.08339304518268158,0.4451898869569972,0.0,0.4714170678603214,7.448184301666187e-48
359,0,0.7737103634866179,0.12856847009590353,0.0,0.09772116641747855,1.4350257858078657e-23
360,0,0.6726976386478356,0.2189036869560625,0.0,0.10839867439610174,6.012941219770374e-34
361,0,0.8519677140815356,0.09650946600663826,0.0,0.05152281991182626,3.168988105992291e-23
362,0,0.43541057425823493,0.32166901335016596,0.0,0.24292041239159903,1.733316365085261e-34
363,0,0.4998569106515176,0.013918567036110864,0.0,0.02237274380924283,0.4638517785031285
364,2,0.00012777946877753031,2.687166019089533e-06,0.9988569222218918,8.600084394017591e-05,0.0009266102993714639
365,0,0.9095230474016002,0.05980205038535615,0.0,0.029593836194834622,0.0010810660182088894
366,0,0.43541057425823493,0.32166901335016596,0.0,0.24292041239159903,1.733316365085261e-34
367,0,0.43541057425823493,0.32166901335016596,0.0,0.24292041239159903,1.733316365085261e-34
368,0,0.7737103634866179,0.12856847009590353,0.0,0.09772116641747855,1.4350257858078657e-23
369,3,0.08339304518268158,0.4451898869569972,0.0,0.4714170678603214,7.448184301666187e-48
370,1,0.2991296990302134,0.6434810301773484,0.0,0.05738927079243833,1.6632417296368575e-60
371,4,0.07317251695074643,0.032308591741030845,0.0,0.00015108995922512089,0.8943678013489974
372,1,0.2853650339987328,0.4335820934333124,0.0,0.2810528725679546,6.407395584480131e-47
373,1,0.11847215594787393,0.8603168643340222,0.0,0.0212109797181038,8.502666586913394e-77
374,3,0.005125988949578878,0.32140256238528375,0.0,0.6734714486651373,1.073702848264846e-63
375,3,0.014457645853857453,0.47915067492195923,0.0,0.5063916792241833,5.443633671332229e-49
376,0,0.8835351747977285,0.02153988952883519,0.0,0.09332129142162032,0.0016036442518161322
377,1,0.20345127650824268,0.7958122147419421,0.0,0.0007365087498150856,1.3459754978884936e-59
378,1,0.165324943365059,0.48993662570967483,0.0,0.3447384309252659,3.106418646080502e-35
379,0,0.6983113805355758,0.21024590367965248,0.0,0.09144271578476942,2.3403532325063567e-15
380,0,0.8563831532491504,0.11684759867335012,0.0,0.02676924807749954,6.770374536431765e-23
381,0,0.4998569106515176,0.013918567036110864,0.0,0.02237274380924283,0.4638517785031285
382,0,0.8974884649993571,0.0323988488483246,0.0,0.07011264488108551,4.127123284183178e-08
383,2,0.0008715495664939842,0.00010413007341738501,0.9989854413303109,3.887902977787014e-05,2.6769435942642866e-17
384,0,0.5130000809742371,0.3919740573193246,0.0,0.09502586170643838,3.0689466449557067e-46
385,0,0.5829346140117022,0.2510726346529883,0.0,0.1659927513353094,5.713679554608964e-24
386,0,0.8396732691655211,0.085431667798798,0.0,0.07489506303567627,4.4877115971557464e-15
387,2,0.0008715495664939842,0.00010413007341738501,0.9989854413303109,3.887902977787014e-05,2.6769435942642866e-17
388,0,0.8959343895879879,0.057423226903031394,0.0,0.04664238350896633,1.449600190365546e-14
389,0,0.8959343895879879,0.057423226903031394,0.0,0.04664238350896633,1.449600190365546e-14
390,4,0.11450195595365358,0.002194619321717419,0.0,0.016170672001954205,0.8671327527226748
391,0,0.46657340281649334,0.009210604519593924,0.0,0.06003337645146962,0.46418261621244306
392,3,0.08339304518268158,0.4451898869569972,0.0,0.4714170678603214,7.448184301666187e-48
393,0,0.6983113805355758,0.21024590367965248,0.0,0.09144271578476942,2.3403532325063567e-15
394,0,0.43541057425823493,0.32166901335016596,0.0,0.24292041239159903,1.733316365085261e-34
395,1,3.929664387132316e-06,0.9481832979779347,0.0,0.051812772357678574,1.5708854243917967e-53
396,3,0.005125988949578878,0.32140256238528375,0.0,0.6734714486651373,1.073702848264846e-63
397,0,0.5829346140117022,0.2510726346529883,0.0,0.1659927513353094,5.713679554608964e-24
398,0,0.43985355337789084,0.13441905166277335,0.0,0.002996809240114469,0.42273058571922123
399,3,0.037967033374302794,0.4377898223139162,0.0,0.5242431443117811,2.238439240695819e-62
400,0,0.8878338211514223,0.053936723825784176,0.0,0.0582294550227855,8.019726229460372e-15
401,0,0.8878338211514223,0.053936723825784176,0.0,0.0582294550227855,8.019726229460372e-15
402,0,0.8878338211514223,0.053936723825784176,0.0,0.0582294550227855,8.019726229460372e-15
403,3,0.005125988949578878,0.32140256238528375,0.0,0.6734714486651373,1.073702848264846e-63
404,3,0.08339304518268158,0.4451898869569972,0.0,0.4714170678603214,7.448184301666187e-48
405,0,0.7737103634866179,0.12856847009590353,0.0,0.09772116641747855,1.4350257858078657e-23
406,0,0.7737103634866179,0.12856847009590353,0.0,0.09772116641747855,1.4350257858078657e-23
407,0,0.8519677140815356,0.09650946600663826,0.0,0.05152281991182626,3.168988105992291e-23
408,3,0.005125988949578878,0.32140256238528375,0.0,0.6734714486651373,1.073702848264846e-63
409,2,0.00012777946877753031,2.687166019089533e-06,0.9988569222218918,8.600084394017591e-05,0.0009266102993714639
410,2,0.0005024261987663839,1.751748752432569e-05,0.999371588055509,0.00010723876623644984,1.2294919638743286e-06
411,3,0.005125988949578878,0.32140256238528375,0.0,0.6734714486651373,1.073702848264846e-63
412,0,0.7671627838726764,0.19429329131861572,0.0,0.038543924808708094,1.631825432397433e-33
413,0,0.8396732691655211,0.085431667798798,0.0,0.07489506303567627,4.4877115971557464e-15
414,1,0.4821242516950619,0.5139016965707814,0.0,0.003974051734156726,2.437282719184751e-45
415,0,0.8396732691655211,0.085431667798798,0.0,0.07489506303567627,4.4877115971557464e-15
416,0,0.5130000809742371,0.3919740573193246,0.0,0.09502586170643838,3.0689466449557067e-46
417,0,0.8563831532491504,0.11684759867335012,0.0,0.02676924807749954,6.770374536431765e-23
418,0,0.8838219654385717,0.06601694896633291,0.0,0.050161066692048645,1.8903046724385834e-08
419,0,0.8959343895879879,0.057423226903031394,0.0,0.04664238350896633,1.449600190365546e-14
420,0,0.8959343895879879,0.057423226903031394,0.0,0.04664238350896633,1.449600190365546e-14
421,0,0.5130000809742371,0.3919740573193246,0.0,0.09502586170643838,3.0689466449557067e-46
422,0,0.8396732691655211,0.085431667798798,0.0,0.07489506303567627,4.4877115971557464e-15
423,2,0.000732899038110132,4.319874798670494e-05,0.9991485609928473,7.53411671378454e-05,5.391813755151618e-11
424,0,0.8878338211514223,0.053936723825784176,0.0,0.0582294550227855,8.019726229460372e-15
425,0,0.6726976386478356,0.2189036869560625,0.0,0.10839867439610174,6.012941219770374e-34
426,2,0.0002255253708673661,0.002793854932231688,0.9969804939133002,1.2578360069329913e-07,5.615119172715245e-62
427,1,0.35948722062152405,0.5659081296232801,0.0,0.0746046497551952,8.006899050991378e-16
428,1,0.27281159093281193,0.5381210928097866,0.0,0.1890673162574017,1.4976299789955095e-24
429,2,0.0008449317919648387,0.000245353589592576,0.9988949777030868,1.473691535562393e-05,1.5046804002481806e-25
430,1,0.165324943365059,0.48993662570967483,0.0,0.3447384309252659,3.106418646080502e-35
431,1,0.023161584324627938,0.9096984550383385,0.0,0.06713996063703402,6.693747046163114e-96
432,3,0.005125988949578878,0.32140256238528375,0.0,0.6734714486651373,1.073702848264846e-63
433,1,0.06981558246278702,0.7734503057129948,0.0,0.15673411182421806,1.3356548011862733e-77
434,0,0.732501467577512,0.2551115203847855,0.0,0.012387012037702592,3.929567126809615e-33
435,0,0.8835351747977285,0.02153988952883519,0.0,0.09332129142162032,0.0016036442518161322
436,0,0.5825685978315006,0.3955218310333612,0.0,0.021909571135138074,9.841040657728207e-46
437,1,0.15839526264766726,0.5934753705990592,0.0,0.24812936675327354,2.7857617302325987e-61
438,1,0.15839526264766726,0.5934753705990592,0.0,0.24812936675327354,2.7857617302325987e-61
439,3,0.037967033374302794,0.4377898223139162,0.0,0.5242431443117811,2.238439240695819e-62
440,1,0.2853650339987328,0.4335820934333124,0.0,0.2810528725679546,6.407395584480131e-47
441,1,0.006493927200614114,0.6022021619757563,0.0,0.39130391082362936,4.468270398854951e-97
442,1,0.06981558246278702,0.7734503057129948,0.0,0.15673411182421806,1.3356548011862733e-77
443,3,0.08339304518268158,0.4451898869569972,0.0,0.4714170678603214,7.448184301666187e-48
444,1,0.27281159093281193,0.5381210928097866,0.0,0.1890673162574017,1.4976299789955095e-24
445,1,0.06981558246278702,0.7734503057129948,0.0,0.15673411182421806,1.3356548011862733e-77
446,1,0.15839526264766726,0.5934753705990592,0.0,0.24812936675327354,2.7857617302325987e-61
447,1,0.15839526264766726,0.5934753705990592,0.0,0.24812936675327354,2.7857617302325987e-61
448,0,0.5130000809742371,0.3919740573193246,0.0,0.09502586170643838,3.0689466449557067e-46
449,1,0.15839526264766726,0.5934753705990592,0.0,0.24812936675327354,2.7857617302325987e-61
450,1,0.15839526264766726,0.5934753705990592,0.0,0.24812936675327354,2.7857617302325987e-61
451,1,0.06981558246278702,0.7734503057129948,0.0,0.15673411182421806,1.3356548011862733e-77
452,1,0.15839526264766726,0.5934753705990592,0.0,0.24812936675327354,2.7857617302325987e-61
453,1,0.2853650339987328,0.4335820934333124,0.0,0.2810528725679546,6.407395584480131e-47
454,0,0.46657340281649334,0.009210604519593924,0.0,0.06003337645146962,0.46418261621244306
455,1,0.35948722062152405,0.5659081296232801,0.0,0.0746046497551952,8.006899050991378e-16
456,1,0.165324943365059,0.48993662570967483,0.0,0.3447384309252659,3.106418646080502e-35
457,0,0.8878338211514223,0.053936723825784176,0.0,0.0582294550227855,8.019726229460372e-15
458,3,0.037967033374302794,0.4377898223139162,0.0,0.5242431443117811,2.238439240695819e-62
459,3,0.0001219180175852535,0.14593073936122633,0.0,0.8539473426211883,6.260432415131486e-82
460,0,0.8519677140815356,0.09650946600663826,0.0,0.05152281991182626,3.168988105992291e-23
461,1,0.35948722062152405,0.5659081296232801,0.0,0.0746046497551952,8.006899050991378e-16
462,0,0.7737103634866179,0.12856847009590353,0.0,0.09772116641747855,1.4350257858078657e-23
463,3,0.016326267609372155,0.4875498795820267,0.0,0.49612385280860116,8.823943267170077e-79
464,3,2.8084306827809505e-05,0.08008525585840635,0.0,0.9198866598347659,1.3039186996972935e-100
465,3,3.068529804374528e-08,0.008554279518779729,0.0,0.9914456897959224,6.279037003526951e-146
466,3,0.08339304518268158,0.4451898869569972,0.0,0.4714170678603214,7.448184301666187e-48
467,0,0.43541057425823493,0.32166901335016596,0.0,0.24292041239159903,1.733316365085261e-34
468,3,0.005125988949578878,0.32140256238528375,0.0,0.6734714486651373,1.073702848264846e-63
469,0,0.8563831532491504,0.11684759867335012,0.0,0.02676924807749954,6.770374536431765e-23
470,0,0.6726976386478356,0.2189036869560625,0.0,0.10839867439610174,6.012941219770374e-34
471,1,0.06981558246278702,0.7734503057129948,0.0,0.15673411182421806,1.3356548011862733e-77
472,3,0.08339304518268158,0.4451898869569972,0.0,0.4714170678603214,7.448184301666187e-48
473,0,0.8396732691655211,0.085431667798798,0.0,0.07489506303567627,4.4877115971557464e-15
474,0,0.8396732691655211,0.085431667798798,0.0,0.07489506303567627,4.4877115971557464e-15
475,0,0.8519677140815356,0.09650946600663826,0.0,0.05152281991182626,3.168988105992291e-23
476,1,0.165324943365059,0.48993662570967483,0.0,0.3447384309252659,3.106418646080502e-35
477,0,0.8838219654385717,0.06601694896633291,0.0,0.050161066692048645,1.8903046724385834e-08
478,0,0.8519677140815356,0.09650946600663826,0.0,0.05152281991182626,3.168988105992291e-23
479,2,0.0008715495664939842,0.00010413007341738501,0.9989854413303109,3.887902977787014e-05,2.6769435942642866e-17
480,2,0.0005024261987663839,1.751748752432569e-05,0.999371588055509,0.00010723876623644984,1.2294919638743286e-06
481,1,0.27281159093281193,0.5381210928097866,0.0,0.1890673162574017,1.4976299789955095e-24
482,2,0.00012777946877753031,2.687166019089533e-06,0.9988569222218918,8.600084394017591e-05,0.0009266102993714639
483,0,0.8396732691655211,0.085431667798798,0.0,0.07489506303567627,4.4877115971557464e-15
484,2,0.00012777946877753031,2.687166019089533e-06,0.9988569222218918,8.600084394017591e-05,0.0009266102993714639
485,0,0.8396732691655211,0.085431667798798,0.0,0.07489506303567627,4.4877115971557464e-15
486,4,0.11450195595365358,0.002194619321717419,0.0,0.016170672001954205,0.8671327527226748
487,0,0.5829346140117022,0.2510726346529883,0.0,0.1659927513353094,5.713679554608964e-24
488,0,0.43541057425823493,0.32166901335016596,0.0,0.24292041239159903,1.733316365085261e-34
489,0,0.6726976386478356,0.2189036869560625,0.0,0.10839867439610174,6.012941219770374e-34
490,1,0.27281159093281193,0.5381210928097866,0.0,0.1890673162574017,1.4976299789955095e-24
491,2,0.00012777946877753031,2.687166019089533e-06,0.9988569222218918,8.600084394017591e-05,0.0009266102993714639
492,0,0.7671627838726764,0.19429329131861572,0.0,0.038543924808708094,1.631825432397433e-33
493,3,2.8084306827809505e-05,0.08008525585840635,0.0,0.9198866598347659,1.3039186996972935e-100
494,2,0.000732899038110132,4.319874798670494e-05,0.9991485609928473,7.53411671378454e-05,5.391813755151618e-11
495,2,0.00012777946877753031,2.687166019089533e-06,0.9988569222218918,8.600084394017591e-05,0.0009266102993714639
496,0,0.4991160144214622,0.034637391987124844,0.0,0.008388824735610166,0.4578577688558026
497,3,0.005125988949578878,0.32140256238528375,0.0,0.6734714486651373,1.073702848264846e-63
498,2,0.00012777946877753031,2.687166019089533e-06,0.9988569222218918,8.600084394017591e-05,0.0009266102993714639
499,0,0.8396732691655211,0.085431667798798,0.0,0.07489506303567627,4.4877115971557464e-15
500,0,0.6983113805355758,0.21024590367965248,0.0,0.09144271578476942,2.3403532325063567e-15
501,3,2.5548699894392564e-21,1.2572760020842855e-07,0.0,0.9999998742724,1.2359436912511592e-268
502,3,3.9695430231683055e-05,0.40595705156395206,0.0,0.5940032530058166,1.2493246737375884e-66
503,2,0.000732899038110132,4.319874798670494e-05,0.9991485609928473,7.53411671378454e-05,5.391813755151618e-11
504,3,0.005125988949578878,0.32140256238528375,0.0,0.6734714486651373,1.073702848264846e-63
505,0,0.46657340281649334,0.009210604519593924,0.0,0.06003337645146962,0.46418261621244306
506,0,0.8396732691655211,0.085431667798798,0.0,0.07489506303567627,4.4877115971557464e-15
507,3,0.037967033374302794,0.4377898223139162,0.0,0.5242431443117811,2.238439240695819e-62
508,0,0.46657340281649334,0.009210604519593924,0.0,0.06003337645146962,0.46418261621244306
509,0,0.4991160144214622,0.034637391987124844,0.0,0.008388824735610166,0.4578577688558026
510,2,0.0008715495664939842,0.00010413007341738501,0.9989854413303109,3.887902977787014e-05,2.6769435942642866e-17
511,0,0.9095230474016002,0.05980205038535615,0.0,0.029593836194834622,0.0010810660182088894
512,1,0.0016699724006203358,0.6070955751909384,0.0,0.391234452408441,2.8093267655050815e-50
513,0,0.7737103634866179,0.12856847009590353,0.0,0.09772116641747855,1.4350257858078657e-23
514,1,0.0022029715133489816,0.7606347005043697,0.0,0.23716232798228185,2.6798854572978637e-117
515,0,0.6726976386478356,0.2189036869560625,0.0,0.10839867439610174,6.012941219770374e-34
516,0,0.8959343895879879,0.057423226903031394,0.0,0.04664238350896633,1.449600190365546e-14
517,2,0.0004299815615330602,0.0012714016737784657,0.9982977781983695,8.385663189975091e-07,6.894149020222402e-48
518,0,0.5829346140117022,0.2510726346529883,0.0,0.1659927513353094,5.713679554608964e-24
519,2,0.000732899038110132,4.319874798670494e-05,0.9991485609928473,7.53411671378454e-05,5.391813755151618e-11
520,0,0.8974884649993571,0.0323988488483246,0.0,0.07011264488108551,4.127123284183178e-08
521,0,0.8396732691655211,0.085431667798798,0.0,0.07489506303567627,4.4877115971557464e-15
522,3,3.9695430231683055e-05,0.40595705156395206,0.0,0.5940032530058166,1.2493246737375884e-66
523,1,0.06981558246278702,0.7734503057129948,0.0,0.15673411182421806,1.3356548011862733e-77
524,0,0.8519677140815356,0.09650946600663826,0.0,0.05152281991182626,3.168988105992291e-23
525,1,0.0033257211312392116,0.8748074135680705,0.0,0.12186686530069019,1.6572410510543736e-37
526,0,0.6726976386478356,0.2189036869560625,0.0,0.10839867439610174,6.012941219770374e-34
527,0,0.9095230474016002,0.05980205038535615,0.0,0.029593836194834622,0.0010810660182088894
528,3,0.0017027920352789888,0.24219213349968993,0.0,0.7561050744650312,2.755511734262142e-80
529,1,0.15839526264766726,0.5934753705990592,0.0,0.24812936675327354,2.7857617302325987e-61
530,1,0.2991296990302134,0.6434810301773484,0.0,0.05738927079243833,1.6632417296368575e-60
531,1,0.35948722062152405,0.5659081296232801,0.0,0.0746046497551952,8.006899050991378e-16
532,0,0.9064930545120622,0.03541221305709315,0.0,0.05809470481605066,2.761479412063816e-08
533,0,0.6726976386478356,0.2189036869560625,0.0,0.10839867439610174,6.012941219770374e-34
534,0,0.43541057425823493,0.32166901335016596,0.0,0.24292041239159903,1.733316365085261e-34
535,3,0.08339304518268158,0.4451898869569972,0.0,0.4714170678603214,7.448184301666187e-48
536,0,0.8563831532491504,0.11684759867335012,0.0,0.02676924807749954,6.770374536431765e-23
537,1,0.3902616738882853,0.5878861992648403,0.0,0.021852121949141844,4.897732647838799e-09
538,0,0.5829346140117022,0.2510726346529883,0.0,0.1659927513353094,5.713679554608964e-24
539,0,0.8878338211514223,0.053936723825784176,0.0,0.0582294550227855,8.019726229460372e-15
540,1,0.165324943365059,0.48993662570967483,0.0,0.3447384309252659,3.106418646080502e-35
541,0,0.8519677140815356,0.09650946600663826,0.0,0.05152281991182626,3.168988105992291e-23
542,0,0.43541057425823493,0.32166901335016596,0.0,0.24292041239159903,1.733316365085261e-34
543,0,0.7737103634866179,0.12856847009590353,0.0,0.09772116641747855,1.4350257858078657e-23
544,0,0.6726976386478356,0.2189036869560625,0.0,0.10839867439610174,6.012941219770374e-34
545,4,0.10587934716787518,0.0032680192618458875,0.0,0.003387078453114002,0.8874655551171651
546,2,0.00012777946877753031,2.687166019089533e-06,0.9988569222218918,8.600084394017591e-05,0.0009266102993714639
547,2,0.00012777946877753031,2.687166019089533e-06,0.9988569222218918,8.600084394017591e-05,0.0009266102993714639
548,2,0.00012777946877753031,2.687166019089533e-06,0.9988569222218918,8.600084394017591e-05,0.0009266102993714639
549,2,0.00012777946877753031,2.687166019089533e-06,0.9988569222218918,8.600084394017591e-05,0.0009266102993714639
550,2,0.00012777946877753031,2.687166019089533e-06,0.9988569222218918,8.600084394017591e-05,0.0009266102993714639
551,2,0.00012777946877753031,2.687166019089533e-06,0.9988569222218918,8.600084394017591e-05,0.0009266102993714639
552,1,2.865858137144525e-06,0.9999890707083652,0.0,8.063433497414377e-06,2.2260723164562363e-21
553,3,0.0005120464191997558,0.3084663981946064,0.0,0.6910215553861939,4.038447971541937e-65
554,3,2.5548699894392564e-21,1.2572760020842855e-07,0.0,0.9999998742724,1.2359436912511592e-268
555,1,2.865858137144525e-06,0.9999890707083652,0.0,8.063433497414377e-06,2.2260723164562363e-21
556,1,3.3912405929663006e-12,0.9999664910976258,0.0,3.350889898291543e-05,2.4278604772064057e-60
557,3,0.00020110529328339467,0.25372557808337026,0.0,0.7460733166233466,5.202233500728789e-119
558,3,7.089428999218535e-05,0.3497579370356349,0.0,0.6501711686743731,3.794626776827336e-141
559,1,3.885084014597756e-06,0.9997930922109844,0.0,0.0002030227050006611,3.751751512991022e-30
560,1,0.2991296990302134,0.6434810301773484,0.0,0.05738927079243833,1.6632417296368575e-60
561,1,0.03287584050465999,0.6905320582092594,0.0,0.2765921012860805,3.090097118077671e-36
562,3,6.46259448948163e-12,0.000992232657187838,0.0,0.9990077673363491,6.378200888748371e-151
563,1,2.058136540627655e-06,0.6313482692006857,0.0,0.36864967266277393,2.739488984424545e-68
564,3,2.5548699894392564e-21,1.2572760020842855e-07,0.0,0.9999998742724,1.2359436912511592e-268
565,0,0.8838219654385717,0.06601694896633291,0.0,0.050161066692048645,1.8903046724385834e-08
566,0,0.8396732691655211,0.085431667798798,0.0,0.07489506303567627,4.4877115971557464e-15
567,0,0.43541057425823493,0.32166901335016596,0.0,0.24292041239159903,1.733316365085261e-34
568,0,0.7737103634866179,0.12856847009590353,0.0,0.09772116641747855,1.4350257858078657e-23
569,0,0.7737103634866179,0.12856847009590353,0.0,0.09772116641747855,1.4350257858078657e-23
570,0,0.7737103634866179,0.12856847009590353,0.0,0.09772116641747855,1.4350257858078657e-23
571,0,0.8396732691655211,0.085431667798798,0.0,0.07489506303567627,4.4877115971557464e-15
572,0,0.8396732691655211,0.085431667798798,0.0,0.07489506303567627,4.4877115971557464e-15
573,0,0.8396732691655211,0.085431667798798,0.0,0.07489506303567627,4.4877115971557464e-15
574,0,0.8396732691655211,0.085431667798798,0.0,0.07489506303567627,4.4877115971557464e-15
575,0,0.8396732691655211,0.085431667798798,0.0,0.07489506303567627,4.4877115971557464e-15
576,0,0.8396732691655211,0.085431667798798,0.0,0.07489506303567627,4.4877115971557464e-15
577,0,0.8396732691655211,0.085431667798798,0.0,0.07489506303567627,4.4877115971557464e-15
578,3,0.005125988949578878,0.32140256238528375,0.0,0.6734714486651373,1.073702848264846e-63
579,0,0.8396732691655211,0.085431667798798,0.0,0.07489506303567627,4.4877115971557464e-15
580,0,0.8396732691655211,0.085431667798798,0.0,0.07489506303567627,4.4877115971557464e-15
581,0,0.8396732691655211,0.085431667798798,0.0,0.07489506303567627,4.4877115971557464e-15
582,0,0.8396732691655211,0.085431667798798,0.0,0.07489506303567627,4.4877115971557464e-15
583,0,0.8396732691655211,0.085431667798798,0.0,0.07489506303567627,4.4877115971557464e-15
584,0,0.8396732691655211,0.085431667798798,0.0,0.07489506303567627,4.4877115971557464e-15
585,0,0.8396732691655211,0.085431667798798,0.0,0.07489506303567627,4.4877115971557464e-15
586,1,0.27281159093281193,0.5381210928097866,0.0,0.1890673162574017,1.4976299789955095e-24
587,0,0.5130000809742371,0.3919740573193246,0.0,0.09502586170643838,3.0689466449557067e-46
588,0,0.7737103634866179,0.12856847009590353,0.0,0.09772116641747855,1.4350257858078657e-23
589,0,0.7737103634866179,0.12856847009590353,0.0,0.09772116641747855,1.4350257858078657e-23
590,0,0.6726976386478356,0.2189036869560625,0.0,0.10839867439610174,6.012941219770374e-34
591,0,0.5829346140117022,0.2510726346529883,0.0,0.1659927513353094,5.713679554608964e-24
592,0,0.8396732691655211,0.085431667798798,0.0,0.07489506303567627,4.4877115971557464e-15
593,1,0.27281159093281193,0.5381210928097866,0.0,0.1890673162574017,1.4976299789955095e-24
594,0,0.9095230474016002,0.05980205038535615,0.0,0.029593836194834622,0.0010810660182088894
595,1,0.27281159093281193,0.5381210928097866,0.0,0.1890673162574017,1.4976299789955095e-24
596,0,0.4991160144214622,0.034637391987124844,0.0,0.008388824735610166,0.4578577688558026
597,0,0.9064930545120622,0.03541221305709315,0.0,0.05809470481605066,2.761479412063816e-08
598,0,0.43985355337789084,0.13441905166277335,0.0,0.002996809240114469,0.42273058571922123
599,4,0.09151160444010462,0.008036940806841003,0.0,0.0007158372930055712,0.8997356174600488
600,2,0.00012777946877753031,2.687166019089533e-06,0.9988569222218918,8.600084394017591e-05,0.0009266102993714639
601,4,0.10587934716787518,0.0032680192618458875,0.0,0.003387078453114002,0.8874655551171651
602,4,0.09151160444010462,0.008036940806841003,0.0,0.0007158372930055712,0.8997356174600488
603,0,0.9095230474016002,0.05980205038535615,0.0,0.029593836194834622,0.0010810660182088894
604,0,0.4991160144214622,0.034637391987124844,0.0,0.008388824735610166,0.4578577688558026
605,1,0.27281159093281193,0.5381210928097866,0.0,0.1890673162574017,1.4976299789955095e-24
606,3,0.005125988949578878,0.32140256238528375,0.0,0.6734714486651373,1.073702848264846e-63
607,3,0.005125988949578878,0.32140256238528375,0.0,0.6734714486651373,1.073702848264846e-63
608,0,0.8519677140815356,0.09650946600663826,0.0,0.05152281991182626,3.168988105992291e-23
609,0,0.5829346140117022,0.2510726346529883,0.0,0.1659927513353094,5.713679554608964e-24
610,0,0.9064930545120622,0.03541221305709315,0.0,0.05809470481605066,2.761479412063816e-08
611,0,0.5829346140117022,0.2510726346529883,0.0,0.1659927513353094,5.713679554608964e-24
612,0,0.8878338211514223,0.053936723825784176,0.0,0.0582294550227855,8.019726229460372e-15
613,0,0.8519677140815356,0.09650946600663826,0.0,0.05152281991182626,3.168988105992291e-23
614,0,0.5829346140117022,0.2510726346529883,0.0,0.1659927513353094,5.713679554608964e-24
615,0,0.8878338211514223,0.053936723825784176,0.0,0.0582294550227855,8.019726229460372e-15
616,0,0.8519677140815356,0.09650946600663826,0.0,0.05152281991182626,3.168988105992291e-23
617,0,0.8974884649993571,0.0323988488483246,0.0,0.07011264488108551,4.127123284183178e-08
618,0,0.7737103634866179,0.12856847009590353,0.0,0.09772116641747855,1.4350257858078657e-23
619,0,0.8519677140815356,0.09650946600663826,0.0,0.05152281991182626,3.168988105992291e-23
620,0,0.6726976386478356,0.2189036869560625,0.0,0.10839867439610174,6.012941219770374e-34
621,0,0.4998569106515176,0.013918567036110864,0.0,0.02237274380924283,0.4638517785031285
622,2,0.00028068229674186045,6.940914561101496e-06,0.9992830153656438,0.0001120759341254071,0.0003172854889276201
623,0,0.7671627838726764,0.19429329131861572,0.0,0.038543924808708094,1.631825432397433e-33
624,0,0.8878338211514223,0.053936723825784176,0.0,0.0582294550227855,8.019726229460372e-15
625,1,0.2853650339987328,0.4335820934333124,0.0,0.2810528725679546,6.407395584480131e-47
626,1,0.2853650339987328,0.4335820934333124,0.0,0.2810528725679546,6.407395584480131e-47
627,0,0.6983113805355758,0.21024590367965248,0.0,0.09144271578476942,2.3403532325063567e-15
628,4,0.10587934716787518,0.0032680192618458875,0.0,0.003387078453114002,0.8874655551171651
629,0,0.5829346140117022,0.2510726346529883,0.0,0.1659927513353094,5.713679554608964e-24
630,0,0.9191428972932172,0.027684516208988222,0.0,0.0518612053979063,0.0013113810998882404
631,1,0.4821242516950619,0.5139016965707814,0.0,0.003974051734156726,2.437282719184751e-45
632,0,0.4991160144214622,0.034637391987124844,0.0,0.008388824735610166,0.4578577688558026
633,3,2.8084306827809505e-05,0.08008525585840635,0.0,0.9198866598347659,1.3039186996972935e-100
634,0,0.7843665953436192,0.19892259034483226,0.0,0.015887660210743806,0.000823154100804783
635,0,0.6726976386478356,0.2189036869560625,0.0,0.10839867439610174,6.012941219770374e-34
636,0,0.6983113805355758,0.21024590367965248,0.0,0.09144271578476942,2.3403532325063567e-15
637,0,0.8878338211514223,0.053936723825784176,0.0,0.0582294550227855,8.019726229460372e-15
638,2,0.0008449317919648387,0.000245353589592576,0.9988949777030868,1.473691535562393e-05,1.5046804002481806e-25
639,1,0.06981558246278702,0.7734503057129948,0.0,0.15673411182421806,1.3356548011862733e-77
640,0,0.7671627838726764,0.19429329131861572,0.0,0.038543924808708094,1.631825432397433e-33
641,0,0.5130000809742371,0.3919740573193246,0.0,0.09502586170643838,3.0689466449557067e-46
642,0,0.8835351747977285,0.02153988952883519,0.0,0.09332129142162032,0.0016036442518161322
643,0,0.9064930545120622,0.03541221305709315,0.0,0.05809470481605066,2.761479412063816e-08
644,3,0.014457645853857453,0.47915067492195923,0.0,0.5063916792241833,5.443633671332229e-49
645,0,0.4998569106515176,0.013918567036110864,0.0,0.02237274380924283,0.4638517785031285
646,0,0.7737103634866179,0.12856847009590353,0.0,0.09772116641747855,1.4350257858078657e-23
647,1,0.03287584050465999,0.6905320582092594,0.0,0.2765921012860805,3.090097118077671e-36
648,0,0.8519677140815356,0.09650946600663826,0.0,0.05152281991182626,3.168988105992291e-23
649,0,0.9064930545120622,0.03541221305709315,0.0,0.05809470481605066,2.761479412063816e-08
650,0,0.8396732691655211,0.085431667798798,0.0,0.07489506303567627,4.4877115971557464e-15
651,0,0.4998569106515176,0.013918567036110864,0.0,0.02237274380924283,0.4638517785031285
652,3,0.005125988949578878,0.32140256238528375,0.0,0.6734714486651373,1.073702848264846e-63
653,1,0.2853650339987328,0.4335820934333124,0.0,0.2810528725679546,6.407395584480131e-47
654,1,0.03274060247466387,0.9623307150181579,0.0,0.004928682507178617,4.2119928820521467e-95
655,0,0.43541057425823493,0.32166901335016596,0.0,0.24292041239159903,1.733316365085261e-34
656,0,0.43541057425823493,0.32166901335016596,0.0,0.24292041239159903,1.733316365085261e-34
657,0,0.7843665953436192,0.19892259034483226,0.0,0.015887660210743806,0.000823154100804783
658,3,2.5548699894392564e-21,1.2572760020842855e-07,0.0,0.9999998742724,1.2359436912511592e-268
659,1,0.22482498603392456,0.5345896266654323,0.0,0.0006703046899457999,0.2399150826106971
660,0,0.8838219654385717,0.06601694896633291,0.0,0.050161066692048645,1.8903046724385834e-08
661,1,0.3117573487618377,0.6803349841691305,0.0,0.007907667069031947,5.808145980145633e-60
662,0,0.8959343895879879,0.057423226903031394,0.0,0.04664238350896633,1.449600190365546e-14
663,0,0.8959343895879879,0.057423226903031394,0.0,0.04664238350896633,1.449600190365546e-14
664,3,0.005125988949578878,0.32140256238528375,0.0,0.6734714486651373,1.073702848264846e-63
665,2,0.0005024261987663839,1.751748752432569e-05,0.999371588055509,0.00010723876623644984,1.2294919638743286e-06
666,0,0.8835351747977285,0.02153988952883519,0.0,0.09332129142162032,0.0016036442518161322
667,0,0.8563831532491504,0.11684759867335012,0.0,0.02676924807749954,6.770374536431765e-23
668,0,0.8974884649993571,0.0323988488483246,0.0,0.07011264488108551,4.127123284183178e-08
669,0,0.8838219654385717,0.06601694896633291,0.0,0.050161066692048645,1.8903046724385834e-08
670,0,0.8974884649993571,0.0323988488483246,0.0,0.07011264488108551,4.127123284183178e-08
671,0,0.8835351747977285,0.02153988952883519,0.0,0.09332129142162032,0.0016036442518161322
672,0,0.7737103634866179,0.12856847009590353,0.0,0.09772116641747855,1.4350257858078657e-23
673,1,0.05490721393015341,0.9450141328824577,0.0,7.865318738881113e-05,6.601688540658647e-76
674,0,0.7671627838726764,0.19429329131861572,0.0,0.038543924808708094,1.631825432397433e-33
675,2,0.00012777946877753031,2.687166019089533e-06,0.9988569222218918,8.600084394017591e-05,0.0009266102993714639
676,0,0.5130000809742371,0.3919740573193246,0.0,0.09502586170643838,3.0689466449557067e-46
677,2,0.00012777946877753031,2.687166019089533e-06,0.9988569222218918,8.600084394017591e-05,0.0009266102993714639
678,2,0.00012777946877753031,2.687166019089533e-06,0.9988569222218918,8.600084394017591e-05,0.0009266102993714639
679,0,0.8396732691655211,0.085431667798798,0.0,0.07489506303567627,4.4877115971557464e-15
680,2,0.00012777946877753031,2.687166019089533e-06,0.9988569222218918,8.600084394017591e-05,0.0009266102993714639
681,2,0.00012777946877753031,2.687166019089533e-06,0.9988569222218918,8.600084394017591e-05,0.0009266102993714639
682,2,0.00012777946877753031,2.687166019089533e-06,0.9988569222218918,8.600084394017591e-05,0.0009266102993714639
683,2,0.00012777946877753031,2.687166019089533e-06,0.9988569222218918,8.600084394017591e-05,0.0009266102993714639
684,2,0.00012777946877753031,2.687166019089533e-06,0.9988569222218918,8.600084394017591e-05,0.0009266102993714639
685,2,0.00012777946877753031,2.687166019089533e-06,0.9988569222218918,8.600084394017591e-05,0.0009266102993714639
686,2,0.00012777946877753031,2.687166019089533e-06,0.9988569222218918,8.600084394017591e-05,0.0009266102993714639
687,2,0.000732899038110132,4.319874798670494e-05,0.9991485609928473,7.53411671378454e-05,5.391813755151618e-11
688,0,0.9095230474016002,0.05980205038535615,0.0,0.029593836194834622,0.0010810660182088894
689,2,0.0005024261987663839,1.751748752432569e-05,0.999371588055509,0.00010723876623644984,1.2294919638743286e-06
690,4,0.10587934716787518,0.0032680192618458875,0.0,0.003387078453114002,0.8874655551171651
691,0,0.8396732691655211,0.085431667798798,0.0,0.07489506303567627,4.4877115971557464e-15
692,0,0.9095230474016002,0.05980205038535615,0.0,0.029593836194834622,0.0010810660182088894
693,2,0.00012777946877753031,2.687166019089533e-06,0.9988569222218918,8.600084394017591e-05,0.0009266102993714639
694,0,0.8519677140815356,0.09650946600663826,0.0,0.05152281991182626,3.168988105992291e-23
695,0,0.5829346140117022,0.2510726346529883,0.0,0.1659927513353094,5.713679554608964e-24
696,0,0.8396732691655211,0.085431667798798,0.0,0.07489506303567627,4.4877115971557464e-15
697,2,0.000732899038110132,4.319874798670494e-05,0.9991485609928473,7.53411671378454e-05,5.391813755151618e-11
698,0,0.8878338211514223,0.053936723825784176,0.0,0.0582294550227855,8.019726229460372e-15
699,0,0.9064930545120622,0.03541221305709315,0.0,0.05809470481605066,2.761479412063816e-08
700,2,0.0008715495664939842,0.00010413007341738501,0.9989854413303109,3.887902977787014e-05,2.6769435942642866e-17
701,3,0.08339304518268158,0.4451898869569972,0.0,0.4714170678603214,7.448184301666187e-48
702,0,0.7737103634866179,0.12856847009590353,0.0,0.09772116641747855,1.4350257858078657e-23
703,0,0.7843665953436192,0.19892259034483226,0.0,0.015887660210743806,0.000823154100804783
704,4,0.10587934716787518,0.0032680192618458875,0.0,0.003387078453114002,0.8874655551171651
705,0,0.8878338211514223,0.053936723825784176,0.0,0.0582294550227855,8.019726229460372e-15
706,0,0.8396732691655211,0.085431667798798,0.0,0.07489506303567627,4.4877115971557464e-15
707,0,0.9064930545120622,0.03541221305709315,0.0,0.05809470481605066,2.761479412063816e-08
708,0,0.5829346140117022,0.2510726346529883,0.0,0.1659927513353094,5.713679554608964e-24
709,0,0.7843665953436192,0.19892259034483226,0.0,0.015887660210743806,0.000823154100804783
710,0,0.7737103634866179,0.12856847009590353,0.0,0.09772116641747855,1.4350257858078657e-23
711,0,0.8838219654385717,0.06601694896633291,0.0,0.050161066692048645,1.8903046724385834e-08
712,0,0.8396732691655211,0.085431667798798,0.0,0.07489506303567627,4.4877115971557464e-15
713,0,0.8396732691655211,0.085431667798798,0.0,0.07489506303567627,4.4877115971557464e-15
714,0,0.8563831532491504,0.11684759867335012,0.0,0.02676924807749954,6.770374536431765e-23
715,0,0.8959343895879879,0.057423226903031394,0.0,0.04664238350896633,1.449600190365546e-14
716,2,0.000732899038110132,4.319874798670494e-05,0.9991485609928473,7.53411671378454e-05,5.391813755151618e-11
717,1,0.165324943365059,0.48993662570967483,0.0,0.3447384309252659,3.106418646080502e-35
718,0,0.8396732691655211,0.085431667798798,0.0,0.07489506303567627,4.4877115971557464e-15
719,0,0.5829346140117022,0.2510726346529883,0.0,0.1659927513353094,5.713679554608964e-24
720,1,0.06981558246278702,0.7734503057129948,0.0,0.15673411182421806,1.3356548011862733e-77
721,0,0.8878338211514223,0.053936723825784176,0.0,0.0582294550227855,8.019726229460372e-15
722,0,0.8838219654385717,0.06601694896633291,0.0,0.050161066692048645,1.8903046724385834e-08
723,0,0.43541057425823493,0.32166901335016596,0.0,0.24292041239159903,1.733316365085261e-34
724,0,0.8396732691655211,0.085431667798798,0.0,0.07489506303567627,4.4877115971557464e-15
725,0,0.8396732691655211,0.085431667798798,0.0,0.07489506303567627,4.4877115971557464e-15
726,1,0.03287584050465999,0.6905320582092594,0.0,0.2765921012860805,3.090097118077671e-36
727,1,0.165324943365059,0.48993662570967483,0.0,0.3447384309252659,3.106418646080502e-35
728,0,0.8878338211514223,0.053936723825784176,0.0,0.0582294550227855,8.019726229460372e-15
729,2,0.000732899038110132,4.319874798670494e-05,0.9991485609928473,7.53411671378454e-05,5.391813755151618e-11
730,1,0.1060912510541946,0.8922735048355277,0.0,0.0016352441102777128,3.027236480347593e-76
731,2,0.00012777946877753031,2.687166019089533e-06,0.9988569222218918,8.600084394017591e-05,0.0009266102993714639
732,2,0.00012777946877753031,2.687166019089533e-06,0.9988569222218918,8.600084394017591e-05,0.0009266102993714639
733,0,0.732501467577512,0.2551115203847855,0.0,0.012387012037702592,3.929567126809615e-33
734,0,0.8519677140815356,0.09650946600663826,0.0,0.05152281991182626,3.168988105992291e-23
735,4,0.10587934716787518,0.0032680192618458875,0.0,0.003387078453114002,0.8874655551171651
736,1,0.3117573487618377,0.6803349841691305,0.0,0.007907667069031947,5.808145980145633e-60
737,3,1.2947669344949208e-18,5.73550599576625e-06,0.0,0.9999942644940044,1.1443006951387072e-208
738,0,0.5825685978315006,0.3955218310333612,0.0,0.021909571135138074,9.841040657728207e-46
739,1,0.15839526264766726,0.5934753705990592,0.0,0.24812936675327354,2.7857617302325987e-61
740,0,0.8838219654385717,0.06601694896633291,0.0,0.050161066692048645,1.8903046724385834e-08
741,0,0.7671627838726764,0.19429329131861572,0.0,0.038543924808708094,1.631825432397433e-33
742,0,0.732501467577512,0.2551115203847855,0.0,0.012387012037702592,3.929567126809615e-33
743,2,0.0005024261987663839,1.751748752432569e-05,0.999371588055509,0.00010723876623644984,1.2294919638743286e-06
744,2,0.00012777946877753031,2.687166019089533e-06,0.9988569222218918,8.600084394017591e-05,0.0009266102993714639
745,3,0.08339304518268158,0.4451898869569972,0.0,0.4714170678603214,7.448184301666187e-48
746,0,0.8974884649993571,0.0323988488483246,0.0,0.07011264488108551,4.127123284183178e-08
747,2,0.0006677029134877551,0.0005650284602857962,0.9987631660534497,4.102572776672895e-06,9.574154953612183e-36
748,4,0.11450195595365358,0.002194619321717419,0.0,0.016170672001954205,0.8671327527226748
749,1,0.0016699724006203358,0.6070955751909384,0.0,0.391234452408441,2.8093267655050815e-50
750,2,0.00012777946877753031,2.687166019089533e-06,0.9988569222218918,8.600084394017591e-05,0.0009266102993714639
751,1,0.03287584050465999,0.6905320582092594,0.0,0.2765921012860805,3.090097118077671e-36
752,0,0.43541057425823493,0.32166901335016596,0.0,0.24292041239159903,1.733316365085261e-34
753,0,0.5829346140117022,0.2510726346529883,0.0,0.1659927513353094,5.713679554608964e-24
754,3,6.842061749752151e-06,0.05573338508389397,0.0,0.9442597728543562,3.988809028596614e-121
755,0,0.7737103634866179,0.12856847009590353,0.0,0.09772116641747855,1.4350257858078657e-23
756,0,0.4991160144214622,0.034637391987124844,0.0,0.008388824735610166,0.4578577688558026
757,1,0.006493927200614114,0.6022021619757563,0.0,0.39130391082362936,4.468270398854951e-97
758,4,0.11450195595365358,0.002194619321717419,0.0,0.016170672001954205,0.8671327527226748
759,0,0.8878338211514223,0.053936723825784176,0.0,0.0582294550227855,8.019726229460372e-15
760,1,0.006955984478006636,0.9922507309749848,0.0,0.0007932845470085749,2.227618187256223e-115
761,1,0.03287584050465999,0.6905320582092594,0.0,0.2765921012860805,3.090097118077671e-36
762,2,0.0008715495664939842,0.00010413007341738501,0.9989854413303109,3.887902977787014e-05,2.6769435942642866e-17
763,1,0.3117573487618377,0.6803349841691305,0.0,0.007907667069031947,5.808145980145633e-60
764,0,0.8835351747977285,0.02153988952883519,0.0,0.09332129142162032,0.0016036442518161322
765,2,0.00012777946877753031,2.687166019089533e-06,0.9988569222218918,8.600084394017591e-05,0.0009266102993714639
766,0,0.5829346140117022,0.2510726346529883,0.0,0.1659927513353094,5.713679554608964e-24
767,2,0.00028068229674186045,6.940914561101496e-06,0.9992830153656438,0.0001120759341254071,0.0003172854889276201
768,0,0.43541057425823493,0.32166901335016596,0.0,0.24292041239159903,1.733316365085261e-34
769,0,0.43541057425823493,0.32166901335016596,0.0,0.24292041239159903,1.733316365085261e-34
770,0,0.9064930545120622,0.03541221305709315,0.0,0.05809470481605066,2.761479412063816e-08
771,0,0.9095230474016002,0.05980205038535615,0.0,0.029593836194834622,0.0010810660182088894
772,3,0.08339304518268158,0.4451898869569972,0.0,0.4714170678603214,7.448184301666187e-48
773,0,0.43985355337789084,0.13441905166277335,0.0,0.002996809240114469,0.42273058571922123
774,0,0.7653397300714933,0.19313508516437755,0.0,0.0415251725842806,1.2179848608274256e-08
775,0,0.6983113805355758,0.21024590367965248,0.0,0.09144271578476942,2.3403532325063567e-15
776,0,0.6983113805355758,0.21024590367965248,0.0,0.09144271578476942,2.3403532325063567e-15
777,1,0.27281159093281193,0.5381210928097866,0.0,0.1890673162574017,1.4976299789955095e-24
778,1,0.053242088162960284,0.8498144790469346,0.0,0.09694343279010506,1.734895753930177e-25
779,0,0.6983113805355758,0.21024590367965248,0.0,0.09144271578476942,2.3403532325063567e-15
780,1,0.3645664232220944,0.6301131185784721,0.0,0.004962449814093223,0.000358008385340237
781,3,0.08339304518268158,0.4451898869569972,0.0,0.4714170678603214,7.448184301666187e-48
782,1,0.27281159093281193,0.5381210928097866,0.0,0.1890673162574017,1.4976299789955095e-24
783,0,0.43541057425823493,0.32166901335016596,0.0,0.24292041239159903,1.733316365085261e-34
784,1,0.06289990437039165,0.9147674497820841,0.0,0.022332645847523938,9.867574492923257e-17
785,1,0.27281159093281193,0.5381210928097866,0.0,0.1890673162574017,1.4976299789955095e-24
786,1,0.165324943365059,0.48993662570967483,0.0,0.3447384309252659,3.106418646080502e-35
787,1,0.35948722062152405,0.5659081296232801,0.0,0.0746046497551952,8.006899050991378e-16
788,0,0.6983113805355758,0.21024590367965248,0.0,0.09144271578476942,2.3403532325063567e-15
789,3,0.037967033374302794,0.4377898223139162,0.0,0.5242431443117811,2.238439240695819e-62
790,0,0.7843665953436192,0.19892259034483226,0.0,0.015887660210743806,0.000823154100804783
791,0,0.4998569106515176,0.013918567036110864,0.0,0.02237274380924283,0.4638517785031285
792,1,0.053242088162960284,0.8498144790469346,0.0,0.09694343279010506,1.734895753930177e-25
793,0,0.7737103634866179,0.12856847009590353,0.0,0.09772116641747855,1.4350257858078657e-23
794,1,0.165324943365059,0.48993662570967483,0.0,0.3447384309252659,3.106418646080502e-35
795,0,0.7653397300714933,0.19313508516437755,0.0,0.0415251725842806,1.2179848608274256e-08
796,1,0.3645664232220944,0.6301131185784721,0.0,0.004962449814093223,0.000358008385340237
797,4,0.07317251695074643,0.032308591741030845,0.0,0.00015108995922512089,0.8943678013489974
798,1,0.3902616738882853,0.5878861992648403,0.0,0.021852121949141844,4.897732647838799e-09
799,0,0.6983113805355758,0.21024590367965248,0.0,0.09144271578476942,2.3403532325063567e-15
800,0,0.5829346140117022,0.2510726346529883,0.0,0.1659927513353094,5.713679554608964e-24
801,1,0.3902616738882853,0.5878861992648403,0.0,0.021852121949141844,4.897732647838799e-09
802,3,1.1189856798695012e-06,0.04155867091015483,0.0,0.958440210104165,1.4724315313509057e-102
803,1,0.3645664232220944,0.6301131185784721,0.0,0.004962449814093223,0.000358008385340237
804,1,0.3117573487618377,0.6803349841691305,0.0,0.007907667069031947,5.808145980145633e-60
805,0,0.8396732691655211,0.085431667798798,0.0,0.07489506303567627,4.4877115971557464e-15
806,0,0.7737103634866179,0.12856847009590353,0.0,0.09772116641747855,1.4350257858078657e-23
807,0,0.7671627838726764,0.19429329131861572,0.0,0.038543924808708094,1.631825432397433e-33
808,0,0.8878338211514223,0.053936723825784176,0.0,0.0582294550227855,8.019726229460372e-15
809,2,0.0005024261987663839,1.751748752432569e-05,0.999371588055509,0.00010723876623644984,1.2294919638743286e-06
810,0,0.9064930545120622,0.03541221305709315,0.0,0.05809470481605066,2.761479412063816e-08
811,1,0.15839526264766726,0.5934753705990592,0.0,0.24812936675327354,2.7857617302325987e-61
812,2,0.0008715495664939842,0.00010413007341738501,0.9989854413303109,3.887902977787014e-05,2.6769435942642866e-17
813,2,0.0008715495664939842,0.00010413007341738501,0.9989854413303109,3.887902977787014e-05,2.6769435942642866e-17
814,4,0.11450195595365358,0.002194619321717419,0.0,0.016170672001954205,0.8671327527226748
815,4,0.11450195595365358,0.002194619321717419,0.0,0.016170672001954205,0.8671327527226748
816,2,0.00028068229674186045,6.940914561101496e-06,0.9992830153656438,0.0001120759341254071,0.0003172854889276201
817,4,0.11450195595365358,0.002194619321717419,0.0,0.016170672001954205,0.8671327527226748
818,0,0.6983113805355758,0.21024590367965248,0.0,0.09144271578476942,2.3403532325063567e-15
819,2,0.00028068229674186045,6.940914561101496e-06,0.9992830153656438,0.0001120759341254071,0.0003172854889276201
820,0,0.6726976386478356,0.2189036869560625,0.0,0.10839867439610174,6.012941219770374e-34
821,1,0.00014600035546907597,0.9996631305790739,0.0,0.0001908690654573463,1.352590034668784e-19
822,1,0.006955984478006636,0.9922507309749848,0.0,0.0007932845470085749,2.227618187256223e-115
823,0,0.9191428972932172,0.027684516208988222,0.0,0.0518612053979063,0.0013113810998882404
824,1,0.1060912510541946,0.8922735048355277,0.0,0.0016352441102777128,3.027236480347593e-76
825,0,0.5825685978315006,0.3955218310333612,0.0,0.021909571135138074,9.841040657728207e-46
826,1,0.2991296990302134,0.6434810301773484,0.0,0.05738927079243833,1.6632417296368575e-60
827,1,0.15839526264766726,0.5934753705990592,0.0,0.24812936675327354,2.7857617302325987e-61
828,2,0.00012777946877753031,2.687166019089533e-06,0.9988569222218918,8.600084394017591e-05,0.0009266102993714639
829,2,0.00012777946877753031,2.687166019089533e-06,0.9988569222218918,8.600084394017591e-05,0.0009266102993714639
830,1,0.2991296990302134,0.6434810301773484,0.0,0.05738927079243833,1.6632417296368575e-60
831,1,0.1060912510541946,0.8922735048355277,0.0,0.0016352441102777128,3.027236480347593e-76
832,1,0.025079256851352483,0.9747090944964958,0.0,0.00021164865215165428,1.5221115435737803e-94
833,2,0.0002255253708673661,0.002793854932231688,0.9969804939133002,1.2578360069329913e-07,5.615119172715245e-62
834,3,0.0005747078623343702,0.22233197265102814,0.0,0.7770933194866374,9.977944714537455e-99
835,0,0.43541057425823493,0.32166901335016596,0.0,0.24292041239159903,1.733316365085261e-34
836,0,0.4998569106515176,0.013918567036110864,0.0,0.02237274380924283,0.4638517785031285
837,1,0.165324943365059,0.48993662570967483,0.0,0.3447384309252659,3.106418646080502e-35
838,1,0.15839526264766726,0.5934753705990592,0.0,0.24812936675327354,2.7857617302325987e-61
839,0,0.5130000809742371,0.3919740573193246,0.0,0.09502586170643838,3.0689466449557067e-46
840,3,0.005125988949578878,0.32140256238528375,0.0,0.6734714486651373,1.073702848264846e-63
841,0,0.8396732691655211,0.085431667798798,0.0,0.07489506303567627,4.4877115971557464e-15
842,0,0.8835351747977285,0.02153988952883519,0.0,0.09332129142162032,0.0016036442518161322
843,2,0.0006677029134877551,0.0005650284602857962,0.9987631660534497,4.102572776672895e-06,9.574154953612183e-36
844,1,0.11847215594787393,0.8603168643340222,0.0,0.0212109797181038,8.502666586913394e-77
845,3,0.005125988949578878,0.32140256238528375,0.0,0.6734714486651373,1.073702848264846e-63
846,3,0.005125988949578878,0.32140256238528375,0.0,0.6734714486651373,1.073702848264846e-63
847,0,0.8974884649993571,0.0323988488483246,0.0,0.07011264488108551,4.127123284183178e-08
848,1,0.2853650339987328,0.4335820934333124,0.0,0.2810528725679546,6.407395584480131e-47
849,0,0.8396732691655211,0.085431667798798,0.0,0.07489506303567627,4.4877115971557464e-15
850,4,0.10587934716787518,0.0032680192618458875,0.0,0.003387078453114002,0.8874655551171651
851,3,0.037967033374302794,0.4377898223139162,0.0,0.5242431443117811,2.238439240695819e-62
852,0,0.43541057425823493,0.32166901335016596,0.0,0.24292041239159903,1.733316365085261e-34
853,3,0.08339304518268158,0.4451898869569972,0.0,0.4714170678603214,7.448184301666187e-48
854,3,0.0001219180175852535,0.14593073936122633,0.0,0.8539473426211883,6.260432415131486e-82
855,3,2.8084306827809505e-05,0.08008525585840635,0.0,0.9198866598347659,1.3039186996972935e-100
856,3,1.1189856798695012e-06,0.04155867091015483,0.0,0.958440210104165,1.4724315313509057e-102
857,3,0.08339304518268158,0.4451898869569972,0.0,0.4714170678603214,7.448184301666187e-48
858,3,0.0017027920352789888,0.24219213349968993,0.0,0.7561050744650312,2.755511734262142e-80
859,3,0.08339304518268158,0.4451898869569972,0.0,0.4714170678603214,7.448184301666187e-48
860,1,0.2853650339987328,0.4335820934333124,0.0,0.2810528725679546,6.407395584480131e-47
861,0,0.8396732691655211,0.085431667798798,0.0,0.07489506303567627,4.4877115971557464e-15
862,3,0.0005747078623343702,0.22233197265102814,0.0,0.7770933194866374,9.977944714537455e-99
863,0,0.7737103634866179,0.12856847009590353,0.0,0.09772116641747855,1.4350257858078657e-23
864,0,0.8519677140815356,0.09650946600663826,0.0,0.05152281991182626,3.168988105992291e-23
865,2,0.000732899038110132,4.319874798670494e-05,0.9991485609928473,7.53411671378454e-05,5.391813755151618e-11
866,0,0.9191428972932172,0.027684516208988222,0.0,0.0518612053979063,0.0013113810998882404
867,1,0.2853650339987328,0.4335820934333124,0.0,0.2810528725679546,6.407395584480131e-47
868,0,0.7737103634866179,0.12856847009590353,0.0,0.09772116641747855,1.4350257858078657e-23
869,0,0.6726976386478356,0.2189036869560625,0.0,0.10839867439610174,6.012941219770374e-34
870,0,0.8878338211514223,0.053936723825784176,0.0,0.0582294550227855,8.019726229460372e-15
871,2,0.0002255253708673661,0.002793854932231688,0.9969804939133002,1.2578360069329913e-07,5.615119172715245e-62
872,0,0.5829346140117022,0.2510726346529883,0.0,0.1659927513353094,5.713679554608964e-24
873,0,0.8835351747977285,0.02153988952883519,0.0,0.09332129142162032,0.0016036442518161322
874,1,0.3902616738882853,0.5878861992648403,0.0,0.021852121949141844,4.897732647838799e-09
875,2,0.00028068229674186045,6.940914561101496e-06,0.9992830153656438,0.0001120759341254071,0.0003172854889276201
876,0,0.8519677140815356,0.09650946600663826,0.0,0.05152281991182626,3.168988105992291e-23
877,2,0.0005024261987663839,1.751748752432569e-05,0.999371588055509,0.00010723876623644984,1.2294919638743286e-06
878,2,0.0005024261987663839,1.751748752432569e-05,0.999371588055509,0.00010723876623644984,1.2294919638743286e-06
879,0,0.8959343895879879,0.057423226903031394,0.0,0.04664238350896633,1.449600190365546e-14
880,0,0.8835351747977285,0.02153988952883519,0.0,0.09332129142162032,0.0016036442518161322
881,0,0.43541057425823493,0.32166901335016596,0.0,0.24292041239159903,1.733316365085261e-34
882,0,0.7737103634866179,0.12856847009590353,0.0,0.09772116641747855,1.4350257858078657e-23
883,0,0.43541057425823493,0.32166901335016596,0.0,0.24292041239159903,1.733316365085261e-34
884,0,0.7737103634866179,0.12856847009590353,0.0,0.09772116641747855,1.4350257858078657e-23
885,0,0.7737103634866179,0.12856847009590353,0.0,0.09772116641747855,1.4350257858078657e-23
886,1,0.15839526264766726,0.5934753705990592,0.0,0.24812936675327354,2.7857617302325987e-61
887,0,0.6726976386478356,0.2189036869560625,0.0,0.10839867439610174,6.012941219770374e-34
888,0,0.6983113805355758,0.21024590367965248,0.0,0.09144271578476942,2.3403532325063567e-15
889,0,0.43541057425823493,0.32166901335016596,0.0,0.24292041239159903,1.733316365085261e-34
890,0,0.9064930545120622,0.03541221305709315,0.0,0.05809470481605066,2.761479412063816e-08
891,0,0.9064930545120622,0.03541221305709315,0.0,0.05809470481605066,2.761479412063816e-08
892,0,0.8563831532491504,0.11684759867335012,0.0,0.02676924807749954,6.770374536431765e-23
893,0,0.8878338211514223,0.053936723825784176,0.0,0.0582294550227855,8.019726229460372e-15
894,2,0.0004299815615330602,0.0012714016737784657,0.9982977781983695,8.385663189975091e-07,6.894149020222402e-48
895,0,0.8396732691655211,0.085431667798798,0.0,0.07489506303567627,4.4877115971557464e-15
896,2,0.0008715495664939842,0.00010413007341738501,0.9989854413303109,3.887902977787014e-05,2.6769435942642866e-17
897,2,0.0008449317919648387,0.000245353589592576,0.9988949777030868,1.473691535562393e-05,1.5046804002481806e-25
898,0,0.4998569106515176,0.013918567036110864,0.0,0.02237274380924283,0.4638517785031285
899,3,1.2947669344949208e-18,5.73550599576625e-06,0.0,0.9999942644940044,1.1443006951387072e-208
900,3,1.1189856798695012e-06,0.04155867091015483,0.0,0.958440210104165,1.4724315313509057e-102
901,0,0.7737103634866179,0.12856847009590353,0.0,0.09772116641747855,1.4350257858078657e-23
902,0,0.8396732691655211,0.085431667798798,0.0,0.07489506303567627,4.4877115971557464e-15
903,1,0.20345127650824268,0.7958122147419421,0.0,0.0007365087498150856,1.3459754978884936e-59
904,0,0.8396732691655211,0.085431667798798,0.0,0.07489506303567627,4.4877115971557464e-15
905,3,0.005125988949578878,0.32140256238528375,0.0,0.6734714486651373,1.073702848264846e-63
906,3,1.8121836998943487e-06,0.050559157949012196,0.0,0.9494390298672876,1.842243401928778e-143
907,3,0.037967033374302794,0.4377898223139162,0.0,0.5242431443117811,2.238439240695819e-62
908,3,0.005125988949578878,0.32140256238528375,0.0,0.6734714486651373,1.073702848264846e-63
909,3,0.005125988949578878,0.32140256238528375,0.0,0.6734714486651373,1.073702848264846e-63
910,0,0.8396732691655211,0.085431667798798,0.0,0.07489506303567627,4.4877115971557464e-15
911,0,0.7671627838726764,0.19429329131861572,0.0,0.038543924808708094,1.631825432397433e-33
912,2,0.0005024261987663839,1.751748752432569e-05,0.999371588055509,0.00010723876623644984,1.2294919638743286e-06
913,3,0.014457645853857453,0.47915067492195923,0.0,0.5063916792241833,5.443633671332229e-49
914,0,0.8396732691655211,0.085431667798798,0.0,0.07489506303567627,4.4877115971557464e-15
915,3,4.130036999695483e-09,0.007735712197092718,0.0,0.9922642836728702,1.4557366149931935e-125
916,1,0.165324943365059,0.48993662570967483,0.0,0.3447384309252659,3.106418646080502e-35
917,1,0.35948722062152405,0.5659081296232801,0.0,0.0746046497551952,8.006899050991378e-16
918,3,0.00020110529328339467,0.25372557808337026,0.0,0.7460733166233466,5.202233500728789e-119
919,0,0.8396732691655211,0.085431667798798,0.0,0.07489506303567627,4.4877115971557464e-15
920,1,0.165324943365059,0.48993662570967483,0.0,0.3447384309252659,3.106418646080502e-35
921,0,0.6726976386478356,0.2189036869560625,0.0,0.10839867439610174,6.012941219770374e-34
922,0,0.6726976386478356,0.2189036869560625,0.0,0.10839867439610174,6.012941219770374e-34
923,0,0.8563831532491504,0.11684759867335012,0.0,0.02676924807749954,6.770374536431765e-23
924,1,0.165324943365059,0.48993662570967483,0.0,0.3447384309252659,3.106418646080502e-35
925,0,0.43985355337789084,0.13441905166277335,0.0,0.002996809240114469,0.42273058571922123
926,0,0.8396732691655211,0.085431667798798,0.0,0.07489506303567627,4.4877115971557464e-15
927,0,0.8396732691655211,0.085431667798798,0.0,0.07489506303567627,4.4877115971557464e-15
928,4,0.04755861851468554,0.18653867489038403,0.0,2.7982828519001633e-05,0.7658747237664116
929,0,0.8974884649993571,0.0323988488483246,0.0,0.07011264488108551,4.127123284183178e-08
930,0,0.5130000809742371,0.3919740573193246,0.0,0.09502586170643838,3.0689466449557067e-46
931,0,0.8835351747977285,0.02153988952883519,0.0,0.09332129142162032,0.0016036442518161322
932,1,0.3902616738882853,0.5878861992648403,0.0,0.021852121949141844,4.897732647838799e-09
933,0,0.8838219654385717,0.06601694896633291,0.0,0.050161066692048645,1.8903046724385834e-08
934,0,0.9095230474016002,0.05980205038535615,0.0,0.029593836194834622,0.0010810660182088894
935,1,0.006493927200614114,0.6022021619757563,0.0,0.39130391082362936,4.468270398854951e-97
936,1,0.165324943365059,0.48993662570967483,0.0,0.3447384309252659,3.106418646080502e-35
937,3,0.005125988949578878,0.32140256238528375,0.0,0.6734714486651373,1.073702848264846e-63
938,0,0.5829346140117022,0.2510726346529883,0.0,0.1659927513353094,5.713679554608964e-24
939,1,0.006493927200614114,0.6022021619757563,0.0,0.39130391082362936,4.468270398854951e-97
940,1,0.03287584050465999,0.6905320582092594,0.0,0.2765921012860805,3.090097118077671e-36
941,1,0.2991296990302134,0.6434810301773484,0.0,0.05738927079243833,1.6632417296368575e-60
942,0,0.5130000809742371,0.3919740573193246,0.0,0.09502586170643838,3.0689466449557067e-46
943,3,0.005125988949578878,0.32140256238528375,0.0,0.6734714486651373,1.073702848264846e-63
944,0,0.8519677140815356,0.09650946600663826,0.0,0.05152281991182626,3.168988105992291e-23
945,1,0.004183197442963994,0.9930737658338007,0.0,0.002743036723235605,4.8986820194814766e-18
946,1,0.053242088162960284,0.8498144790469346,0.0,0.09694343279010506,1.734895753930177e-25
947,0,0.6726976386478356,0.2189036869560625,0.0,0.10839867439610174,6.012941219770374e-34
948,1,0.058994103188000524,0.9373258594754352,0.0,0.003680036717792523,6.187714134658293e-10
949,1,0.27281159093281193,0.5381210928097866,0.0,0.1890673162574017,1.4976299789955095e-24
950,0,0.43541057425823493,0.32166901335016596,0.0,0.24292041239159903,1.733316365085261e-34
951,1,0.0016699724006203358,0.6070955751909384,0.0,0.391234452408441,2.8093267655050815e-50
952,1,0.4821242516950619,0.5139016965707814,0.0,0.003974051734156726,2.437282719184751e-45
953,1,0.045821613947172234,0.9536812875240656,0.0,0.0004524741364902307,4.462439227176542e-05
954,1,0.06289990437039165,0.9147674497820841,0.0,0.022332645847523938,9.867574492923257e-17
955,4,0.10587934716787518,0.0032680192618458875,0.0,0.003387078453114002,0.8874655551171651
956,1,0.3645664232220944,0.6301131185784721,0.0,0.004962449814093223,0.000358008385340237
957,1,0.20345127650824268,0.7958122147419421,0.0,0.0007365087498150856,1.3459754978884936e-59
958,1,0.03287584050465999,0.6905320582092594,0.0,0.2765921012860805,3.090097118077671e-36
959,1,0.35948722062152405,0.5659081296232801,0.0,0.0746046497551952,8.006899050991378e-16
960,0,0.43985355337789084,0.13441905166277335,0.0,0.002996809240114469,0.42273058571922123
961,1,0.00014600035546907597,0.9996631305790739,0.0,0.0001908690654573463,1.352590034668784e-19
962,0,0.9064930545120622,0.03541221305709315,0.0,0.05809470481605066,2.761479412063816e-08
963,0,0.8563831532491504,0.11684759867335012,0.0,0.02676924807749954,6.770374536431765e-23
964,0,0.7737103634866179,0.12856847009590353,0.0,0.09772116641747855,1.4350257858078657e-23
965,0,0.4998569106515176,0.013918567036110864,0.0,0.02237274380924283,0.4638517785031285
966,0,0.4998569106515176,0.013918567036110864,0.0,0.02237274380924283,0.4638517785031285
967,0,0.8959343895879879,0.057423226903031394,0.0,0.04664238350896633,1.449600190365546e-14
968,1,0.165324943365059,0.48993662570967483,0.0,0.3447384309252659,3.106418646080502e-35
969,0,0.7843665953436192,0.19892259034483226,0.0,0.015887660210743806,0.000823154100804783
970,0,0.9064930545120622,0.03541221305709315,0.0,0.05809470481605066,2.761479412063816e-08
971,0,0.6983113805355758,0.21024590367965248,0.0,0.09144271578476942,2.3403532325063567e-15
972,0,0.7737103634866179,0.12856847009590353,0.0,0.09772116641747855,1.4350257858078657e-23
973,0,0.8838219654385717,0.06601694896633291,0.0,0.050161066692048645,1.8903046724385834e-08
974,0,0.7653397300714933,0.19313508516437755,0.0,0.0415251725842806,1.2179848608274256e-08
975,0,0.8396732691655211,0.085431667798798,0.0,0.07489506303567627,4.4877115971557464e-15
976,1,0.3902616738882853,0.5878861992648403,0.0,0.021852121949141844,4.897732647838799e-09
977,0,0.8959343895879879,0.057423226903031394,0.0,0.04664238350896633,1.449600190365546e-14
978,0,0.8563831532491504,0.11684759867335012,0.0,0.02676924807749954,6.770374536431765e-23
979,0,0.8563831532491504,0.11684759867335012,0.0,0.02676924807749954,6.770374536431765e-23
980,1,0.4821242516950619,0.5139016965707814,0.0,0.003974051734156726,2.437282719184751e-45
981,0,0.43541057425823493,0.32166901335016596,0.0,0.24292041239159903,1.733316365085261e-34
982,0,0.7653397300714933,0.19313508516437755,0.0,0.0415251725842806,1.2179848608274256e-08
983,0,0.8563831532491504,0.11684759867335012,0.0,0.02676924807749954,6.770374536431765e-23
984,0,0.4998569106515176,0.013918567036110864,0.0,0.02237274380924283,0.4638517785031285
985,3,2.8084306827809505e-05,0.08008525585840635,0.0,0.9198866598347659,1.3039186996972935e-100
986,0,0.43541057425823493,0.32166901335016596,0.0,0.24292041239159903,1.733316365085261e-34
987,0,0.9191428972932172,0.027684516208988222,0.0,0.0518612053979063,0.0013113810998882404
988,0,0.46657340281649334,0.009210604519593924,0.0,0.06003337645146962,0.46418261621244306
989,0,0.9064930545120622,0.03541221305709315,0.0,0.05809470481605066,2.761479412063816e-08
990,3,3.994643011534939e-08,0.03414110281547032,0.0,0.9658588572380994,1.5788586694520185e-104
991,3,7.089428999218535e-05,0.3497579370356349,0.0,0.6501711686743731,3.794626776827336e-141
992,3,0.005125988949578878,0.32140256238528375,0.0,0.6734714486651373,1.073702848264846e-63
993,3,4.130036999695483e-09,0.007735712197092718,0.0,0.9922642836728702,1.4557366149931935e-125
994,0,0.8838219654385717,0.06601694896633291,0.0,0.050161066692048645,1.8903046724385834e-08
995,0,0.8974884649993571,0.0323988488483246,0.0,0.07011264488108551,4.127123284183178e-08
996,3,7.2955913148631974e-06,0.12984763479203157,0.0,0.8701450696166534,1.2598639447400877e-83
997,0,0.7671627838726764,0.19429329131861572,0.0,0.038543924808708094,1.631825432397433e-33
998,0,0.8519677140815356,0.09650946600663826,0.0,0.05152281991182626,3.168988105992291e-23
999,4,0.09151160444010462,0.008036940806841003,0.0,0.0007158372930055712,0.8997356174600488
1000,0,0.8396732691655211,0.085431667798798,0.0,0.07489506303567627,4.4877115971557464e-15
1001,0,0.7653397300714933,0.19313508516437755,0.0,0.0415251725842806,1.2179848608274256e-08
1002,0,0.8974884649993571,0.0323988488483246,0.0,0.07011264488108551,4.127123284183178e-08
1003,0,0.8519677140815356,0.09650946600663826,0.0,0.05152281991182626,3.168988105992291e-23
1004,0,0.8878338211514223,0.053936723825784176,0.0,0.0582294550227855,8.019726229460372e-15
1005,0,0.43541057425823493,0.32166901335016596,0.0,0.24292041239159903,1.733316365085261e-34
1006,1,0.27281159093281193,0.5381210928097866,0.0,0.1890673162574017,1.4976299789955095e-24
1007,0,0.5829346140117022,0.2510726346529883,0.0,0.1659927513353094,5.713679554608964e-24
1008,0,0.8835351747977285,0.02153988952883519,0.0,0.09332129142162032,0.0016036442518161322
1009,0,0.9191428972932172,0.027684516208988222,0.0,0.0518612053979063,0.0013113810998882404
1010,0,0.8838219654385717,0.06601694896633291,0.0,0.050161066692048645,1.8903046724385834e-08
1011,0,0.7671627838726764,0.19429329131861572,0.0,0.038543924808708094,1.631825432397433e-33
1012,0,0.5825685978315006,0.3955218310333612,0.0,0.021909571135138074,9.841040657728207e-46
1013,0,0.6726976386478356,0.2189036869560625,0.0,0.10839867439610174,6.012941219770374e-34
1014,0,0.8396732691655211,0.085431667798798,0.0,0.07489506303567627,4.4877115971557464e-15
1015,3,3.994643011534939e-08,0.03414110281547032,0.0,0.9658588572380994,1.5788586694520185e-104
1016,0,0.7737103634866179,0.12856847009590353,0.0,0.09772116641747855,1.4350257858078657e-23
1017,0,0.8878338211514223,0.053936723825784176,0.0,0.0582294550227855,8.019726229460372e-15
1018,0,0.9064930545120622,0.03541221305709315,0.0,0.05809470481605066,2.761479412063816e-08
1019,3,0.0001219180175852535,0.14593073936122633,0.0,0.8539473426211883,6.260432415131486e-82
1020,3,0.016326267609372155,0.4875498795820267,0.0,0.49612385280860116,8.823943267170077e-79
1021,3,2.8084306827809505e-05,0.08008525585840635,0.0,0.9198866598347659,1.3039186996972935e-100
1022,0,0.9191428972932172,0.027684516208988222,0.0,0.0518612053979063,0.0013113810998882404
1023,0,0.8519677140815356,0.09650946600663826,0.0,0.05152281991182626,3.168988105992291e-23
1024,1,0.35948722062152405,0.5659081296232801,0.0,0.0746046497551952,8.006899050991378e-16
1025,2,0.00012777946877753031,2.687166019089533e-06,0.9988569222218918,8.600084394017591e-05,0.0009266102993714639
1026,4,0.09151160444010462,0.008036940806841003,0.0,0.0007158372930055712,0.8997356174600488
1027,4,0.07317251695074643,0.032308591741030845,0.0,0.00015108995922512089,0.8943678013489974
1028,0,0.9191428972932172,0.027684516208988222,0.0,0.0518612053979063,0.0013113810998882404
1029,4,0.11450195595365358,0.002194619321717419,0.0,0.016170672001954205,0.8671327527226748
1030,4,0.09151160444010462,0.008036940806841003,0.0,0.0007158372930055712,0.8997356174600488
1031,0,0.5130000809742371,0.3919740573193246,0.0,0.09502586170643838,3.0689466449557067e-46
1032,0,0.9064930545120622,0.03541221305709315,0.0,0.05809470481605066,2.761479412063816e-08
1033,3,0.014457645853857453,0.47915067492195923,0.0,0.5063916792241833,5.443633671332229e-49
1034,1,0.053242088162960284,0.8498144790469346,0.0,0.09694343279010506,1.734895753930177e-25
1035,4,0.10587934716787518,0.0032680192618458875,0.0,0.003387078453114002,0.8874655551171651
1036,2,0.00012777946877753031,2.687166019089533e-06,0.9988569222218918,8.600084394017591e-05,0.0009266102993714639
1037,0,0.8396732691655211,0.085431667798798,0.0,0.07489506303567627,4.4877115971557464e-15
1038,3,0.005125988949578878,0.32140256238528375,0.0,0.6734714486651373,1.073702848264846e-63
1039,3,1.8121836998943487e-06,0.050559157949012196,0.0,0.9494390298672876,1.842243401928778e-143
1040,3,0.037967033374302794,0.4377898223139162,0.0,0.5242431443117811,2.238439240695819e-62
1041,3,0.005125988949578878,0.32140256238528375,0.0,0.6734714486651373,1.073702848264846e-63
1042,3,0.005125988949578878,0.32140256238528375,0.0,0.6734714486651373,1.073702848264846e-63
1043,0,0.8396732691655211,0.085431667798798,0.0,0.07489506303567627,4.4877115971557464e-15
1044,0,0.7671627838726764,0.19429329131861572,0.0,0.038543924808708094,1.631825432397433e-33
1045,2,0.0005024261987663839,1.751748752432569e-05,0.999371588055509,0.00010723876623644984,1.2294919638743286e-06
1046,3,0.014457645853857453,0.47915067492195923,0.0,0.5063916792241833,5.443633671332229e-49
1047,0,0.8396732691655211,0.085431667798798,0.0,0.07489506303567627,4.4877115971557464e-15
1048,3,4.130036999695483e-09,0.007735712197092718,0.0,0.9922642836728702,1.4557366149931935e-125
1049,1,0.165324943365059,0.48993662570967483,0.0,0.3447384309252659,3.106418646080502e-35
1050,1,0.35948722062152405,0.5659081296232801,0.0,0.0746046497551952,8.006899050991378e-16
1051,3,0.00020110529328339467,0.25372557808337026,0.0,0.7460733166233466,5.202233500728789e-119
1052,0,0.8396732691655211,0.085431667798798,0.0,0.07489506303567627,4.4877115971557464e-15
1053,1,0.165324943365059,0.48993662570967483,0.0,0.3447384309252659,3.106418646080502e-35
1054,0,0.6726976386478356,0.2189036869560625,0.0,0.10839867439610174,6.012941219770374e-34
1055,0,0.6726976386478356,0.2189036869560625,0.0,0.10839867439610174,6.012941219770374e-34
1056,0,0.8563831532491504,0.11684759867335012,0.0,0.02676924807749954,6.770374536431765e-23
1057,1,0.165324943365059,0.48993662570967483,0.0,0.3447384309252659,3.106418646080502e-35
1058,0,0.43985355337789084,0.13441905166277335,0.0,0.002996809240114469,0.42273058571922123
1059,0,0.8396732691655211,0.085431667798798,0.0,0.07489506303567627,4.4877115971557464e-15
1060,0,0.8396732691655211,0.085431667798798,0.0,0.07489506303567627,4.4877115971557464e-15
1061,4,0.04755861851468554,0.18653867489038403,0.0,2.7982828519001633e-05,0.7658747237664116
1062,0,0.8974884649993571,0.0323988488483246,0.0,0.07011264488108551,4.127123284183178e-08
1063,0,0.5130000809742371,0.3919740573193246,0.0,0.09502586170643838,3.0689466449557067e-46
1064,0,0.8835351747977285,0.02153988952883519,0.0,0.09332129142162032,0.0016036442518161322
1065,1,0.3902616738882853,0.5878861992648403,0.0,0.021852121949141844,4.897732647838799e-09
1066,0,0.8838219654385717,0.06601694896633291,0.0,0.050161066692048645,1.8903046724385834e-08
1067,0,0.9095230474016002,0.05980205038535615,0.0,0.029593836194834622,0.0010810660182088894
1068,1,0.006493927200614114,0.6022021619757563,0.0,0.39130391082362936,4.468270398854951e-97
1069,1,0.165324943365059,0.48993662570967483,0.0,0.3447384309252659,3.106418646080502e-35
1070,3,0.005125988949578878,0.32140256238528375,0.0,0.6734714486651373,1.073702848264846e-63
1071,0,0.5829346140117022,0.2510726346529883,0.0,0.1659927513353094,5.713679554608964e-24
1072,1,0.006493927200614114,0.6022021619757563,0.0,0.39130391082362936,4.468270398854951e-97
1073,1,0.03287584050465999,0.6905320582092594,0.0,0.2765921012860805,3.090097118077671e-36
1074,1,0.2991296990302134,0.6434810301773484,0.0,0.05738927079243833,1.6632417296368575e-60
1075,0,0.5130000809742371,0.3919740573193246,0.0,0.09502586170643838,3.0689466449557067e-46
1076,3,0.005125988949578878,0.32140256238528375,0.0,0.6734714486651373,1.073702848264846e-63
1077,0,0.8519677140815356,0.09650946600663826,0.0,0.05152281991182626,3.168988105992291e-23
1078,1,0.004183197442963994,0.9930737658338007,0.0,0.002743036723235605,4.8986820194814766e-18
1079,1,0.053242088162960284,0.8498144790469346,0.0,0.09694343279010506,1.734895753930177e-25
1080,0,0.6726976386478356,0.2189036869560625,0.0,0.10839867439610174,6.012941219770374e-34
1081,1,0.058994103188000524,0.9373258594754352,0.0,0.003680036717792523,6.187714134658293e-10
1082,1,0.27281159093281193,0.5381210928097866,0.0,0.1890673162574017,1.4976299789955095e-24
1083,0,0.43541057425823493,0.32166901335016596,0.0,0.24292041239159903,1.733316365085261e-34
1084,1,0.0016699724006203358,0.6070955751909384,0.0,0.391234452408441,2.8093267655050815e-50
1085,1,0.4821242516950619,0.5139016965707814,0.0,0.003974051734156726,2.437282719184751e-45
1086,1,0.045821613947172234,0.9536812875240656,0.0,0.0004524741364902307,4.462439227176542e-05
1087,1,0.06289990437039165,0.9147674497820841,0.0,0.022332645847523938,9.867574492923257e-17
1088,4,0.10587934716787518,0.0032680192618458875,0.0,0.003387078453114002,0.8874655551171651
1089,1,0.3645664232220944,0.6301131185784721,0.0,0.004962449814093223,0.000358008385340237
1090,1,0.20345127650824268,0.7958122147419421,0.0,0.0007365087498150856,1.3459754978884936e-59
1091,1,0.03287584050465999,0.6905320582092594,0.0,0.2765921012860805,3.090097118077671e-36
1092,1,0.35948722062152405,0.5659081296232801,0.0,0.0746046497551952,8.006899050991378e-16
1093,0,0.43985355337789084,0.13441905166277335,0.0,0.002996809240114469,0.42273058571922123
1094,1,0.00014600035546907597,0.9996631305790739,0.0,0.0001908690654573463,1.352590034668784e-19
1095,0,0.9064930545120622,0.03541221305709315,0.0,0.05809470481605066,2.761479412063816e-08
1096,0,0.8563831532491504,0.11684759867335012,0.0,0.02676924807749954,6.770374536431765e-23
1097,0,0.7737103634866179,0.12856847009590353,0.0,0.09772116641747855,1.4350257858078657e-23
1098,0,0.4998569106515176,0.013918567036110864,0.0,0.02237274380924283,0.4638517785031285
1099,0,0.4998569106515176,0.013918567036110864,0.0,0.02237274380924283,0.4638517785031285
1100,0,0.8959343895879879,0.057423226903031394,0.0,0.04664238350896633,1.449600190365546e-14
1101,1,0.165324943365059,0.48993662570967483,0.0,0.3447384309252659,3.106418646080502e-35
1102,0,0.7843665953436192,0.19892259034483226,0.0,0.015887660210743806,0.000823154100804783
1103,0,0.9064930545120622,0.03541221305709315,0.0,0.05809470481605066,2.761479412063816e-08
1104,0,0.6983113805355758,0.21024590367965248,0.0,0.09144271578476942,2.3403532325063567e-15
1105,0,0.7737103634866179,0.12856847009590353,0.0,0.09772116641747855,1.4350257858078657e-23
1106,0,0.8838219654385717,0.06601694896633291,0.0,0.050161066692048645,1.8903046724385834e-08
1107,0,0.7653397300714933,0.19313508516437755,0.0,0.0415251725842806,1.2179848608274256e-08
1108,0,0.8396732691655211,0.085431667798798,0.0,0.07489506303567627,4.4877115971557464e-15
1109,1,0.3902616738882853,0.5878861992648403,0.0,0.021852121949141844,4.897732647838799e-09
1110,0,0.8959343895879879,0.057423226903031394,0.0,0.04664238350896633,1.449600190365546e-14
1111,0,0.8563831532491504,0.11684759867335012,0.0,0.02676924807749954,6.770374536431765e-23
1112,0,0.8563831532491504,0.11684759867335012,0.0,0.02676924807749954,6.770374536431765e-23
1113,1,0.4821242516950619,0.5139016965707814,0.0,0.003974051734156726,2.437282719184751e-45
1114,0,0.43541057425823493,0.32166901335016596,0.0,0.24292041239159903,1.733316365085261e-34
1115,0,0.7653397300714933,0.19313508516437755,0.0,0.0415251725842806,1.2179848608274256e-08
1116,0,0.8563831532491504,0.11684759867335012,0.0,0.02676924807749954,6.770374536431765e-23
1117,0,0.4998569106515176,0.013918567036110864,0.0,0.02237274380924283,0.4638517785031285
1118,3,2.8084306827809505e-05,0.08008525585840635,0.0,0.9198866598347659,1.3039186996972935e-100
1119,0,0.43541057425823493,0.32166901335016596,0.0,0.24292041239159903,1.733316365085261e-34
1120,0,0.9191428972932172,0.027684516208988222,0.0,0.0518612053979063,0.0013113810998882404
1121,0,0.46657340281649334,0.009210604519593924,0.0,0.06003337645146962,0.46418261621244306
1122,0,0.9064930545120622,0.03541221305709315,0.0,0.05809470481605066,2.761479412063816e-08
1123,3,3.994643011534939e-08,0.03414110281547032,0.0,0.9658588572380994,1.5788586694520185e-104
1124,3,7.089428999218535e-05,0.3497579370356349,0.0,0.6501711686743731,3.794626776827336e-141
1125,3,0.005125988949578878,0.32140256238528375,0.0,0.6734714486651373,1.073702848264846e-63
1126,3,4.130036999695483e-09,0.007735712197092718,0.0,0.9922642836728702,1.4557366149931935e-125
1127,0,0.8838219654385717,0.06601694896633291,0.0,0.050161066692048645,1.8903046724385834e-08
1128,0,0.8974884649993571,0.0323988488483246,0.0,0.07011264488108551,4.127123284183178e-08
1129,3,7.2955913148631974e-06,0.12984763479203157,0.0,0.8701450696166534,1.2598639447400877e-83
1130,0,0.7671627838726764,0.19429329131861572,0.0,0.038543924808708094,1.631825432397433e-33
1131,0,0.8519677140815356,0.09650946600663826,0.0,0.05152281991182626,3.168988105992291e-23
1132,4,0.09151160444010462,0.008036940806841003,0.0,0.0007158372930055712,0.8997356174600488
1133,0,0.8396732691655211,0.085431667798798,0.0,0.07489506303567627,4.4877115971557464e-15
1134,0,0.7653397300714933,0.19313508516437755,0.0,0.0415251725842806,1.2179848608274256e-08
1135,0,0.8974884649993571,0.0323988488483246,0.0,0.07011264488108551,4.127123284183178e-08
1136,0,0.8519677140815356,0.09650946600663826,0.0,0.05152281991182626,3.168988105992291e-23
1137,0,0.8878338211514223,0.053936723825784176,0.0,0.0582294550227855,8.019726229460372e-15
1138,0,0.43541057425823493,0.32166901335016596,0.0,0.24292041239159903,1.733316365085261e-34
1139,1,0.27281159093281193,0.5381210928097866,0.0,0.1890673162574017,1.4976299789955095e-24
1140,0,0.5829346140117022,0.2510726346529883,0.0,0.1659927513353094,5.713679554608964e-24
1141,0,0.8835351747977285,0.02153988952883519,0.0,0.09332129142162032,0.0016036442518161322
1142,0,0.9191428972932172,0.027684516208988222,0.0,0.0518612053979063,0.0013113810998882404
1143,0,0.8838219654385717,0.06601694896633291,0.0,0.050161066692048645,1.8903046724385834e-08
1144,0,0.7671627838726764,0.19429329131861572,0.0,0.038543924808708094,1.631825432397433e-33
1145,0,0.5825685978315006,0.3955218310333612,0.0,0.021909571135138074,9.841040657728207e-46
1146,0,0.6726976386478356,0.2189036869560625,0.0,0.10839867439610174,6.012941219770374e-34
1147,0,0.8396732691655211,0.085431667798798,0.0,0.07489506303567627,4.4877115971557464e-15
1148,3,3.994643011534939e-08,0.03414110281547032,0.0,0.9658588572380994,1.5788586694520185e-104
1149,0,0.7737103634866179,0.12856847009590353,0.0,0.09772116641747855,1.4350257858078657e-23
1150,0,0.8878338211514223,0.053936723825784176,0.0,0.0582294550227855,8.019726229460372e-15
1151,0,0.9064930545120622,0.03541221305709315,0.0,0.05809470481605066,2.761479412063816e-08
1152,3,0.0001219180175852535,0.14593073936122633,0.0,0.8539473426211883,6.260432415131486e-82
1153,3,0.016326267609372155,0.4875498795820267,0.0,0.49612385280860116,8.823943267170077e-79
1154,3,2.8084306827809505e-05,0.08008525585840635,0.0,0.9198866598347659,1.3039186996972935e-100
1155,0,0.9191428972932172,0.027684516208988222,0.0,0.0518612053979063,0.0013113810998882404
1156,0,0.8519677140815356,0.09650946600663826,0.0,0.05152281991182626,3.168988105992291e-23
1157,1,0.35948722062152405,0.5659081296232801,0.0,0.0746046497551952,8.006899050991378e-16
1158,2,0.00012777946877753031,2.687166019089533e-06,0.9988569222218918,8.600084394017591e-05,0.0009266102993714639
1159,4,0.09151160444010462,0.008036940806841003,0.0,0.0007158372930055712,0.8997356174600488
1160,4,0.07317251695074643,0.032308591741030845,0.0,0.00015108995922512089,0.8943678013489974
1161,0,0.9191428972932172,0.027684516208988222,0.0,0.0518612053979063,0.0013113810998882404
1162,4,0.11450195595365358,0.002194619321717419,0.0,0.016170672001954205,0.8671327527226748
1163,4,0.09151160444010462,0.008036940806841003,0.0,0.0007158372930055712,0.8997356174600488
1164,0,0.5130000809742371,0.3919740573193246,0.0,0.09502586170643838,3.0689466449557067e-46
1165,0,0.9064930545120622,0.03541221305709315,0.0,0.05809470481605066,2.761479412063816e-08
