respondent,assigned_class,post_profile_0,post_profile_1,post_profile_2,post_profile_3,post_profile_4,post_profile_5
0,5,0.0,0.0005647138612905943,7.448254772072222e-05,0.00023122897358866072,1.3471023221153347e-14,0.9991295746173864
1,0,0.9998447826522089,2.8059073832791782e-05,0.00012715808064833175,1.933100189178826e-10,2.434602712025229e-67,0.0
2,5,0.0,0.000614413953932518,7.341606514069612e-05,0.0002773548470713034,4.888174174308396e-21,0.9990348151338554
3,5,0.0,0.0019269425380807356,6.227176770207562e-05,2.4820704369096994e-05,2.886348376760473e-62,0.997985964989848
4,1,0.0,0.992952192436369,1.74132460089678e-17,0.0070478075636309185,6.010235491529902e-25,0.0
5,1,0.0,0.73008191568812,2.0820529529366738e-11,0.26991808429105957,3.246962605817595e-65,0.0
6,0,0.9998437767792947,1.353971493954426e-05,0.00014264572134713066,3.778441862080816e-08,1.9754365497046944e-42,0.0
7,5,0.0,0.0005647138612905943,7.448254772072222e-05,0.00023122897358866072,1.3471023221153347e-14,0.9991295746173864
8,5,0.0,0.0005647138612905943,7.448254772072222e-05,0.00023122897358866072,1.3471023221153347e-14,0.9991295746173864
9,1,0.0,0.8711729098313418,1.9626953841802524e-05,0.12880746321479525,2.103286282833328e-14,0.0
10,1,0.0,0.8829030668312965,9.219923804988847e-11,0.11709693307650441,5.245725392835659e-25,0.0
11,1,0.0,0.7242464398653949,1.2253604245092329e-05,0.2757413065303599,1.2793697426966807e-28,0.0
12,2,0.0,0.008565447283555497,0.961813608195577,0.024645998606846506,0.004974945914021096,0.0
13,5,0.0,0.000614413953932518,7.341606514069612e-05,0.0002773548470713034,4.888174174308396e-21,0.9990348151338554
14,2,0.0,0.008146383499022684,0.9824352357935285,0.009418380702805512,4.643212371108572e-12,0.0
15,2,0.0,0.009058284493304255,0.9872692821740457,0.0036724333326498084,6.857383237723751e-19,0.0
16,0,0.9999192478892461,2.900693565684066e-06,5.099546529828104e-05,2.6753646546731212e-05,1.0230534302688387e-07,0.0
17,5,0.0,0.0005647138612905943,7.448254772072222e-05,0.00023122897358866072,1.3471023221153347e-14,0.9991295746173864
18,0,0.9998777301445174,1.7524064091248478e-06,1.9961369160230536e-05,2.608171246863539e-05,7.447436744469357e-05,0.0
19,2,0.0,0.005662081367967568,0.5350191874216325,0.014218508311724795,0.4451002228986753,0.0
20,0,0.9999192478892461,2.900693565684066e-06,5.099546529828104e-05,2.6753646546731212e-05,1.0230534302688387e-07,0.0
21,5,0.0,0.0005647138612905943,7.448254772072222e-05,0.00023122897358866072,1.3471023221153347e-14,0.9991295746173864
22,1,0.0,0.9999968640040494,1.0897504952180582e-35,3.135995950855392e-06,8.477124152512002e-38,0.0
23,1,0.0,0.6285964661385376,8.333591330289259e-19,0.3714035338614622,1.6730878777327102e-99,0.0
24,2,0.0,0.008146383499022684,0.9824352357935285,0.009418380702805512,4.643212371108572e-12,0.0
25,4,0.0,0.0028266911403110537,0.20515950652243797,0.004174750784688717,0.7878390515525621,0.0
26,5,0.0,0.0005647138612905943,7.448254772072222e-05,0.00023122897358866072,1.3471023221153347e-14,0.9991295746173864
27,4,0.0,0.0028266911403110537,0.20515950652243797,0.004174750784688717,0.7878390515525621,0.0
28,2,0.0,0.04282314553391563,0.917733481341192,0.027551036833367543,0.011892336291524742,0.0
29,1,0.0,0.8318074204847657,7.336684415992637e-06,0.16818524283081807,5.062725546441587e-49,0.0
30,0,0.9999080112901125,3.822787423841438e-06,7.281124333842298e-05,1.535466265736348e-05,1.6467964733528203e-11,0.0
31,5,0.0,0.000562615357964762,7.476551981030677e-05,0.00014081768835168317,1.0541545976728687e-09,0.9992218003797185
32,5,0.0,0.0005647138612905943,7.448254772072222e-05,0.00023122897358866072,1.3471023221153347e-14,0.9991295746173864
33,1,0.0,0.8829030668312965,9.219923804988847e-11,0.11709693307650441,5.245725392835659e-25,0.0
34,5,0.0,0.0005647138612905943,7.448254772072222e-05,0.00023122897358866072,1.3471023221153347e-14,0.9991295746173864
35,2,0.0,0.04282314553391563,0.917733481341192,0.027551036833367543,0.011892336291524742,0.0
36,1,0.0,0.8711729098313418,1.9626953841802524e-05,0.12880746321479525,2.103286282833328e-14,0.0
37,5,0.0,0.0005647138612905943,7.448254772072222e-05,0.00023122897358866072,1.3471023221153347e-14,0.9991295746173864
38,5,0.0,0.0009263572523612288,6.909067329398598e-05,0.00015554394119473176,1.4736460843425825e-38,0.9988490081331499
39,5,0.0,0.003134087942605072,5.814010996917271e-05,6.185587493816753e-06,1.931411839502613e-76,0.996801586359932
40,5,0.0,0.0007246353963790553,7.160134697502615e-05,0.00024302325334829564,5.0367763057085155e-29,0.9989607400032976
41,2,0.0,0.008565447283555497,0.961813608195577,0.024645998606846506,0.004974945914021096,0.0
42,0,0.9998777301445174,1.7524064091248478e-06,1.9961369160230536e-05,2.608171246863539e-05,7.447436744469357e-05,0.0
43,1,0.0,0.9514791135126709,2.1571721867132835e-05,0.048499313626821826,1.1386402341089261e-09,0.0
44,5,0.0,0.0006075543670558869,7.425167851879739e-05,6.264051345858459e-05,2.342246025059861e-06,0.9992532111949415
45,1,0.0,0.7242464398653949,1.2253604245092329e-05,0.2757413065303599,1.2793697426966807e-28,0.0
46,1,0.0,0.6648190394458163,6.6651488043518775e-18,0.33518096055418367,1.6906561359644083e-47,0.0
47,1,0.0,0.9898225558767041,7.201116437399417e-26,0.01017744412329589,3.120977127827436e-38,0.0
48,2,0.0,0.04282314553391563,0.917733481341192,0.027551036833367543,0.011892336291524742,0.0
49,2,0.0,0.008146383499022684,0.9824352357935285,0.009418380702805512,4.643212371108572e-12,0.0
50,1,0.0,0.8469925110192761,1.1208994266181839e-17,0.15300748898072367,2.3651995753932977e-38,0.0
51,1,0.0,0.7473869150154229,9.556281324934947e-06,0.2526035287032523,4.788109946370869e-38,0.0
52,5,0.0,0.0007246353963790553,7.160134697502615e-05,0.00024302325334829564,5.0367763057085155e-29,0.9989607400032976
53,1,0.0,0.8711729098313418,1.9626953841802524e-05,0.12880746321479525,2.103286282833328e-14,0.0
54,3,0.0,0.1761915226480298,4.842243663505374e-37,0.82380847735197,1.1880716289302111e-85,0.0
55,1,0.0,0.7473869150154229,9.556281324934947e-06,0.2526035287032523,4.788109946370869e-38,0.0
56,5,0.0,0.000614413953932518,7.341606514069612e-05,0.0002773548470713034,4.888174174308396e-21,0.9990348151338554
57,0,0.9998777301445174,1.7524064091248478e-06,1.9961369160230536e-05,2.608171246863539e-05,7.447436744469357e-05,0.0
58,0,0.9998777301445174,1.7524064091248478e-06,1.9961369160230536e-05,2.608171246863539e-05,7.447436744469357e-05,0.0
59,0,0.9998777301445174,1.7524064091248478e-06,1.9961369160230536e-05,2.608171246863539e-05,7.447436744469357e-05,0.0
60,0,0.9998924176229602,5.11951723479379e-06,9.642808806645588e-05,6.0347717383093356e-06,7.05644818217312e-17,0.0
61,0,0.9998777301445174,1.7524064091248478e-06,1.9961369160230536e-05,2.608171246863539e-05,7.447436744469357e-05,0.0
62,1,0.0,0.7634882333319652,6.609089581708991e-11,0.2365117666019438,9.951695723585918e-33,0.0
63,0,0.9999157952587338,2.2366067481373526e-06,3.3128242995440716e-05,3.1921587224436464e-05,1.6918304298064732e-05,0.0
64,2,0.0,0.005662081367967568,0.5350191874216325,0.014218508311724795,0.4451002228986753,0.0
65,0,0.9999192478892461,2.900693565684066e-06,5.099546529828104e-05,2.6753646546731212e-05,1.0230534302688387e-07,0.0
66,2,0.0,0.005662081367967568,0.5350191874216325,0.014218508311724795,0.4451002228986753,0.0
67,0,0.9998729554527305,6.967045488042454e-06,0.00011845328159990763,1.6242201814695045e-06,8.048912632149142e-24,0.0
68,2,0.0,0.04282314553391563,0.917733481341192,0.027551036833367543,0.011892336291524742,0.0
69,5,0.0,0.0005647138612905943,7.448254772072222e-05,0.00023122897358866072,1.3471023221153347e-14,0.9991295746173864
70,5,0.0,0.0006075543670558869,7.425167851879739e-05,6.264051345858459e-05,2.342246025059861e-06,0.9992532111949415
71,0,0.9998777301445174,1.7524064091248478e-06,1.9961369160230536e-05,2.608171246863539e-05,7.447436744469357e-05,0.0
72,0,0.9998777301445174,1.7524064091248478e-06,1.9961369160230536e-05,2.608171246863539e-05,7.447436744469357e-05,0.0
73,4,0.0,0.0028266911403110537,0.20515950652243797,0.004174750784688717,0.7878390515525621,0.0
74,3,0.0,0.19082059031851828,2.2081880254153278e-27,0.8091794096814817,4.644976815117944e-91,0.0
75,5,0.0,0.000562615357964762,7.476551981030677e-05,0.00014081768835168317,1.0541545976728687e-09,0.9992218003797185
76,1,0.0,0.8469925110192761,1.1208994266181839e-17,0.15300748898072367,2.3651995753932977e-38,0.0
77,5,0.0,0.0009263572523612288,6.909067329398598e-05,0.00015554394119473176,1.4736460843425825e-38,0.9988490081331499
78,2,0.0,0.008565447283555497,0.961813608195577,0.024645998606846506,0.004974945914021096,0.0
79,1,0.0,0.7242464398653949,1.2253604245092329e-05,0.2757413065303599,1.2793697426966807e-28,0.0
80,1,0.0,0.9999999966658599,5.377318230291214e-60,3.3341392542482636e-09,4.273974297062265e-61,0.0
81,5,0.0,0.0007110050820192385,7.294454924431866e-05,2.0349798429389282e-05,0.00014774362837340616,0.9990479569419336
82,5,0.0,0.0009018622179104882,7.089686000792104e-05,4.828781510731801e-06,0.0002646055766649916,0.9987578065639058
83,1,0.0,0.9514791135126709,2.1571721867132835e-05,0.048499313626821826,1.1386402341089261e-09,0.0
84,1,0.0,0.7473869150154229,9.556281324934947e-06,0.2526035287032523,4.788109946370869e-38,0.0
85,1,0.0,0.8469925110192761,1.1208994266181839e-17,0.15300748898072367,2.3651995753932977e-38,0.0
86,2,0.0,0.03975287091668099,0.9252273677010419,0.03501637547448069,3.385907796559327e-06,0.0
87,2,0.0,0.07112770858865036,0.9246198156087149,0.004252475802634642,8.157517570611718e-36,0.0
88,2,0.0,0.005662081367967568,0.5350191874216325,0.014218508311724795,0.4451002228986753,0.0
89,4,0.0,0.014707156542056267,0.20322904412210457,0.0015448261406033666,0.7805189731952357,0.0
90,5,0.0,0.0005647138612905943,7.448254772072222e-05,0.00023122897358866072,1.3471023221153347e-14,0.9991295746173864
91,1,0.0,0.8711729098313418,1.9626953841802524e-05,0.12880746321479525,2.103286282833328e-14,0.0
92,1,0.0,0.9882746365503297,2.0581066346158434e-05,0.01170324673345439,1.535649869568172e-06,0.0
93,0,0.9998729554527305,6.967045488042454e-06,0.00011845328159990763,1.6242201814695045e-06,8.048912632149142e-24,0.0
94,2,0.0,0.03975287091668099,0.9252273677010419,0.03501637547448069,3.385907796559327e-06,0.0
95,5,0.0,0.0005647138612905943,7.448254772072222e-05,0.00023122897358866072,1.3471023221153347e-14,0.9991295746173864
96,5,0.0,0.0009018622179104882,7.089686000792104e-05,4.828781510731801e-06,0.0002646055766649916,0.9987578065639058
97,5,0.0,0.0009018622179104882,7.089686000792104e-05,4.828781510731801e-06,0.0002646055766649916,0.9987578065639058
98,5,0.0,0.0009018622179104882,7.089686000792104e-05,4.828781510731801e-06,0.0002646055766649916,0.9987578065639058
99,2,0.0,0.044678236633293004,0.9327449072142341,0.022576856152472912,6.434885652285746e-18,0.0
100,2,0.0,0.040184936381756284,0.9271561302060557,0.032658933384688685,2.7499321496801488e-11,0.0
101,4,0.0,0.0028266911403110537,0.20515950652243797,0.004174750784688717,0.7878390515525621,0.0
102,4,0.0,0.023229776591300915,0.4184164401901885,0.007356204881561149,0.5509975783369494,0.0
103,4,0.0,0.0028266911403110537,0.20515950652243797,0.004174750784688717,0.7878390515525621,0.0
104,2,0.0,0.03975287091668099,0.9252273677010419,0.03501637547448069,3.385907796559327e-06,0.0
105,5,0.0,0.000614413953932518,7.341606514069612e-05,0.0002773548470713034,4.888174174308396e-21,0.9990348151338554
106,2,0.0,0.04282314553391563,0.917733481341192,0.027551036833367543,0.011892336291524742,0.0
107,5,0.0,0.0009018622179104882,7.089686000792104e-05,4.828781510731801e-06,0.0002646055766649916,0.9987578065639058
108,2,0.0,0.008565447283555497,0.961813608195577,0.024645998606846506,0.004974945914021096,0.0
109,4,0.0,0.014707156542056267,0.20322904412210457,0.0015448261406033666,0.7805189731952357,0.0
110,4,0.0,0.023229776591300915,0.4184164401901885,0.007356204881561149,0.5509975783369494,0.0
111,5,0.0,0.0006075543670558869,7.425167851879739e-05,6.264051345858459e-05,2.342246025059861e-06,0.9992532111949415
112,0,0.9998777301445174,1.7524064091248478e-06,1.9961369160230536e-05,2.608171246863539e-05,7.447436744469357e-05,0.0
113,0,0.9999192478892461,2.900693565684066e-06,5.099546529828104e-05,2.6753646546731212e-05,1.0230534302688387e-07,0.0
114,4,0.0,0.023229776591300915,0.4184164401901885,0.007356204881561149,0.5509975783369494,0.0
115,1,0.0,0.9514791135126709,2.1571721867132835e-05,0.048499313626821826,1.1386402341089261e-09,0.0
116,2,0.0,0.00799843806585677,0.974229628168964,0.017771034611000217,8.991541789826387e-07,0.0
117,0,0.9998777301445174,1.7524064091248478e-06,1.9961369160230536e-05,2.608171246863539e-05,7.447436744469357e-05,0.0
118,4,0.0,0.0028266911403110537,0.20515950652243797,0.004174750784688717,0.7878390515525621,0.0
119,2,0.0,0.044678236633293004,0.9327449072142341,0.022576856152472912,6.434885652285746e-18,0.0
120,1,0.0,0.513287749599636,3.558396035071362e-18,0.486712250400364,3.113941164317175e-58,0.0
121,1,0.0,0.9882746365503297,2.0581066346158434e-05,0.01170324673345439,1.535649869568172e-06,0.0
122,1,0.0,0.8469925110192761,1.1208994266181839e-17,0.15300748898072367,2.3651995753932977e-38,0.0
123,3,0.0,0.4934607548617818,1.2440073106617098e-18,0.506539245138218,3.0626658256479517e-84,0.0
124,0,0.9999080112901125,3.822787423841438e-06,7.281124333842298e-05,1.535466265736348e-05,1.6467964733528203e-11,0.0
125,0,0.9998924176229602,5.11951723479379e-06,9.642808806645588e-05,6.0347717383093356e-06,7.05644818217312e-17,0.0
126,0,0.9999157952587338,2.2366067481373526e-06,3.3128242995440716e-05,3.1921587224436464e-05,1.6918304298064732e-05,0.0
127,5,0.0,0.0005647138612905943,7.448254772072222e-05,0.00023122897358866072,1.3471023221153347e-14,0.9991295746173864
128,2,0.0,0.03975287091668099,0.9252273677010419,0.03501637547448069,3.385907796559327e-06,0.0
129,2,0.0,0.005662081367967568,0.5350191874216325,0.014218508311724795,0.4451002228986753,0.0
130,5,0.0,0.000562615357964762,7.476551981030677e-05,0.00014081768835168317,1.0541545976728687e-09,0.9992218003797185
131,2,0.0,0.01098831189424752,0.9879589308906934,0.001052757215059251,2.8942514772149958e-27,0.0
132,5,0.0,0.000614413953932518,7.341606514069612e-05,0.0002773548470713034,4.888174174308396e-21,0.9990348151338554
133,2,0.0,0.044678236633293004,0.9327449072142341,0.022576856152472912,6.434885652285746e-18,0.0
134,1,0.0,0.8318074204847657,7.336684415992637e-06,0.16818524283081807,5.062725546441587e-49,0.0
135,1,0.0,0.7242464398653949,1.2253604245092329e-05,0.2757413065303599,1.2793697426966807e-28,0.0
136,1,0.0,0.7242464398653949,1.2253604245092329e-05,0.2757413065303599,1.2793697426966807e-28,0.0
137,2,0.0,0.04282314553391563,0.917733481341192,0.027551036833367543,0.011892336291524742,0.0
138,2,0.0,0.07112770858865036,0.9246198156087149,0.004252475802634642,8.157517570611718e-36,0.0
139,1,0.0,0.963144791012655,1.1075123035135811e-10,0.03685520887659375,6.833071186717258e-19,0.0
140,2,0.0,0.04282314553391563,0.917733481341192,0.027551036833367543,0.011892336291524742,0.0
141,2,0.0,0.040184936381756284,0.9271561302060557,0.032658933384688685,2.7499321496801488e-11,0.0
142,2,0.0,0.04282314553391563,0.917733481341192,0.027551036833367543,0.011892336291524742,0.0
143,5,0.0,0.000562615357964762,7.476551981030677e-05,0.00014081768835168317,1.0541545976728687e-09,0.9992218003797185
144,2,0.0,0.01098831189424752,0.9879589308906934,0.001052757215059251,2.8942514772149958e-27,0.0
145,5,0.0,0.0007246353963790553,7.160134697502615e-05,0.00024302325334829564,5.0367763057085155e-29,0.9989607400032976
146,5,0.0,0.0005647138612905943,7.448254772072222e-05,0.00023122897358866072,1.3471023221153347e-14,0.9991295746173864
147,2,0.0,0.008565447283555497,0.961813608195577,0.024645998606846506,0.004974945914021096,0.0
148,1,0.0,0.9999999262875958,9.961536643290184e-36,7.371240434825359e-08,1.745692602103094e-35,0.0
149,0,0.9998437767792947,1.353971493954426e-05,0.00014264572134713066,3.778441862080816e-08,1.9754365497046944e-42,0.0
150,2,0.0,0.054186761723166416,0.9343401039026026,0.011473134374230956,4.3028695179421225e-26,0.0
151,0,0.9998924176229602,5.11951723479379e-06,9.642808806645588e-05,6.0347717383093356e-06,7.05644818217312e-17,0.0
152,5,0.0,0.000614413953932518,7.341606514069612e-05,0.0002773548470713034,4.888174174308396e-21,0.9990348151338554
153,0,0.9998924176229602,5.11951723479379e-06,9.642808806645588e-05,6.0347717383093356e-06,7.05644818217312e-17,0.0
154,0,0.9999080112901125,3.822787423841438e-06,7.281124333842298e-05,1.535466265736348e-05,1.6467964733528203e-11,0.0
155,0,0.9999080112901125,3.822787423841438e-06,7.281124333842298e-05,1.535466265736348e-05,1.6467964733528203e-11,0.0
156,5,0.0,0.000562615357964762,7.476551981030677e-05,0.00014081768835168317,1.0541545976728687e-09,0.9992218003797185
157,2,0.0,0.01098831189424752,0.9879589308906934,0.001052757215059251,2.8942514772149958e-27,0.0
158,1,0.0,0.8711729098313418,1.9626953841802524e-05,0.12880746321479525,2.103286282833328e-14,0.0
159,2,0.0,0.00799843806585677,0.974229628168964,0.017771034611000217,8.991541789826387e-07,0.0
160,1,0.0,0.7473869150154229,9.556281324934947e-06,0.2526035287032523,4.788109946370869e-38,0.0
161,5,0.0,0.0005647138612905943,7.448254772072222e-05,0.00023122897358866072,1.3471023221153347e-14,0.9991295746173864
162,2,0.0,0.054186761723166416,0.9343401039026026,0.011473134374230956,4.3028695179421225e-26,0.0
163,1,0.0,0.513287749599636,3.558396035071362e-18,0.486712250400364,3.113941164317175e-58,0.0
164,3,0.0,0.1761915226480298,4.842243663505374e-37,0.82380847735197,1.1880716289302111e-85,0.0
165,3,0.0,0.011562664969870221,3.969882889705041e-50,0.9884373350301299,1.8081985263554601e-124,0.0
166,1,0.0,0.8318074204847657,7.336684415992637e-06,0.16818524283081807,5.062725546441587e-49,0.0
167,4,0.0,0.014707156542056267,0.20322904412210457,0.0015448261406033666,0.7805189731952357,0.0
168,5,0.0,0.000614413953932518,7.341606514069612e-05,0.0002773548470713034,4.888174174308396e-21,0.9990348151338554
169,2,0.0,0.040184936381756284,0.9271561302060557,0.032658933384688685,2.7499321496801488e-11,0.0
170,5,0.0,0.000614413953932518,7.341606514069612e-05,0.0002773548470713034,4.888174174308396e-21,0.9990348151338554
171,4,0.0,0.014707156542056267,0.20322904412210457,0.0015448261406033666,0.7805189731952357,0.0
172,2,0.0,0.054186761723166416,0.9343401039026026,0.011473134374230956,4.3028695179421225e-26,0.0
173,5,0.0,0.0007246353963790553,7.160134697502615e-05,0.00024302325334829564,5.0367763057085155e-29,0.9989607400032976
174,0,0.9998777301445174,1.7524064091248478e-06,1.9961369160230536e-05,2.608171246863539e-05,7.447436744469357e-05,0.0
175,2,0.0,0.01098831189424752,0.9879589308906934,0.001052757215059251,2.8942514772149958e-27,0.0
176,1,0.0,0.6722250727268051,4.402979233527869e-11,0.32777492722916496,5.035536098160723e-42,0.0
177,2,0.0,0.008146383499022684,0.9824352357935285,0.009418380702805512,4.643212371108572e-12,0.0
178,4,0.0,0.014707156542056267,0.20322904412210457,0.0015448261406033666,0.7805189731952357,0.0
179,2,0.0,0.04282314553391563,0.917733481341192,0.027551036833367543,0.011892336291524742,0.0
180,5,0.0,0.0007246353963790553,7.160134697502615e-05,0.00024302325334829564,5.0367763057085155e-29,0.9989607400032976
181,2,0.0,0.04282314553391563,0.917733481341192,0.027551036833367543,0.011892336291524742,0.0
182,4,0.0,0.0028266911403110537,0.20515950652243797,0.004174750784688717,0.7878390515525621,0.0
183,3,0.0,7.206653786721618e-05,2.3661340120594248e-80,0.9999279334621324,2.4988120101554224e-183,0.0
184,0,0.9998924176229602,5.11951723479379e-06,9.642808806645588e-05,6.0347717383093356e-06,7.05644818217312e-17,0.0
185,2,0.0,0.01098831189424752,0.9879589308906934,0.001052757215059251,2.8942514772149958e-27,0.0
186,1,0.0,0.6722250727268051,4.402979233527869e-11,0.32777492722916496,5.035536098160723e-42,0.0
187,1,0.0,0.7634882333319652,6.609089581708991e-11,0.2365117666019438,9.951695723585918e-33,0.0
188,5,0.0,0.000562615357964762,7.476551981030677e-05,0.00014081768835168317,1.0541545976728687e-09,0.9992218003797185
189,2,0.0,0.044678236633293004,0.9327449072142341,0.022576856152472912,6.434885652285746e-18,0.0
190,0,0.9999192478892461,2.900693565684066e-06,5.099546529828104e-05,2.6753646546731212e-05,1.0230534302688387e-07,0.0
191,2,0.0,0.04282314553391563,0.917733481341192,0.027551036833367543,0.011892336291524742,0.0
192,5,0.0,0.000614413953932518,7.341606514069612e-05,0.0002773548470713034,4.888174174308396e-21,0.9990348151338554
193,2,0.0,0.07112770858865036,0.9246198156087149,0.004252475802634642,8.157517570611718e-36,0.0
194,2,0.0,0.009058284493304255,0.9872692821740457,0.0036724333326498084,6.857383237723751e-19,0.0
195,2,0.0,0.009058284493304255,0.9872692821740457,0.0036724333326498084,6.857383237723751e-19,0.0
196,2,0.0,0.044678236633293004,0.9327449072142341,0.022576856152472912,6.434885652285746e-18,0.0
197,0,0.999840821830913,1.9335423833940594e-05,0.00013983947937866464,3.265874324813187e-09,4.250507990191099e-54,0.0
198,4,0.0,0.014707156542056267,0.20322904412210457,0.0015448261406033666,0.7805189731952357,0.0
199,2,0.0,0.008146383499022684,0.9824352357935285,0.009418380702805512,4.643212371108572e-12,0.0
200,0,0.9999080112901125,3.822787423841438e-06,7.281124333842298e-05,1.535466265736348e-05,1.6467964733528203e-11,0.0
201,2,0.0,0.15104885456862097,0.8487307884055738,0.00022035702580494148,6.49601823532521e-60,0.0
202,2,0.0,0.040184936381756284,0.9271561302060557,0.032658933384688685,2.7499321496801488e-11,0.0
203,2,0.0,0.04282314553391563,0.917733481341192,0.027551036833367543,0.011892336291524742,0.0
204,0,0.9998777301445174,1.7524064091248478e-06,1.9961369160230536e-05,2.608171246863539e-05,7.447436744469357e-05,0.0
205,0,0.9999192478892461,2.900693565684066e-06,5.099546529828104e-05,2.6753646546731212e-05,1.0230534302688387e-07,0.0
206,2,0.0,0.008146383499022684,0.9824352357935285,0.009418380702805512,4.643212371108572e-12,0.0
207,1,0.0,0.7634882333319652,6.609089581708991e-11,0.2365117666019438,9.951695723585918e-33,0.0
208,1,0.0,0.7634882333319652,6.609089581708991e-11,0.2365117666019438,9.951695723585918e-33,0.0
209,2,0.0,0.01098831189424752,0.9879589308906934,0.001052757215059251,2.8942514772149958e-27,0.0
210,5,0.0,0.0005647138612905943,7.448254772072222e-05,0.00023122897358866072,1.3471023221153347e-14,0.9991295746173864
211,2,0.0,0.07112770858865036,0.9246198156087149,0.004252475802634642,8.157517570611718e-36,0.0
212,5,0.0,0.000614413953932518,7.341606514069612e-05,0.0002773548470713034,4.888174174308396e-21,0.9990348151338554
213,1,0.0,0.9246255015409977,5.135044171888762e-06,0.07536936341483068,1.400568917639475e-61,0.0
214,2,0.0,0.04282314553391563,0.917733481341192,0.027551036833367543,0.011892336291524742,0.0
215,4,0.0,0.014707156542056267,0.20322904412210457,0.0015448261406033666,0.7805189731952357,0.0
216,2,0.0,0.03975287091668099,0.9252273677010419,0.03501637547448069,3.385907796559327e-06,0.0
217,2,0.0,0.054186761723166416,0.9343401039026026,0.011473134374230956,4.3028695179421225e-26,0.0
218,2,0.0,0.044678236633293004,0.9327449072142341,0.022576856152472912,6.434885652285746e-18,0.0
219,1,0.0,0.9992222801864639,1.759126821433161e-17,0.000777719813536348,1.1938885884670254e-20,0.0
220,1,0.0,0.8829030668312965,9.219923804988847e-11,0.11709693307650441,5.245725392835659e-25,0.0
221,5,0.0,0.0005647138612905943,7.448254772072222e-05,0.00023122897358866072,1.3471023221153347e-14,0.9991295746173864
222,5,0.0,0.000614413953932518,7.341606514069612e-05,0.0002773548470713034,4.888174174308396e-21,0.9990348151338554
223,1,0.0,0.8711729098313418,1.9626953841802524e-05,0.12880746321479525,2.103286282833328e-14,0.0
224,0,0.9998924176229602,5.11951723479379e-06,9.642808806645588e-05,6.0347717383093356e-06,7.05644818217312e-17,0.0
225,2,0.0,0.00799843806585677,0.974229628168964,0.017771034611000217,8.991541789826387e-07,0.0
226,0,0.9998924176229602,5.11951723479379e-06,9.642808806645588e-05,6.0347717383093356e-06,7.05644818217312e-17,0.0
227,2,0.0,0.03975287091668099,0.9252273677010419,0.03501637547448069,3.385907796559327e-06,0.0
228,5,0.0,0.0005647138612905943,7.448254772072222e-05,0.00023122897358866072,1.3471023221153347e-14,0.9991295746173864
229,0,0.9998777301445174,1.7524064091248478e-06,1.9961369160230536e-05,2.608171246863539e-05,7.447436744469357e-05,0.0
230,5,0.0,0.000562615357964762,7.476551981030677e-05,0.00014081768835168317,1.0541545976728687e-09,0.9992218003797185
231,0,0.9999192478892461,2.900693565684066e-06,5.099546529828104e-05,2.6753646546731212e-05,1.0230534302688387e-07,0.0
232,1,0.0,0.992952192436369,1.74132460089678e-17,0.0070478075636309185,6.010235491529902e-25,0.0
233,3,0.0,0.2631541020339046,5.279246990963725e-27,0.7368458979660955,2.4693084355546306e-77,0.0
234,3,0.0,0.2631541020339046,5.279246990963725e-27,0.7368458979660955,2.4693084355546306e-77,0.0
235,5,0.0,0.0006075543670558869,7.425167851879739e-05,6.264051345858459e-05,2.342246025059861e-06,0.9992532111949415
236,2,0.0,0.01098831189424752,0.9879589308906934,0.001052757215059251,2.8942514772149958e-27,0.0
237,2,0.0,0.00799843806585677,0.974229628168964,0.017771034611000217,8.991541789826387e-07,0.0
238,2,0.0,0.008565447283555497,0.961813608195577,0.024645998606846506,0.004974945914021096,0.0
239,2,0.0,0.054186761723166416,0.9343401039026026,0.011473134374230956,4.3028695179421225e-26,0.0
240,2,0.0,0.054186761723166416,0.9343401039026026,0.011473134374230956,4.3028695179421225e-26,0.0
241,3,0.0,0.19082059031851828,2.2081880254153278e-27,0.8091794096814817,4.644976815117944e-91,0.0
242,3,0.0,0.2631541020339046,5.279246990963725e-27,0.7368458979660955,2.4693084355546306e-77,0.0
243,3,0.0,0.1761915226480298,4.842243663505374e-37,0.82380847735197,1.1880716289302111e-85,0.0
244,3,0.0,0.4452427250196886,1.4134399001229613e-26,0.5547572749803116,4.2189362255172136e-65,0.0
245,3,0.0,0.4934607548617818,1.2440073106617098e-18,0.506539245138218,3.0626658256479517e-84,0.0
246,3,0.0,0.4934607548617818,1.2440073106617098e-18,0.506539245138218,3.0626658256479517e-84,0.0
247,3,0.0,0.4452427250196886,1.4134399001229613e-26,0.5547572749803116,4.2189362255172136e-65,0.0
248,3,0.0,0.2631541020339046,5.279246990963725e-27,0.7368458979660955,2.4693084355546306e-77,0.0
249,3,0.0,0.4452427250196886,1.4134399001229613e-26,0.5547572749803116,4.2189362255172136e-65,0.0
250,3,0.0,0.2631541020339046,5.279246990963725e-27,0.7368458979660955,2.4693084355546306e-77,0.0
251,3,0.0,0.19082059031851828,2.2081880254153278e-27,0.8091794096814817,4.644976815117944e-91,0.0
252,1,0.0,0.513287749599636,3.558396035071362e-18,0.486712250400364,3.113941164317175e-58,0.0
253,2,0.0,0.00799843806585677,0.974229628168964,0.017771034611000217,8.991541789826387e-07,0.0
254,3,0.0,0.2631541020339046,5.279246990963725e-27,0.7368458979660955,2.4693084355546306e-77,0.0
255,3,0.0,0.2631541020339046,5.279246990963725e-27,0.7368458979660955,2.4693084355546306e-77,0.0
256,1,0.0,0.9882746365503297,2.0581066346158434e-05,0.01170324673345439,1.535649869568172e-06,0.0
257,5,0.0,0.0009263572523612288,6.909067329398598e-05,0.00015554394119473176,1.4736460843425825e-38,0.9988490081331499
258,1,0.0,0.7757701293744377,1.5853028303515146e-05,0.22421401759725884,9.898465962774617e-21,0.0
259,1,0.0,0.9882746365503297,2.0581066346158434e-05,0.01170324673345439,1.535649869568172e-06,0.0
260,2,0.0,0.044678236633293004,0.9327449072142341,0.022576856152472912,6.434885652285746e-18,0.0
261,0,0.9999157952587338,2.2366067481373526e-06,3.3128242995440716e-05,3.1921587224436464e-05,1.6918304298064732e-05,0.0
262,2,0.0,0.01098831189424752,0.9879589308906934,0.001052757215059251,2.8942514772149958e-27,0.0
263,3,0.0,0.4452427250196886,1.4134399001229613e-26,0.5547572749803116,4.2189362255172136e-65,0.0
264,2,0.0,0.008146383499022684,0.9824352357935285,0.009418380702805512,4.643212371108572e-12,0.0
265,3,0.0,0.4541696484412815,1.9873123315808725e-18,0.5458303515587184,1.7218659184418516e-70,0.0
266,1,0.0,0.963144791012655,1.1075123035135811e-10,0.03685520887659375,6.833071186717258e-19,0.0
267,0,0.9998924176229602,5.11951723479379e-06,9.642808806645588e-05,6.0347717383093356e-06,7.05644818217312e-17,0.0
268,2,0.0,0.044678236633293004,0.9327449072142341,0.022576856152472912,6.434885652285746e-18,0.0
269,1,0.0,0.9783312386626005,3.1227208447199585e-06,0.02166563861655484,9.661300988632858e-76,0.0
270,1,0.0,0.6722250727268051,4.402979233527869e-11,0.32777492722916496,5.035536098160723e-42,0.0
271,1,0.0,0.7473869150154229,9.556281324934947e-06,0.2526035287032523,4.788109946370869e-38,0.0
272,4,0.0,0.023229776591300915,0.4184164401901885,0.007356204881561149,0.5509975783369494,0.0
273,5,0.0,0.0009018622179104882,7.089686000792104e-05,4.828781510731801e-06,0.0002646055766649916,0.9987578065639058
274,5,0.0,0.0005647138612905943,7.448254772072222e-05,0.00023122897358866072,1.3471023221153347e-14,0.9991295746173864
275,0,0.9998777301445174,1.7524064091248478e-06,1.9961369160230536e-05,2.608171246863539e-05,7.447436744469357e-05,0.0
276,2,0.0,0.005662081367967568,0.5350191874216325,0.014218508311724795,0.4451002228986753,0.0
277,2,0.0,0.008565447283555497,0.961813608195577,0.024645998606846506,0.004974945914021096,0.0
278,4,0.0,0.023229776591300915,0.4184164401901885,0.007356204881561149,0.5509975783369494,0.0
279,1,0.0,0.9999971357649627,1.3492861290878198e-17,2.8642350373357816e-06,8.369117963544112e-17,0.0
280,5,0.0,0.000562615357964762,7.476551981030677e-05,0.00014081768835168317,1.0541545976728687e-09,0.9992218003797185
281,4,0.0,0.014707156542056267,0.20322904412210457,0.0015448261406033666,0.7805189731952357,0.0
282,5,0.0,0.0005647138612905943,7.448254772072222e-05,0.00023122897358866072,1.3471023221153347e-14,0.9991295746173864
283,5,0.0,0.0005647138612905943,7.448254772072222e-05,0.00023122897358866072,1.3471023221153347e-14,0.9991295746173864
284,5,0.0,0.0005647138612905943,7.448254772072222e-05,0.00023122897358866072,1.3471023221153347e-14,0.9991295746173864
285,2,0.0,0.040184936381756284,0.9271561302060557,0.032658933384688685,2.7499321496801488e-11,0.0
286,1,0.0,0.513287749599636,3.558396035071362e-18,0.486712250400364,3.113941164317175e-58,0.0
287,5,0.0,0.0006075543670558869,7.425167851879739e-05,6.264051345858459e-05,2.342246025059861e-06,0.9992532111949415
288,1,0.0,0.7242464398653949,1.2253604245092329e-05,0.2757413065303599,1.2793697426966807e-28,0.0
289,1,0.0,0.9999424872489231,1.613100270527834e-17,5.751275107683014e-05,6.178019976795149e-18,0.0
290,0,0.9998777301445174,1.7524064091248478e-06,1.9961369160230536e-05,2.608171246863539e-05,7.447436744469357e-05,0.0
291,2,0.0,0.005662081367967568,0.5350191874216325,0.014218508311724795,0.4451002228986753,0.0
292,1,0.0,0.9999948778092645,6.787377589891044e-11,5.1219033843613074e-06,2.1947750599623185e-10,0.0
293,2,0.0,0.008565447283555497,0.961813608195577,0.024645998606846506,0.004974945914021096,0.0
294,4,0.0,0.0028266911403110537,0.20515950652243797,0.004174750784688717,0.7878390515525621,0.0
295,2,0.0,0.03975287091668099,0.9252273677010419,0.03501637547448069,3.385907796559327e-06,0.0
296,5,0.0,0.0005647138612905943,7.448254772072222e-05,0.00023122897358866072,1.3471023221153347e-14,0.9991295746173864
297,5,0.0,0.0005647138612905943,7.448254772072222e-05,0.00023122897358866072,1.3471023221153347e-14,0.9991295746173864
298,5,0.0,0.0005647138612905943,7.448254772072222e-05,0.00023122897358866072,1.3471023221153347e-14,0.9991295746173864
299,5,0.0,0.0005647138612905943,7.448254772072222e-05,0.00023122897358866072,1.3471023221153347e-14,0.9991295746173864
300,1,0.0,0.9999999038778793,1.0301296126700743e-17,9.612212030080089e-08,2.9697616217614374e-17,0.0
301,0,0.9998777301445174,1.7524064091248478e-06,1.9961369160230536e-05,2.608171246863539e-05,7.447436744469357e-05,0.0
302,1,0.0,0.992952192436369,1.74132460089678e-17,0.0070478075636309185,6.010235491529902e-25,0.0
303,1,0.0,0.513287749599636,3.558396035071362e-18,0.486712250400364,3.113941164317175e-58,0.0
304,1,0.0,0.992952192436369,1.74132460089678e-17,0.0070478075636309185,6.010235491529902e-25,0.0
305,1,0.0,0.513287749599636,3.558396035071362e-18,0.486712250400364,3.113941164317175e-58,0.0
306,5,0.0,0.0012834678726012297,6.595274081658587e-05,7.271074797831873e-05,1.22409553083612e-49,0.9985778686386036
307,1,0.0,0.513287749599636,3.558396035071362e-18,0.486712250400364,3.113941164317175e-58,0.0
308,1,0.0,0.513287749599636,3.558396035071362e-18,0.486712250400364,3.113941164317175e-58,0.0
309,5,0.0,0.000614413953932518,7.341606514069612e-05,0.0002773548470713034,4.888174174308396e-21,0.9990348151338554
310,5,0.0,0.0012834678726012297,6.595274081658587e-05,7.271074797831873e-05,1.22409553083612e-49,0.9985778686386036
311,5,0.0,0.0005647138612905943,7.448254772072222e-05,0.00023122897358866072,1.3471023221153347e-14,0.9991295746173864
312,1,0.0,0.6722250727268051,4.402979233527869e-11,0.32777492722916496,5.035536098160723e-42,0.0
313,1,0.0,0.7634882333319652,6.609089581708991e-11,0.2365117666019438,9.951695723585918e-33,0.0
314,1,0.0,0.6591058654766069,2.9815864312103676e-11,0.34089413449357747,7.432869395799289e-53,0.0
315,5,0.0,0.0005647138612905943,7.448254772072222e-05,0.00023122897358866072,1.3471023221153347e-14,0.9991295746173864
316,1,0.0,0.7634882333319652,6.609089581708991e-11,0.2365117666019438,9.951695723585918e-33,0.0
317,1,0.0,0.834411801823753,5.228699846614759e-36,0.16558819817624665,5.985484012290395e-63,0.0
318,1,0.0,0.7473869150154229,9.556281324934947e-06,0.2526035287032523,4.788109946370869e-38,0.0
319,3,0.0,0.4452427250196886,1.4134399001229613e-26,0.5547572749803116,4.2189362255172136e-65,0.0
320,3,0.0,0.4541696484412815,1.9873123315808725e-18,0.5458303515587184,1.7218659184418516e-70,0.0
321,1,0.0,0.7242464398653949,1.2253604245092329e-05,0.2757413065303599,1.2793697426966807e-28,0.0
322,5,0.0,0.0007246353963790553,7.160134697502615e-05,0.00024302325334829564,5.0367763057085155e-29,0.9989607400032976
323,1,0.0,0.8711729098313418,1.9626953841802524e-05,0.12880746321479525,2.103286282833328e-14,0.0
324,3,0.0,0.4452427250196886,1.4134399001229613e-26,0.5547572749803116,4.2189362255172136e-65,0.0
325,1,0.0,0.513287749599636,3.558396035071362e-18,0.486712250400364,3.113941164317175e-58,0.0
326,5,0.0,0.0007246353963790553,7.160134697502615e-05,0.00024302325334829564,5.0367763057085155e-29,0.9989607400032976
327,1,0.0,0.7242464398653949,1.2253604245092329e-05,0.2757413065303599,1.2793697426966807e-28,0.0
328,5,0.0,0.000614413953932518,7.341606514069612e-05,0.0002773548470713034,4.888174174308396e-21,0.9990348151338554
329,1,0.0,0.6591058654766069,2.9815864312103676e-11,0.34089413449357747,7.432869395799289e-53,0.0
330,1,0.0,0.73008191568812,2.0820529529366738e-11,0.26991808429105957,3.246962605817595e-65,0.0
331,5,0.0,0.0007246353963790553,7.160134697502615e-05,0.00024302325334829564,5.0367763057085155e-29,0.9989607400032976
332,1,0.0,0.513287749599636,3.558396035071362e-18,0.486712250400364,3.113941164317175e-58,0.0
333,3,0.0,0.18769537287700527,1.1436180906669703e-27,0.8123046271229947,3.1048387781744317e-106,0.0
334,3,0.0,0.04207212312807993,7.439858069551454e-39,0.9579278768719204,2.617810654449235e-149,0.0
335,3,0.0,0.0004377452701901961,3.913476038676828e-65,0.9995622547298095,1.368655771777235e-170,0.0
336,3,0.0,0.003766892748926748,1.0998132800126307e-51,0.9962331072510731,9.458479864358803e-179,0.0
337,3,0.0,0.04207212312807993,7.439858069551454e-39,0.9579278768719204,2.617810654449235e-149,0.0
338,3,0.0,0.005380997104993922,8.900618205955509e-51,0.9946190028950062,3.761550079829765e-141,0.0
339,3,0.0,0.005380997104993922,8.900618205955509e-51,0.9946190028950062,3.761550079829765e-141,0.0
340,3,0.0,0.1761915226480298,4.842243663505374e-37,0.82380847735197,1.1880716289302111e-85,0.0
341,3,0.0,0.0004377452701901961,3.913476038676828e-65,0.9995622547298095,1.368655771777235e-170,0.0
342,3,0.0,0.005380997104993922,8.900618205955509e-51,0.9946190028950062,3.761550079829765e-141,0.0
343,3,0.0,0.18769537287700527,1.1436180906669703e-27,0.8123046271229947,3.1048387781744317e-106,0.0
344,3,0.0,0.04207212312807993,7.439858069551454e-39,0.9579278768719204,2.617810654449235e-149,0.0
345,3,0.0,0.005380997104993922,8.900618205955509e-51,0.9946190028950062,3.761550079829765e-141,0.0
346,3,0.0,0.19082059031851828,2.2081880254153278e-27,0.8091794096814817,4.644976815117944e-91,0.0
347,3,0.0,0.04207212312807993,7.439858069551454e-39,0.9579278768719204,2.617810654449235e-149,0.0
348,3,0.0,0.011562664969870221,3.969882889705041e-50,0.9884373350301299,1.8081985263554601e-124,0.0
349,3,0.0,0.00025146758888613057,9.034890481563184e-66,0.9997485324111139,3.821784216427456e-190,0.0
350,3,0.0,0.04207212312807993,7.439858069551454e-39,0.9579278768719204,2.617810654449235e-149,0.0
351,3,0.0,0.005380997104993922,8.900618205955509e-51,0.9946190028950062,3.761550079829765e-141,0.0
352,3,0.0,0.04207212312807993,7.439858069551454e-39,0.9579278768719204,2.617810654449235e-149,0.0
353,3,0.0,0.004319111324593329,1.818190014120792e-63,0.9956808886754068,1.0274165996687174e-135,0.0
354,0,0.9998437767792947,1.353971493954426e-05,0.00014264572134713066,3.778441862080816e-08,1.9754365497046944e-42,0.0
355,5,0.0,0.0009263572523612288,6.909067329398598e-05,0.00015554394119473176,1.4736460843425825e-38,0.9988490081331499
356,5,0.0,0.0012834678726012297,6.595274081658587e-05,7.271074797831873e-05,1.22409553083612e-49,0.9985778686386036
357,1,0.0,0.6591058654766069,2.9815864312103676e-11,0.34089413449357747,7.432869395799289e-53,0.0
358,1,0.0,0.6722250727268051,4.402979233527869e-11,0.32777492722916496,5.035536098160723e-42,0.0
359,5,0.0,0.000614413953932518,7.341606514069612e-05,0.0002773548470713034,4.888174174308396e-21,0.9990348151338554
360,5,0.0,0.0007246353963790553,7.160134697502615e-05,0.00024302325334829564,5.0367763057085155e-29,0.9989607400032976
361,2,0.0,0.044678236633293004,0.9327449072142341,0.022576856152472912,6.434885652285746e-18,0.0
362,1,0.0,0.7242464398653949,1.2253604245092329e-05,0.2757413065303599,1.2793697426966807e-28,0.0
363,4,0.0,0.023229776591300915,0.4184164401901885,0.007356204881561149,0.5509975783369494,0.0
364,0,0.9998777301445174,1.7524064091248478e-06,1.9961369160230536e-05,2.608171246863539e-05,7.447436744469357e-05,0.0
365,5,0.0,0.0006075543670558869,7.425167851879739e-05,6.264051345858459e-05,2.342246025059861e-06,0.9992532111949415
366,1,0.0,0.7242464398653949,1.2253604245092329e-05,0.2757413065303599,1.2793697426966807e-28,0.0
367,1,0.0,0.7242464398653949,1.2253604245092329e-05,0.2757413065303599,1.2793697426966807e-28,0.0
368,5,0.0,0.000614413953932518,7.341606514069612e-05,0.0002773548470713034,4.888174174308396e-21,0.9990348151338554
369,1,0.0,0.6722250727268051,4.402979233527869e-11,0.32777492722916496,5.035536098160723e-42,0.0
370,5,0.0,0.0012834678726012297,6.595274081658587e-05,7.271074797831873e-05,1.22409553083612e-49,0.9985778686386036
371,1,0.0,0.9997439977321237,1.3359534878990295e-05,0.00019556016934408263,4.7082563653493773e-05,0.0
372,1,0.0,0.7473869150154229,9.556281324934947e-06,0.2526035287032523,4.788109946370869e-38,0.0
373,5,0.0,0.0019269425380807356,6.227176770207562e-05,2.4820704369096994e-05,2.886348376760473e-62,0.997985964989848
374,1,0.0,0.513287749599636,3.558396035071362e-18,0.486712250400364,3.113941164317175e-58,0.0
375,1,0.0,0.6648190394458163,6.6651488043518775e-18,0.33518096055418367,1.6906561359644083e-47,0.0
376,2,0.0,0.008565447283555497,0.961813608195577,0.024645998606846506,0.004974945914021096,0.0
377,2,0.0,0.02103793968154804,0.9789276128624705,3.444745598107528e-05,1.2058583335513703e-48,0.0
378,1,0.0,0.7634882333319652,6.609089581708991e-11,0.2365117666019438,9.951695723585918e-33,0.0
379,1,0.0,0.8711729098313418,1.9626953841802524e-05,0.12880746321479525,2.103286282833328e-14,0.0
380,2,0.0,0.009058284493304255,0.9872692821740457,0.0036724333326498084,6.857383237723751e-19,0.0
381,4,0.0,0.023229776591300915,0.4184164401901885,0.007356204881561149,0.5509975783369494,0.0
382,2,0.0,0.00799843806585677,0.974229628168964,0.017771034611000217,8.991541789826387e-07,0.0
383,0,0.9998924176229602,5.11951723479379e-06,9.642808806645588e-05,6.0347717383093356e-06,7.05644818217312e-17,0.0
384,5,0.0,0.0009263572523612288,6.909067329398598e-05,0.00015554394119473176,1.4736460843425825e-38,0.9988490081331499
385,1,0.0,0.7757701293744377,1.5853028303515146e-05,0.22421401759725884,9.898465962774617e-21,0.0
386,5,0.0,0.0005647138612905943,7.448254772072222e-05,0.00023122897358866072,1.3471023221153347e-14,0.9991295746173864
387,0,0.9998924176229602,5.11951723479379e-06,9.642808806645588e-05,6.0347717383093356e-06,7.05644818217312e-17,0.0
388,2,0.0,0.008146383499022684,0.9824352357935285,0.009418380702805512,4.643212371108572e-12,0.0
389,2,0.0,0.008146383499022684,0.9824352357935285,0.009418380702805512,4.643212371108572e-12,0.0
390,4,0.0,0.0028266911403110537,0.20515950652243797,0.004174750784688717,0.7878390515525621,0.0
391,2,0.0,0.005662081367967568,0.5350191874216325,0.014218508311724795,0.4451002228986753,0.0
392,1,0.0,0.6722250727268051,4.402979233527869e-11,0.32777492722916496,5.035536098160723e-42,0.0
393,1,0.0,0.8711729098313418,1.9626953841802524e-05,0.12880746321479525,2.103286282833328e-14,0.0
394,1,0.0,0.7242464398653949,1.2253604245092329e-05,0.2757413065303599,1.2793697426966807e-28,0.0
395,1,0.0,0.9297609808196783,2.3791235263878134e-47,0.07023901918032185,5.5416146669830155e-73,0.0
396,1,0.0,0.513287749599636,3.558396035071362e-18,0.486712250400364,3.113941164317175e-58,0.0
397,1,0.0,0.7757701293744377,1.5853028303515146e-05,0.22421401759725884,9.898465962774617e-21,0.0
398,1,0.0,0.9980793640665628,1.7427200430900614e-05,0.0018504564842868638,5.2752248719034056e-05,0.0
399,1,0.0,0.6591058654766069,2.9815864312103676e-11,0.34089413449357747,7.432869395799289e-53,0.0
400,2,0.0,0.040184936381756284,0.9271561302060557,0.032658933384688685,2.7499321496801488e-11,0.0
401,2,0.0,0.040184936381756284,0.9271561302060557,0.032658933384688685,2.7499321496801488e-11,0.0
402,2,0.0,0.040184936381756284,0.9271561302060557,0.032658933384688685,2.7499321496801488e-11,0.0
403,1,0.0,0.513287749599636,3.558396035071362e-18,0.486712250400364,3.113941164317175e-58,0.0
404,1,0.0,0.6722250727268051,4.402979233527869e-11,0.32777492722916496,5.035536098160723e-42,0.0
405,5,0.0,0.000614413953932518,7.341606514069612e-05,0.0002773548470713034,4.888174174308396e-21,0.9990348151338554
406,5,0.0,0.000614413953932518,7.341606514069612e-05,0.0002773548470713034,4.888174174308396e-21,0.9990348151338554
407,2,0.0,0.044678236633293004,0.9327449072142341,0.022576856152472912,6.434885652285746e-18,0.0
408,1,0.0,0.513287749599636,3.558396035071362e-18,0.486712250400364,3.113941164317175e-58,0.0
409,0,0.9998777301445174,1.7524064091248478e-06,1.9961369160230536e-05,2.608171246863539e-05,7.447436744469357e-05,0.0
410,0,0.9999192478892461,2.900693565684066e-06,5.099546529828104e-05,2.6753646546731212e-05,1.0230534302688387e-07,0.0
411,1,0.0,0.513287749599636,3.558396035071362e-18,0.486712250400364,3.113941164317175e-58,0.0
412,2,0.0,0.054186761723166416,0.9343401039026026,0.011473134374230956,4.3028695179421225e-26,0.0
413,5,0.0,0.0005647138612905943,7.448254772072222e-05,0.00023122897358866072,1.3471023221153347e-14,0.9991295746173864
414,2,0.0,0.014552638866151837,0.9852253263606042,0.0002220347732437403,3.4936058857234272e-37,0.0
415,5,0.0,0.0005647138612905943,7.448254772072222e-05,0.00023122897358866072,1.3471023221153347e-14,0.9991295746173864
416,5,0.0,0.0009263572523612288,6.909067329398598e-05,0.00015554394119473176,1.4736460843425825e-38,0.9988490081331499
417,2,0.0,0.009058284493304255,0.9872692821740457,0.0036724333326498084,6.857383237723751e-19,0.0
418,5,0.0,0.000562615357964762,7.476551981030677e-05,0.00014081768835168317,1.0541545976728687e-09,0.9992218003797185
419,2,0.0,0.008146383499022684,0.9824352357935285,0.009418380702805512,4.643212371108572e-12,0.0
420,2,0.0,0.008146383499022684,0.9824352357935285,0.009418380702805512,4.643212371108572e-12,0.0
421,5,0.0,0.0009263572523612288,6.909067329398598e-05,0.00015554394119473176,1.4736460843425825e-38,0.9988490081331499
422,5,0.0,0.0005647138612905943,7.448254772072222e-05,0.00023122897358866072,1.3471023221153347e-14,0.9991295746173864
423,0,0.9999080112901125,3.822787423841438e-06,7.281124333842298e-05,1.535466265736348e-05,1.6467964733528203e-11,0.0
424,2,0.0,0.040184936381756284,0.9271561302060557,0.032658933384688685,2.7499321496801488e-11,0.0
425,5,0.0,0.0007246353963790553,7.160134697502615e-05,0.00024302325334829564,5.0367763057085155e-29,0.9989607400032976
426,0,0.999840821830913,1.9335423833940594e-05,0.00013983947937866464,3.265874324813187e-09,4.250507990191099e-54,0.0
427,1,0.0,0.963144791012655,1.1075123035135811e-10,0.03685520887659375,6.833071186717258e-19,0.0
428,1,0.0,0.8829030668312965,9.219923804988847e-11,0.11709693307650441,5.245725392835659e-25,0.0
429,0,0.9998729554527305,6.967045488042454e-06,0.00011845328159990763,1.6242201814695045e-06,8.048912632149142e-24,0.0
430,1,0.0,0.7634882333319652,6.609089581708991e-11,0.2365117666019438,9.951695723585918e-33,0.0
431,1,0.0,0.9783312386626005,3.1227208447199585e-06,0.02166563861655484,9.661300988632858e-76,0.0
432,1,0.0,0.513287749599636,3.558396035071362e-18,0.486712250400364,3.113941164317175e-58,0.0
433,1,0.0,0.9246255015409977,5.135044171888762e-06,0.07536936341483068,1.400568917639475e-61,0.0
434,2,0.0,0.01098831189424752,0.9879589308906934,0.001052757215059251,2.8942514772149958e-27,0.0
435,2,0.0,0.008565447283555497,0.961813608195577,0.024645998606846506,0.004974945914021096,0.0
436,2,0.0,0.07112770858865036,0.9246198156087149,0.004252475802634642,8.157517570611718e-36,0.0
437,1,0.0,0.8318074204847657,7.336684415992637e-06,0.16818524283081807,5.062725546441587e-49,0.0
438,1,0.0,0.8318074204847657,7.336684415992637e-06,0.16818524283081807,5.062725546441587e-49,0.0
439,1,0.0,0.6591058654766069,2.9815864312103676e-11,0.34089413449357747,7.432869395799289e-53,0.0
440,1,0.0,0.7473869150154229,9.556281324934947e-06,0.2526035287032523,4.788109946370869e-38,0.0
441,1,0.0,0.848828744502976,1.3929510885447957e-11,0.15117125548309476,3.899996318065856e-79,0.0
442,1,0.0,0.9246255015409977,5.135044171888762e-06,0.07536936341483068,1.400568917639475e-61,0.0
443,1,0.0,0.6722250727268051,4.402979233527869e-11,0.32777492722916496,5.035536098160723e-42,0.0
444,1,0.0,0.8829030668312965,9.219923804988847e-11,0.11709693307650441,5.245725392835659e-25,0.0
445,1,0.0,0.9246255015409977,5.135044171888762e-06,0.07536936341483068,1.400568917639475e-61,0.0
446,1,0.0,0.8318074204847657,7.336684415992637e-06,0.16818524283081807,5.062725546441587e-49,0.0
447,1,0.0,0.8318074204847657,7.336684415992637e-06,0.16818524283081807,5.062725546441587e-49,0.0
448,5,0.0,0.0009263572523612288,6.909067329398598e-05,0.00015554394119473176,1.4736460843425825e-38,0.9988490081331499
449,1,0.0,0.8318074204847657,7.336684415992637e-06,0.16818524283081807,5.062725546441587e-49,0.0
450,1,0.0,0.8318074204847657,7.336684415992637e-06,0.16818524283081807,5.062725546441587e-49,0.0
451,1,0.0,0.9246255015409977,5.135044171888762e-06,0.07536936341483068,1.400568917639475e-61,0.0
452,1,0.0,0.8318074204847657,7.336684415992637e-06,0.16818524283081807,5.062725546441587e-49,0.0
453,1,0.0,0.7473869150154229,9.556281324934947e-06,0.2526035287032523,4.788109946370869e-38,0.0
454,2,0.0,0.005662081367967568,0.5350191874216325,0.014218508311724795,0.4451002228986753,0.0
455,1,0.0,0.963144791012655,1.1075123035135811e-10,0.03685520887659375,6.833071186717258e-19,0.0
456,1,0.0,0.7634882333319652,6.609089581708991e-11,0.2365117666019438,9.951695723585918e-33,0.0
457,2,0.0,0.040184936381756284,0.9271561302060557,0.032658933384688685,2.7499321496801488e-11,0.0
458,1,0.0,0.6591058654766069,2.9815864312103676e-11,0.34089413449357747,7.432869395799289e-53,0.0
459,3,0.0,0.2631541020339046,5.279246990963725e-27,0.7368458979660955,2.4693084355546306e-77,0.0
460,2,0.0,0.044678236633293004,0.9327449072142341,0.022576856152472912,6.434885652285746e-18,0.0
461,1,0.0,0.963144791012655,1.1075123035135811e-10,0.03685520887659375,6.833071186717258e-19,0.0
462,5,0.0,0.000614413953932518,7.341606514069612e-05,0.0002773548470713034,4.888174174308396e-21,0.9990348151338554
463,1,0.0,0.73008191568812,2.0820529529366738e-11,0.26991808429105957,3.246962605817595e-65,0.0
464,3,0.0,0.19082059031851828,2.2081880254153278e-27,0.8091794096814817,4.644976815117944e-91,0.0
465,3,0.0,0.0348358295952195,1.402548043963976e-38,0.9651641704047803,2.9332382169229773e-131,0.0
466,1,0.0,0.6722250727268051,4.402979233527869e-11,0.32777492722916496,5.035536098160723e-42,0.0
467,1,0.0,0.7242464398653949,1.2253604245092329e-05,0.2757413065303599,1.2793697426966807e-28,0.0
468,1,0.0,0.513287749599636,3.558396035071362e-18,0.486712250400364,3.113941164317175e-58,0.0
469,2,0.0,0.009058284493304255,0.9872692821740457,0.0036724333326498084,6.857383237723751e-19,0.0
470,5,0.0,0.0007246353963790553,7.160134697502615e-05,0.00024302325334829564,5.0367763057085155e-29,0.9989607400032976
471,1,0.0,0.9246255015409977,5.135044171888762e-06,0.07536936341483068,1.400568917639475e-61,0.0
472,1,0.0,0.6722250727268051,4.402979233527869e-11,0.32777492722916496,5.035536098160723e-42,0.0
473,5,0.0,0.0005647138612905943,7.448254772072222e-05,0.00023122897358866072,1.3471023221153347e-14,0.9991295746173864
474,5,0.0,0.0005647138612905943,7.448254772072222e-05,0.00023122897358866072,1.3471023221153347e-14,0.9991295746173864
475,2,0.0,0.044678236633293004,0.9327449072142341,0.022576856152472912,6.434885652285746e-18,0.0
476,1,0.0,0.7634882333319652,6.609089581708991e-11,0.2365117666019438,9.951695723585918e-33,0.0
477,5,0.0,0.000562615357964762,7.476551981030677e-05,0.00014081768835168317,1.0541545976728687e-09,0.9992218003797185
478,2,0.0,0.044678236633293004,0.9327449072142341,0.022576856152472912,6.434885652285746e-18,0.0
479,0,0.9998924176229602,5.11951723479379e-06,9.642808806645588e-05,6.0347717383093356e-06,7.05644818217312e-17,0.0
480,0,0.9999192478892461,2.900693565684066e-06,5.099546529828104e-05,2.6753646546731212e-05,1.0230534302688387e-07,0.0
481,1,0.0,0.8829030668312965,9.219923804988847e-11,0.11709693307650441,5.245725392835659e-25,0.0
482,0,0.9998777301445174,1.7524064091248478e-06,1.9961369160230536e-05,2.608171246863539e-05,7.447436744469357e-05,0.0
483,5,0.0,0.0005647138612905943,7.448254772072222e-05,0.00023122897358866072,1.3471023221153347e-14,0.9991295746173864
484,0,0.9998777301445174,1.7524064091248478e-06,1.9961369160230536e-05,2.608171246863539e-05,7.447436744469357e-05,0.0
485,5,0.0,0.0005647138612905943,7.448254772072222e-05,0.00023122897358866072,1.3471023221153347e-14,0.9991295746173864
486,4,0.0,0.0028266911403110537,0.20515950652243797,0.004174750784688717,0.7878390515525621,0.0
487,1,0.0,0.7757701293744377,1.5853028303515146e-05,0.22421401759725884,9.898465962774617e-21,0.0
488,1,0.0,0.7242464398653949,1.2253604245092329e-05,0.2757413065303599,1.2793697426966807e-28,0.0
489,5,0.0,0.0007246353963790553,7.160134697502615e-05,0.00024302325334829564,5.0367763057085155e-29,0.9989607400032976
490,1,0.0,0.8829030668312965,9.219923804988847e-11,0.11709693307650441,5.245725392835659e-25,0.0
491,0,0.9998777301445174,1.7524064091248478e-06,1.9961369160230536e-05,2.608171246863539e-05,7.447436744469357e-05,0.0
492,2,0.0,0.054186761723166416,0.9343401039026026,0.011473134374230956,4.3028695179421225e-26,0.0
493,3,0.0,0.19082059031851828,2.2081880254153278e-27,0.8091794096814817,4.644976815117944e-91,0.0
494,0,0.9999080112901125,3.822787423841438e-06,7.281124333842298e-05,1.535466265736348e-05,1.6467964733528203e-11,0.0
495,0,0.9998777301445174,1.7524064091248478e-06,1.9961369160230536e-05,2.608171246863539e-05,7.447436744469357e-05,0.0
496,5,0.0,0.0007110050820192385,7.294454924431866e-05,2.0349798429389282e-05,0.00014774362837340616,0.9990479569419336
497,1,0.0,0.513287749599636,3.558396035071362e-18,0.486712250400364,3.113941164317175e-58,0.0
498,0,0.9998777301445174,1.7524064091248478e-06,1.9961369160230536e-05,2.608171246863539e-05,7.447436744469357e-05,0.0
499,5,0.0,0.0005647138612905943,7.448254772072222e-05,0.00023122897358866072,1.3471023221153347e-14,0.9991295746173864
500,1,0.0,0.8711729098313418,1.9626953841802524e-05,0.12880746321479525,2.103286282833328e-14,0.0
501,3,0.0,3.2971462061035853e-07,5.906855893311251e-100,0.9999996702853793,1.2033005130677292e-260,0.0
502,3,0.0,0.4601070663666907,1.9985385384915326e-36,0.5398929336333097,1.97710668158441e-73,0.0
503,0,0.9999080112901125,3.822787423841438e-06,7.281124333842298e-05,1.535466265736348e-05,1.6467964733528203e-11,0.0
504,1,0.0,0.513287749599636,3.558396035071362e-18,0.486712250400364,3.113941164317175e-58,0.0
505,2,0.0,0.005662081367967568,0.5350191874216325,0.014218508311724795,0.4451002228986753,0.0
506,5,0.0,0.0005647138612905943,7.448254772072222e-05,0.00023122897358866072,1.3471023221153347e-14,0.9991295746173864
507,1,0.0,0.6591058654766069,2.9815864312103676e-11,0.34089413449357747,7.432869395799289e-53,0.0
508,2,0.0,0.005662081367967568,0.5350191874216325,0.014218508311724795,0.4451002228986753,0.0
509,5,0.0,0.0007110050820192385,7.294454924431866e-05,2.0349798429389282e-05,0.00014774362837340616,0.9990479569419336
510,0,0.9998924176229602,5.11951723479379e-06,9.642808806645588e-05,6.0347717383093356e-06,7.05644818217312e-17,0.0
511,5,0.0,0.0006075543670558869,7.425167851879739e-05,6.264051345858459e-05,2.342246025059861e-06,0.9992532111949415
512,1,0.0,0.7279995404794599,3.3380893278632436e-26,0.2720004595205399,1.8247871686188163e-54,0.0
513,5,0.0,0.000614413953932518,7.341606514069612e-05,0.0002773548470713034,4.888174174308396e-21,0.9990348151338554
514,1,0.0,0.9453460665198049,8.148353774474502e-12,0.05465393347204638,1.1754588112671038e-94,0.0
515,5,0.0,0.0007246353963790553,7.160134697502615e-05,0.00024302325334829564,5.0367763057085155e-29,0.9989607400032976
516,2,0.0,0.008146383499022684,0.9824352357935285,0.009418380702805512,4.643212371108572e-12,0.0
517,0,0.9998437767792947,1.353971493954426e-05,0.00014264572134713066,3.778441862080816e-08,1.9754365497046944e-42,0.0
518,1,0.0,0.7757701293744377,1.5853028303515146e-05,0.22421401759725884,9.898465962774617e-21,0.0
519,0,0.9999080112901125,3.822787423841438e-06,7.281124333842298e-05,1.535466265736348e-05,1.6467964733528203e-11,0.0
520,2,0.0,0.00799843806585677,0.974229628168964,0.017771034611000217,8.991541789826387e-07,0.0
521,5,0.0,0.0005647138612905943,7.448254772072222e-05,0.00023122897358866072,1.3471023221153347e-14,0.9991295746173864
522,3,0.0,0.4601070663666907,1.9985385384915326e-36,0.5398929336333097,1.97710668158441e-73,0.0
523,1,0.0,0.9246255015409977,5.135044171888762e-06,0.07536936341483068,1.400568917639475e-61,0.0
524,2,0.0,0.044678236633293004,0.9327449072142341,0.022576856152472912,6.434885652285746e-18,0.0
525,1,0.0,0.9297975905852667,5.620943970983733e-26,0.07020240941473353,1.615022461490298e-45,0.0
526,5,0.0,0.0007246353963790553,7.160134697502615e-05,0.00024302325334829564,5.0367763057085155e-29,0.9989607400032976
527,5,0.0,0.0006075543670558869,7.425167851879739e-05,6.264051345858459e-05,2.342246025059861e-06,0.9992532111949415
528,3,0.0,0.4541696484412815,1.9873123315808725e-18,0.5458303515587184,1.7218659184418516e-70,0.0
529,1,0.0,0.8318074204847657,7.336684415992637e-06,0.16818524283081807,5.062725546441587e-49,0.0
530,5,0.0,0.0012834678726012297,6.595274081658587e-05,7.271074797831873e-05,1.22409553083612e-49,0.9985778686386036
531,1,0.0,0.963144791012655,1.1075123035135811e-10,0.03685520887659375,6.833071186717258e-19,0.0
532,2,0.0,0.03975287091668099,0.9252273677010419,0.03501637547448069,3.385907796559327e-06,0.0
533,5,0.0,0.0007246353963790553,7.160134697502615e-05,0.00024302325334829564,5.0367763057085155e-29,0.9989607400032976
534,1,0.0,0.7242464398653949,1.2253604245092329e-05,0.2757413065303599,1.2793697426966807e-28,0.0
535,1,0.0,0.6722250727268051,4.402979233527869e-11,0.32777492722916496,5.035536098160723e-42,0.0
536,2,0.0,0.009058284493304255,0.9872692821740457,0.0036724333326498084,6.857383237723751e-19,0.0
537,1,0.0,0.9926149130796877,1.147223684226618e-10,0.007385086805567764,2.202779628331621e-14,0.0
538,1,0.0,0.7757701293744377,1.5853028303515146e-05,0.22421401759725884,9.898465962774617e-21,0.0
539,2,0.0,0.040184936381756284,0.9271561302060557,0.032658933384688685,2.7499321496801488e-11,0.0
540,1,0.0,0.7634882333319652,6.609089581708991e-11,0.2365117666019438,9.951695723585918e-33,0.0
541,2,0.0,0.044678236633293004,0.9327449072142341,0.022576856152472912,6.434885652285746e-18,0.0
542,1,0.0,0.7242464398653949,1.2253604245092329e-05,0.2757413065303599,1.2793697426966807e-28,0.0
543,5,0.0,0.000614413953932518,7.341606514069612e-05,0.0002773548470713034,4.888174174308396e-21,0.9990348151338554
544,5,0.0,0.0007246353963790553,7.160134697502615e-05,0.00024302325334829564,5.0367763057085155e-29,0.9989607400032976
545,4,0.0,0.014707156542056267,0.20322904412210457,0.0015448261406033666,0.7805189731952357,0.0
546,0,0.9998777301445174,1.7524064091248478e-06,1.9961369160230536e-05,2.608171246863539e-05,7.447436744469357e-05,0.0
547,0,0.9998777301445174,1.7524064091248478e-06,1.9961369160230536e-05,2.608171246863539e-05,7.447436744469357e-05,0.0
548,0,0.9998777301445174,1.7524064091248478e-06,1.9961369160230536e-05,2.608171246863539e-05,7.447436744469357e-05,0.0
549,0,0.9998777301445174,1.7524064091248478e-06,1.9961369160230536e-05,2.608171246863539e-05,7.447436744469357e-05,0.0
550,0,0.9998777301445174,1.7524064091248478e-06,1.9961369160230536e-05,2.608171246863539e-05,7.447436744469357e-05,0.0
551,0,0.9998777301445174,1.7524064091248478e-06,1.9961369160230536e-05,2.608171246863539e-05,7.447436744469357e-05,0.0
552,1,0.0,0.9999938600496889,4.427390642264326e-47,6.139950310758308e-06,2.251788097975621e-52,0.0
553,3,0.0,0.4452427250196886,1.4134399001229613e-26,0.5547572749803116,4.2189362255172136e-65,0.0
554,3,0.0,3.2971462061035853e-07,5.906855893311251e-100,0.9999996702853793,1.2033005130677292e-260,0.0
555,1,0.0,0.9999938600496889,4.427390642264326e-47,6.139950310758308e-06,2.251788097975621e-52,0.0
556,1,0.0,0.9994354232105492,1.2394056723772213e-90,0.0005645767894520154,2.0469580417548882e-112,0.0
557,1,0.0,0.6285964661385376,8.333591330289259e-19,0.3714035338614622,1.6730878777327102e-99,0.0
558,1,0.0,0.8135492019048716,5.17728048888519e-19,0.18645079809512838,2.4325653522448967e-116,0.0
559,1,0.0,0.999789704487198,4.0394592855321016e-47,0.00021029551280197782,1.1888208166647113e-57,0.0
560,5,0.0,0.0012834678726012297,6.595274081658587e-05,7.271074797831873e-05,1.22409553083612e-49,0.9985778686386036
561,1,0.0,0.8469925110192761,1.1208994266181839e-17,0.15300748898072367,2.3651995753932977e-38,0.0
562,3,0.0,0.0011301814285159758,2.2948662651855154e-64,0.9988698185714837,1.9043361687598073e-152,0.0
563,1,0.0,0.5580278238126642,9.90988384397497e-48,0.4419721761873359,3.1571889456225212e-83,0.0
564,3,0.0,3.2971462061035853e-07,5.906855893311251e-100,0.9999996702853793,1.2033005130677292e-260,0.0
565,5,0.0,0.000562615357964762,7.476551981030677e-05,0.00014081768835168317,1.0541545976728687e-09,0.9992218003797185
566,5,0.0,0.0005647138612905943,7.448254772072222e-05,0.00023122897358866072,1.3471023221153347e-14,0.9991295746173864
567,1,0.0,0.7242464398653949,1.2253604245092329e-05,0.2757413065303599,1.2793697426966807e-28,0.0
568,5,0.0,0.000614413953932518,7.341606514069612e-05,0.0002773548470713034,4.888174174308396e-21,0.9990348151338554
569,5,0.0,0.000614413953932518,7.341606514069612e-05,0.0002773548470713034,4.888174174308396e-21,0.9990348151338554
570,5,0.0,0.000614413953932518,7.341606514069612e-05,0.0002773548470713034,4.888174174308396e-21,0.9990348151338554
571,5,0.0,0.0005647138612905943,7.448254772072222e-05,0.00023122897358866072,1.3471023221153347e-14,0.9991295746173864
572,5,0.0,0.0005647138612905943,7.448254772072222e-05,0.00023122897358866072,1.3471023221153347e-14,0.9991295746173864
573,5,0.0,0.0005647138612905943,7.448254772072222e-05,0.00023122897358866072,1.3471023221153347e-14,0.9991295746173864
574,5,0.0,0.0005647138612905943,7.448254772072222e-05,0.00023122897358866072,1.3471023221153347e-14,0.9991295746173864
575,5,0.0,0.0005647138612905943,7.448254772072222e-05,0.00023122897358866072,1.3471023221153347e-14,0.9991295746173864
576,5,0.0,0.0005647138612905943,7.448254772072222e-05,0.00023122897358866072,1.3471023221153347e-14,0.9991295746173864
577,5,0.0,0.0005647138612905943,7.448254772072222e-05,0.00023122897358866072,1.3471023221153347e-14,0.9991295746173864
578,1,0.0,0.513287749599636,3.558396035071362e-18,0.486712250400364,3.113941164317175e-58,0.0
579,5,0.0,0.0005647138612905943,7.448254772072222e-05,0.00023122897358866072,1.3471023221153347e-14,0.9991295746173864
580,5,0.0,0.0005647138612905943,7.448254772072222e-05,0.00023122897358866072,1.3471023221153347e-14,0.9991295746173864
581,5,0.0,0.0005647138612905943,7.448254772072222e-05,0.00023122897358866072,1.3471023221153347e-14,0.9991295746173864
582,5,0.0,0.0005647138612905943,7.448254772072222e-05,0.00023122897358866072,1.3471023221153347e-14,0.9991295746173864
583,5,0.0,0.0005647138612905943,7.448254772072222e-05,0.00023122897358866072,1.3471023221153347e-14,0.9991295746173864
584,5,0.0,0.0005647138612905943,7.448254772072222e-05,0.00023122897358866072,1.3471023221153347e-14,0.9991295746173864
585,5,0.0,0.0005647138612905943,7.448254772072222e-05,0.00023122897358866072,1.3471023221153347e-14,0.9991295746173864
586,1,0.0,0.8829030668312965,9.219923804988847e-11,0.11709693307650441,5.245725392835659e-25,0.0
587,5,0.0,0.0009263572523612288,6.909067329398598e-05,0.00015554394119473176,1.4736460843425825e-38,0.9988490081331499
588,5,0.0,0.000614413953932518,7.341606514069612e-05,0.0002773548470713034,4.888174174308396e-21,0.9990348151338554
589,5,0.0,0.000614413953932518,7.341606514069612e-05,0.0002773548470713034,4.888174174308396e-21,0.9990348151338554
590,5,0.0,0.0007246353963790553,7.160134697502615e-05,0.00024302325334829564,5.0367763057085155e-29,0.9989607400032976
591,1,0.0,0.7757701293744377,1.5853028303515146e-05,0.22421401759725884,9.898465962774617e-21,0.0
592,5,0.0,0.0005647138612905943,7.448254772072222e-05,0.00023122897358866072,1.3471023221153347e-14,0.9991295746173864
593,1,0.0,0.8829030668312965,9.219923804988847e-11,0.11709693307650441,5.245725392835659e-25,0.0
594,5,0.0,0.0006075543670558869,7.425167851879739e-05,6.264051345858459e-05,2.342246025059861e-06,0.9992532111949415
595,1,0.0,0.8829030668312965,9.219923804988847e-11,0.11709693307650441,5.245725392835659e-25,0.0
596,5,0.0,0.0007110050820192385,7.294454924431866e-05,2.0349798429389282e-05,0.00014774362837340616,0.9990479569419336
597,2,0.0,0.03975287091668099,0.9252273677010419,0.03501637547448069,3.385907796559327e-06,0.0
598,1,0.0,0.9980793640665628,1.7427200430900614e-05,0.0018504564842868638,5.2752248719034056e-05,0.0
599,5,0.0,0.0009018622179104882,7.089686000792104e-05,4.828781510731801e-06,0.0002646055766649916,0.9987578065639058
600,0,0.9998777301445174,1.7524064091248478e-06,1.9961369160230536e-05,2.608171246863539e-05,7.447436744469357e-05,0.0
601,4,0.0,0.014707156542056267,0.20322904412210457,0.0015448261406033666,0.7805189731952357,0.0
602,5,0.0,0.0009018622179104882,7.089686000792104e-05,4.828781510731801e-06,0.0002646055766649916,0.9987578065639058
603,5,0.0,0.0006075543670558869,7.425167851879739e-05,6.264051345858459e-05,2.342246025059861e-06,0.9992532111949415
604,5,0.0,0.0007110050820192385,7.294454924431866e-05,2.0349798429389282e-05,0.00014774362837340616,0.9990479569419336
605,1,0.0,0.8829030668312965,9.219923804988847e-11,0.11709693307650441,5.245725392835659e-25,0.0
606,1,0.0,0.513287749599636,3.558396035071362e-18,0.486712250400364,3.113941164317175e-58,0.0
607,1,0.0,0.513287749599636,3.558396035071362e-18,0.486712250400364,3.113941164317175e-58,0.0
608,2,0.0,0.044678236633293004,0.9327449072142341,0.022576856152472912,6.434885652285746e-18,0.0
609,1,0.0,0.7757701293744377,1.5853028303515146e-05,0.22421401759725884,9.898465962774617e-21,0.0
610,2,0.0,0.03975287091668099,0.9252273677010419,0.03501637547448069,3.385907796559327e-06,0.0
611,1,0.0,0.7757701293744377,1.5853028303515146e-05,0.22421401759725884,9.898465962774617e-21,0.0
612,2,0.0,0.040184936381756284,0.9271561302060557,0.032658933384688685,2.7499321496801488e-11,0.0
613,2,0.0,0.044678236633293004,0.9327449072142341,0.022576856152472912,6.434885652285746e-18,0.0
614,1,0.0,0.7757701293744377,1.5853028303515146e-05,0.22421401759725884,9.898465962774617e-21,0.0
615,2,0.0,0.040184936381756284,0.9271561302060557,0.032658933384688685,2.7499321496801488e-11,0.0
616,2,0.0,0.044678236633293004,0.9327449072142341,0.022576856152472912,6.434885652285746e-18,0.0
617,2,0.0,0.00799843806585677,0.974229628168964,0.017771034611000217,8.991541789826387e-07,0.0
618,5,0.0,0.000614413953932518,7.341606514069612e-05,0.0002773548470713034,4.888174174308396e-21,0.9990348151338554
619,2,0.0,0.044678236633293004,0.9327449072142341,0.022576856152472912,6.434885652285746e-18,0.0
620,5,0.0,0.0007246353963790553,7.160134697502615e-05,0.00024302325334829564,5.0367763057085155e-29,0.9989607400032976
621,4,0.0,0.023229776591300915,0.4184164401901885,0.007356204881561149,0.5509975783369494,0.0
622,0,0.9999157952587338,2.2366067481373526e-06,3.3128242995440716e-05,3.1921587224436464e-05,1.6918304298064732e-05,0.0
623,2,0.0,0.054186761723166416,0.9343401039026026,0.011473134374230956,4.3028695179421225e-26,0.0
624,2,0.0,0.040184936381756284,0.9271561302060557,0.032658933384688685,2.7499321496801488e-11,0.0
625,1,0.0,0.7473869150154229,9.556281324934947e-06,0.2526035287032523,4.788109946370869e-38,0.0
626,1,0.0,0.7473869150154229,9.556281324934947e-06,0.2526035287032523,4.788109946370869e-38,0.0
627,1,0.0,0.8711729098313418,1.9626953841802524e-05,0.12880746321479525,2.103286282833328e-14,0.0
628,4,0.0,0.014707156542056267,0.20322904412210457,0.0015448261406033666,0.7805189731952357,0.0
629,1,0.0,0.7757701293744377,1.5853028303515146e-05,0.22421401759725884,9.898465962774617e-21,0.0
630,2,0.0,0.04282314553391563,0.917733481341192,0.027551036833367543,0.011892336291524742,0.0
631,2,0.0,0.014552638866151837,0.9852253263606042,0.0002220347732437403,3.4936058857234272e-37,0.0
632,5,0.0,0.0007110050820192385,7.294454924431866e-05,2.0349798429389282e-05,0.00014774362837340616,0.9990479569419336
633,3,0.0,0.19082059031851828,2.2081880254153278e-27,0.8091794096814817,4.644976815117944e-91,0.0
634,1,0.0,0.9882746365503297,2.0581066346158434e-05,0.01170324673345439,1.535649869568172e-06,0.0
635,5,0.0,0.0007246353963790553,7.160134697502615e-05,0.00024302325334829564,5.0367763057085155e-29,0.9989607400032976
636,1,0.0,0.8711729098313418,1.9626953841802524e-05,0.12880746321479525,2.103286282833328e-14,0.0
637,2,0.0,0.040184936381756284,0.9271561302060557,0.032658933384688685,2.7499321496801488e-11,0.0
638,0,0.9998729554527305,6.967045488042454e-06,0.00011845328159990763,1.6242201814695045e-06,8.048912632149142e-24,0.0
639,1,0.0,0.9246255015409977,5.135044171888762e-06,0.07536936341483068,1.400568917639475e-61,0.0
640,2,0.0,0.054186761723166416,0.9343401039026026,0.011473134374230956,4.3028695179421225e-26,0.0
641,5,0.0,0.0009263572523612288,6.909067329398598e-05,0.00015554394119473176,1.4736460843425825e-38,0.9988490081331499
642,2,0.0,0.008565447283555497,0.961813608195577,0.024645998606846506,0.004974945914021096,0.0
643,2,0.0,0.03975287091668099,0.9252273677010419,0.03501637547448069,3.385907796559327e-06,0.0
644,1,0.0,0.6648190394458163,6.6651488043518775e-18,0.33518096055418367,1.6906561359644083e-47,0.0
645,4,0.0,0.023229776591300915,0.4184164401901885,0.007356204881561149,0.5509975783369494,0.0
646,5,0.0,0.000614413953932518,7.341606514069612e-05,0.0002773548470713034,4.888174174308396e-21,0.9990348151338554
647,1,0.0,0.8469925110192761,1.1208994266181839e-17,0.15300748898072367,2.3651995753932977e-38,0.0
648,2,0.0,0.044678236633293004,0.9327449072142341,0.022576856152472912,6.434885652285746e-18,0.0
649,2,0.0,0.03975287091668099,0.9252273677010419,0.03501637547448069,3.385907796559327e-06,0.0
650,5,0.0,0.0005647138612905943,7.448254772072222e-05,0.00023122897358866072,1.3471023221153347e-14,0.9991295746173864
651,4,0.0,0.023229776591300915,0.4184164401901885,0.007356204881561149,0.5509975783369494,0.0
652,1,0.0,0.513287749599636,3.558396035071362e-18,0.486712250400364,3.113941164317175e-58,0.0
653,1,0.0,0.7473869150154229,9.556281324934947e-06,0.2526035287032523,4.788109946370869e-38,0.0
654,5,0.0,0.003134087942605072,5.814010996917271e-05,6.185587493816753e-06,1.931411839502613e-76,0.996801586359932
655,1,0.0,0.7242464398653949,1.2253604245092329e-05,0.2757413065303599,1.2793697426966807e-28,0.0
656,1,0.0,0.7242464398653949,1.2253604245092329e-05,0.2757413065303599,1.2793697426966807e-28,0.0
657,1,0.0,0.9882746365503297,2.0581066346158434e-05,0.01170324673345439,1.535649869568172e-06,0.0
658,3,0.0,3.2971462061035853e-07,5.906855893311251e-100,0.9999996702853793,1.2033005130677292e-260,0.0
659,1,0.0,0.9999139297628651,8.878785309785329e-11,8.606975805741014e-05,3.902894502474528e-10,0.0
660,5,0.0,0.000562615357964762,7.476551981030677e-05,0.00014081768835168317,1.0541545976728687e-09,0.9992218003797185
661,2,0.0,0.10043310208479114,0.8984243175114882,0.0011425804037207522,4.3579711450579416e-47,0.0
662,2,0.0,0.008146383499022684,0.9824352357935285,0.009418380702805512,4.643212371108572e-12,0.0
663,2,0.0,0.008146383499022684,0.9824352357935285,0.009418380702805512,4.643212371108572e-12,0.0
664,1,0.0,0.513287749599636,3.558396035071362e-18,0.486712250400364,3.113941164317175e-58,0.0
665,0,0.9999192478892461,2.900693565684066e-06,5.099546529828104e-05,2.6753646546731212e-05,1.0230534302688387e-07,0.0
666,2,0.0,0.008565447283555497,0.961813608195577,0.024645998606846506,0.004974945914021096,0.0
667,2,0.0,0.009058284493304255,0.9872692821740457,0.0036724333326498084,6.857383237723751e-19,0.0
668,2,0.0,0.00799843806585677,0.974229628168964,0.017771034611000217,8.991541789826387e-07,0.0
669,5,0.0,0.000562615357964762,7.476551981030677e-05,0.00014081768835168317,1.0541545976728687e-09,0.9992218003797185
670,2,0.0,0.00799843806585677,0.974229628168964,0.017771034611000217,8.991541789826387e-07,0.0
671,2,0.0,0.008565447283555497,0.961813608195577,0.024645998606846506,0.004974945914021096,0.0
672,5,0.0,0.000614413953932518,7.341606514069612e-05,0.0002773548470713034,4.888174174308396e-21,0.9990348151338554
673,2,0.0,0.03312087740630472,0.966875200452746,3.9221409493530496e-06,1.1873804498309085e-61,0.0
674,2,0.0,0.054186761723166416,0.9343401039026026,0.011473134374230956,4.3028695179421225e-26,0.0
675,0,0.9998777301445174,1.7524064091248478e-06,1.9961369160230536e-05,2.608171246863539e-05,7.447436744469357e-05,0.0
676,5,0.0,0.0009263572523612288,6.909067329398598e-05,0.00015554394119473176,1.4736460843425825e-38,0.9988490081331499
677,0,0.9998777301445174,1.7524064091248478e-06,1.9961369160230536e-05,2.608171246863539e-05,7.447436744469357e-05,0.0
678,0,0.9998777301445174,1.7524064091248478e-06,1.9961369160230536e-05,2.608171246863539e-05,7.447436744469357e-05,0.0
679,5,0.0,0.0005647138612905943,7.448254772072222e-05,0.00023122897358866072,1.3471023221153347e-14,0.9991295746173864
680,0,0.9998777301445174,1.7524064091248478e-06,1.9961369160230536e-05,2.608171246863539e-05,7.447436744469357e-05,0.0
681,0,0.9998777301445174,1.7524064091248478e-06,1.9961369160230536e-05,2.608171246863539e-05,7.447436744469357e-05,0.0
682,0,0.9998777301445174,1.7524064091248478e-06,1.9961369160230536e-05,2.608171246863539e-05,7.447436744469357e-05,0.0
683,0,0.9998777301445174,1.7524064091248478e-06,1.9961369160230536e-05,2.608171246863539e-05,7.447436744469357e-05,0.0
684,0,0.9998777301445174,1.7524064091248478e-06,1.9961369160230536e-05,2.608171246863539e-05,7.447436744469357e-05,0.0
685,0,0.9998777301445174,1.7524064091248478e-06,1.9961369160230536e-05,2.608171246863539e-05,7.447436744469357e-05,0.0
686,0,0.9998777301445174,1.7524064091248478e-06,1.9961369160230536e-05,2.608171246863539e-05,7.447436744469357e-05,0.0
687,0,0.9999080112901125,3.822787423841438e-06,7.281124333842298e-05,1.535466265736348e-05,1.6467964733528203e-11,0.0
688,5,0.0,0.0006075543670558869,7.425167851879739e-05,6.264051345858459e-05,2.342246025059861e-06,0.9992532111949415
689,0,0.9999192478892461,2.900693565684066e-06,5.099546529828104e-05,2.6753646546731212e-05,1.0230534302688387e-07,0.0
690,4,0.0,0.014707156542056267,0.20322904412210457,0.0015448261406033666,0.7805189731952357,0.0
691,5,0.0,0.0005647138612905943,7.448254772072222e-05,0.00023122897358866072,1.3471023221153347e-14,0.9991295746173864
692,5,0.0,0.0006075543670558869,7.425167851879739e-05,6.264051345858459e-05,2.342246025059861e-06,0.9992532111949415
693,0,0.9998777301445174,1.7524064091248478e-06,1.9961369160230536e-05,2.608171246863539e-05,7.447436744469357e-05,0.0
694,2,0.0,0.044678236633293004,0.9327449072142341,0.022576856152472912,6.434885652285746e-18,0.0
695,1,0.0,0.7757701293744377,1.5853028303515146e-05,0.22421401759725884,9.898465962774617e-21,0.0
696,5,0.0,0.0005647138612905943,7.448254772072222e-05,0.00023122897358866072,1.3471023221153347e-14,0.9991295746173864
697,0,0.9999080112901125,3.822787423841438e-06,7.281124333842298e-05,1.535466265736348e-05,1.6467964733528203e-11,0.0
698,2,0.0,0.040184936381756284,0.9271561302060557,0.032658933384688685,2.7499321496801488e-11,0.0
699,2,0.0,0.03975287091668099,0.9252273677010419,0.03501637547448069,3.385907796559327e-06,0.0
700,0,0.9998924176229602,5.11951723479379e-06,9.642808806645588e-05,6.0347717383093356e-06,7.05644818217312e-17,0.0
701,1,0.0,0.6722250727268051,4.402979233527869e-11,0.32777492722916496,5.035536098160723e-42,0.0
702,5,0.0,0.000614413953932518,7.341606514069612e-05,0.0002773548470713034,4.888174174308396e-21,0.9990348151338554
703,1,0.0,0.9882746365503297,2.0581066346158434e-05,0.01170324673345439,1.535649869568172e-06,0.0
704,4,0.0,0.014707156542056267,0.20322904412210457,0.0015448261406033666,0.7805189731952357,0.0
705,2,0.0,0.040184936381756284,0.9271561302060557,0.032658933384688685,2.7499321496801488e-11,0.0
706,5,0.0,0.0005647138612905943,7.448254772072222e-05,0.00023122897358866072,1.3471023221153347e-14,0.9991295746173864
707,2,0.0,0.03975287091668099,0.9252273677010419,0.03501637547448069,3.385907796559327e-06,0.0
708,1,0.0,0.7757701293744377,1.5853028303515146e-05,0.22421401759725884,9.898465962774617e-21,0.0
709,1,0.0,0.9882746365503297,2.0581066346158434e-05,0.01170324673345439,1.535649869568172e-06,0.0
710,5,0.0,0.000614413953932518,7.341606514069612e-05,0.0002773548470713034,4.888174174308396e-21,0.9990348151338554
711,5,0.0,0.000562615357964762,7.476551981030677e-05,0.00014081768835168317,1.0541545976728687e-09,0.9992218003797185
712,5,0.0,0.0005647138612905943,7.448254772072222e-05,0.00023122897358866072,1.3471023221153347e-14,0.9991295746173864
713,5,0.0,0.0005647138612905943,7.448254772072222e-05,0.00023122897358866072,1.3471023221153347e-14,0.9991295746173864
714,2,0.0,0.009058284493304255,0.9872692821740457,0.0036724333326498084,6.857383237723751e-19,0.0
715,2,0.0,0.008146383499022684,0.9824352357935285,0.009418380702805512,4.643212371108572e-12,0.0
716,0,0.9999080112901125,3.822787423841438e-06,7.281124333842298e-05,1.535466265736348e-05,1.6467964733528203e-11,0.0
717,1,0.0,0.7634882333319652,6.609089581708991e-11,0.2365117666019438,9.951695723585918e-33,0.0
718,5,0.0,0.0005647138612905943,7.448254772072222e-05,0.00023122897358866072,1.3471023221153347e-14,0.9991295746173864
719,1,0.0,0.7757701293744377,1.5853028303515146e-05,0.22421401759725884,9.898465962774617e-21,0.0
720,1,0.0,0.9246255015409977,5.135044171888762e-06,0.07536936341483068,1.400568917639475e-61,0.0
721,2,0.0,0.040184936381756284,0.9271561302060557,0.032658933384688685,2.7499321496801488e-11,0.0
722,5,0.0,0.000562615357964762,7.476551981030677e-05,0.00014081768835168317,1.0541545976728687e-09,0.9992218003797185
723,1,0.0,0.7242464398653949,1.2253604245092329e-05,0.2757413065303599,1.2793697426966807e-28,0.0
724,5,0.0,0.0005647138612905943,7.448254772072222e-05,0.00023122897358866072,1.3471023221153347e-14,0.9991295746173864
725,5,0.0,0.0005647138612905943,7.448254772072222e-05,0.00023122897358866072,1.3471023221153347e-14,0.9991295746173864
726,1,0.0,0.8469925110192761,1.1208994266181839e-17,0.15300748898072367,2.3651995753932977e-38,0.0
727,1,0.0,0.7634882333319652,6.609089581708991e-11,0.2365117666019438,9.951695723585918e-33,0.0
728,2,0.0,0.040184936381756284,0.9271561302060557,0.032658933384688685,2.7499321496801488e-11,0.0
729,0,0.9999080112901125,3.822787423841438e-06,7.281124333842298e-05,1.535466265736348e-05,1.6467964733528203e-11,0.0
730,2,0.0,0.15104885456862097,0.8487307884055738,0.00022035702580494148,6.49601823532521e-60,0.0
731,0,0.9998777301445174,1.7524064091248478e-06,1.9961369160230536e-05,2.608171246863539e-05,7.447436744469357e-05,0.0
732,0,0.9998777301445174,1.7524064091248478e-06,1.9961369160230536e-05,2.608171246863539e-05,7.447436744469357e-05,0.0
733,2,0.0,0.01098831189424752,0.9879589308906934,0.001052757215059251,2.8942514772149958e-27,0.0
734,2,0.0,0.044678236633293004,0.9327449072142341,0.022576856152472912,6.434885652285746e-18,0.0
735,4,0.0,0.014707156542056267,0.20322904412210457,0.0015448261406033666,0.7805189731952357,0.0
736,2,0.0,0.10043310208479114,0.8984243175114882,0.0011425804037207522,4.3579711450579416e-47,0.0
737,3,0.0,3.0233229074839405e-06,4.388273439149199e-98,0.9999969766770921,4.119894861857969e-217,0.0
738,2,0.0,0.07112770858865036,0.9246198156087149,0.004252475802634642,8.157517570611718e-36,0.0
739,1,0.0,0.8318074204847657,7.336684415992637e-06,0.16818524283081807,5.062725546441587e-49,0.0
740,5,0.0,0.000562615357964762,7.476551981030677e-05,0.00014081768835168317,1.0541545976728687e-09,0.9992218003797185
741,2,0.0,0.054186761723166416,0.9343401039026026,0.011473134374230956,4.3028695179421225e-26,0.0
742,2,0.0,0.01098831189424752,0.9879589308906934,0.001052757215059251,2.8942514772149958e-27,0.0
743,0,0.9999192478892461,2.900693565684066e-06,5.099546529828104e-05,2.6753646546731212e-05,1.0230534302688387e-07,0.0
744,0,0.9998777301445174,1.7524064091248478e-06,1.9961369160230536e-05,2.608171246863539e-05,7.447436744469357e-05,0.0
745,1,0.0,0.6722250727268051,4.402979233527869e-11,0.32777492722916496,5.035536098160723e-42,0.0
746,2,0.0,0.00799843806585677,0.974229628168964,0.017771034611000217,8.991541789826387e-07,0.0
747,0,0.9998550976701369,9.634771864688297e-06,0.00013496819727452559,2.993607239355265e-07,2.443967774894697e-32,0.0
748,4,0.0,0.0028266911403110537,0.20515950652243797,0.004174750784688717,0.7878390515525621,0.0
749,1,0.0,0.7279995404794599,3.3380893278632436e-26,0.2720004595205399,1.8247871686188163e-54,0.0
750,0,0.9998777301445174,1.7524064091248478e-06,1.9961369160230536e-05,2.608171246863539e-05,7.447436744469357e-05,0.0
751,1,0.0,0.8469925110192761,1.1208994266181839e-17,0.15300748898072367,2.3651995753932977e-38,0.0
752,1,0.0,0.7242464398653949,1.2253604245092329e-05,0.2757413065303599,1.2793697426966807e-28,0.0
753,1,0.0,0.7757701293744377,1.5853028303515146e-05,0.22421401759725884,9.898465962774617e-21,0.0
754,3,0.0,0.18769537287700527,1.1436180906669703e-27,0.8123046271229947,3.1048387781744317e-106,0.0
755,5,0.0,0.000614413953932518,7.341606514069612e-05,0.0002773548470713034,4.888174174308396e-21,0.9990348151338554
756,5,0.0,0.0007110050820192385,7.294454924431866e-05,2.0349798429389282e-05,0.00014774362837340616,0.9990479569419336
757,1,0.0,0.848828744502976,1.3929510885447957e-11,0.15117125548309476,3.899996318065856e-79,0.0
758,4,0.0,0.0028266911403110537,0.20515950652243797,0.004174750784688717,0.7878390515525621,0.0
759,2,0.0,0.040184936381756284,0.9271561302060557,0.032658933384688685,2.7499321496801488e-11,0.0
760,5,0.0,0.005518868899367303,5.3644431153620974e-05,1.1247007930968817e-06,3.665486014180928e-92,0.994426361968686
761,1,0.0,0.8469925110192761,1.1208994266181839e-17,0.15300748898072367,2.3651995753932977e-38,0.0
762,0,0.9998924176229602,5.11951723479379e-06,9.642808806645588e-05,6.0347717383093356e-06,7.05644818217312e-17,0.0
763,2,0.0,0.10043310208479114,0.8984243175114882,0.0011425804037207522,4.3579711450579416e-47,0.0
764,2,0.0,0.008565447283555497,0.961813608195577,0.024645998606846506,0.004974945914021096,0.0
765,0,0.9998777301445174,1.7524064091248478e-06,1.9961369160230536e-05,2.608171246863539e-05,7.447436744469357e-05,0.0
766,1,0.0,0.7757701293744377,1.5853028303515146e-05,0.22421401759725884,9.898465962774617e-21,0.0
767,0,0.9999157952587338,2.2366067481373526e-06,3.3128242995440716e-05,3.1921587224436464e-05,1.6918304298064732e-05,0.0
768,1,0.0,0.7242464398653949,1.2253604245092329e-05,0.2757413065303599,1.2793697426966807e-28,0.0
769,1,0.0,0.7242464398653949,1.2253604245092329e-05,0.2757413065303599,1.2793697426966807e-28,0.0
770,2,0.0,0.03975287091668099,0.9252273677010419,0.03501637547448069,3.385907796559327e-06,0.0
771,5,0.0,0.0006075543670558869,7.425167851879739e-05,6.264051345858459e-05,2.342246025059861e-06,0.9992532111949415
772,1,0.0,0.6722250727268051,4.402979233527869e-11,0.32777492722916496,5.035536098160723e-42,0.0
773,1,0.0,0.9980793640665628,1.7427200430900614e-05,0.0018504564842868638,5.2752248719034056e-05,0.0
774,1,0.0,0.9514791135126709,2.1571721867132835e-05,0.048499313626821826,1.1386402341089261e-09,0.0
775,1,0.0,0.8711729098313418,1.9626953841802524e-05,0.12880746321479525,2.103286282833328e-14,0.0
776,1,0.0,0.8711729098313418,1.9626953841802524e-05,0.12880746321479525,2.103286282833328e-14,0.0
777,1,0.0,0.8829030668312965,9.219923804988847e-11,0.11709693307650441,5.245725392835659e-25,0.0
778,1,0.0,0.9582034179476349,1.527893643338885e-17,0.041796582052365305,7.696909414902103e-31,0.0
779,1,0.0,0.8711729098313418,1.9626953841802524e-05,0.12880746321479525,2.103286282833328e-14,0.0
780,1,0.0,0.9990261054775448,1.0593077047832318e-10,0.0009738943983580087,1.8166323152836275e-11,0.0
781,1,0.0,0.6722250727268051,4.402979233527869e-11,0.32777492722916496,5.035536098160723e-42,0.0
782,1,0.0,0.8829030668312965,9.219923804988847e-11,0.11709693307650441,5.245725392835659e-25,0.0
783,1,0.0,0.7242464398653949,1.2253604245092329e-05,0.2757413065303599,1.2793697426966807e-28,0.0
784,1,0.0,0.992952192436369,1.74132460089678e-17,0.0070478075636309185,6.010235491529902e-25,0.0
785,1,0.0,0.8829030668312965,9.219923804988847e-11,0.11709693307650441,5.245725392835659e-25,0.0
786,1,0.0,0.7634882333319652,6.609089581708991e-11,0.2365117666019438,9.951695723585918e-33,0.0
787,1,0.0,0.963144791012655,1.1075123035135811e-10,0.03685520887659375,6.833071186717258e-19,0.0
788,1,0.0,0.8711729098313418,1.9626953841802524e-05,0.12880746321479525,2.103286282833328e-14,0.0
789,1,0.0,0.6591058654766069,2.9815864312103676e-11,0.34089413449357747,7.432869395799289e-53,0.0
790,1,0.0,0.9882746365503297,2.0581066346158434e-05,0.01170324673345439,1.535649869568172e-06,0.0
791,4,0.0,0.023229776591300915,0.4184164401901885,0.007356204881561149,0.5509975783369494,0.0
792,1,0.0,0.9582034179476349,1.527893643338885e-17,0.041796582052365305,7.696909414902103e-31,0.0
793,5,0.0,0.000614413953932518,7.341606514069612e-05,0.0002773548470713034,4.888174174308396e-21,0.9990348151338554
794,1,0.0,0.7634882333319652,6.609089581708991e-11,0.2365117666019438,9.951695723585918e-33,0.0
795,1,0.0,0.9514791135126709,2.1571721867132835e-05,0.048499313626821826,1.1386402341089261e-09,0.0
796,1,0.0,0.9990261054775448,1.0593077047832318e-10,0.0009738943983580087,1.8166323152836275e-11,0.0
797,1,0.0,0.9997439977321237,1.3359534878990295e-05,0.00019556016934408263,4.7082563653493773e-05,0.0
798,1,0.0,0.9926149130796877,1.147223684226618e-10,0.007385086805567764,2.202779628331621e-14,0.0
799,1,0.0,0.8711729098313418,1.9626953841802524e-05,0.12880746321479525,2.103286282833328e-14,0.0
800,1,0.0,0.7757701293744377,1.5853028303515146e-05,0.22421401759725884,9.898465962774617e-21,0.0
801,1,0.0,0.9926149130796877,1.147223684226618e-10,0.007385086805567764,2.202779628331621e-14,0.0
802,3,0.0,0.07377198140189041,1.1709240924903858e-37,0.9262280185981094,2.044888028740766e-99,0.0
803,1,0.0,0.9990261054775448,1.0593077047832318e-10,0.0009738943983580087,1.8166323152836275e-11,0.0
804,2,0.0,0.10043310208479114,0.8984243175114882,0.0011425804037207522,4.3579711450579416e-47,0.0
805,5,0.0,0.0005647138612905943,7.448254772072222e-05,0.00023122897358866072,1.3471023221153347e-14,0.9991295746173864
806,5,0.0,0.000614413953932518,7.341606514069612e-05,0.0002773548470713034,4.888174174308396e-21,0.9990348151338554
807,2,0.0,0.054186761723166416,0.9343401039026026,0.011473134374230956,4.3028695179421225e-26,0.0
808,2,0.0,0.040184936381756284,0.9271561302060557,0.032658933384688685,2.7499321496801488e-11,0.0
809,0,0.9999192478892461,2.900693565684066e-06,5.099546529828104e-05,2.6753646546731212e-05,1.0230534302688387e-07,0.0
810,2,0.0,0.03975287091668099,0.9252273677010419,0.03501637547448069,3.385907796559327e-06,0.0
811,1,0.0,0.8318074204847657,7.336684415992637e-06,0.16818524283081807,5.062725546441587e-49,0.0
812,0,0.9998924176229602,5.11951723479379e-06,9.642808806645588e-05,6.0347717383093356e-06,7.05644818217312e-17,0.0
813,0,0.9998924176229602,5.11951723479379e-06,9.642808806645588e-05,6.0347717383093356e-06,7.05644818217312e-17,0.0
814,4,0.0,0.0028266911403110537,0.20515950652243797,0.004174750784688717,0.7878390515525621,0.0
815,4,0.0,0.0028266911403110537,0.20515950652243797,0.004174750784688717,0.7878390515525621,0.0
816,0,0.9999157952587338,2.2366067481373526e-06,3.3128242995440716e-05,3.1921587224436464e-05,1.6918304298064732e-05,0.0
817,4,0.0,0.0028266911403110537,0.20515950652243797,0.004174750784688717,0.7878390515525621,0.0
818,1,0.0,0.8711729098313418,1.9626953841802524e-05,0.12880746321479525,2.103286282833328e-14,0.0
819,0,0.9999157952587338,2.2366067481373526e-06,3.3128242995440716e-05,3.1921587224436464e-05,1.6918304298064732e-05,0.0
820,5,0.0,0.0007246353963790553,7.160134697502615e-05,0.00024302325334829564,5.0367763057085155e-29,0.9989607400032976
821,1,0.0,0.9999100985355903,1.0880757119988488e-35,8.990146440995161e-05,1.0782687395873692e-41,0.0
822,5,0.0,0.005518868899367303,5.3644431153620974e-05,1.1247007930968817e-06,3.665486014180928e-92,0.994426361968686
823,2,0.0,0.04282314553391563,0.917733481341192,0.027551036833367543,0.011892336291524742,0.0
824,2,0.0,0.15104885456862097,0.8487307884055738,0.00022035702580494148,6.49601823532521e-60,0.0
825,2,0.0,0.07112770858865036,0.9246198156087149,0.004252475802634642,8.157517570611718e-36,0.0
826,5,0.0,0.0012834678726012297,6.595274081658587e-05,7.271074797831873e-05,1.22409553083612e-49,0.9985778686386036
827,1,0.0,0.8318074204847657,7.336684415992637e-06,0.16818524283081807,5.062725546441587e-49,0.0
828,0,0.9998777301445174,1.7524064091248478e-06,1.9961369160230536e-05,2.608171246863539e-05,7.447436744469357e-05,0.0
829,0,0.9998777301445174,1.7524064091248478e-06,1.9961369160230536e-05,2.608171246863539e-05,7.447436744469357e-05,0.0
830,5,0.0,0.0012834678726012297,6.595274081658587e-05,7.271074797831873e-05,1.22409553083612e-49,0.9985778686386036
831,2,0.0,0.15104885456862097,0.8487307884055738,0.00022035702580494148,6.49601823532521e-60,0.0
832,2,0.0,0.23687141350775823,0.7630987248011071,2.9861691134772406e-05,2.6448364937189004e-74,0.0
833,0,0.999840821830913,1.9335423833940594e-05,0.00013983947937866464,3.265874324813187e-09,4.250507990191099e-54,0.0
834,3,0.0,0.4934607548617818,1.2440073106617098e-18,0.506539245138218,3.0626658256479517e-84,0.0
835,1,0.0,0.7242464398653949,1.2253604245092329e-05,0.2757413065303599,1.2793697426966807e-28,0.0
836,4,0.0,0.023229776591300915,0.4184164401901885,0.007356204881561149,0.5509975783369494,0.0
837,1,0.0,0.7634882333319652,6.609089581708991e-11,0.2365117666019438,9.951695723585918e-33,0.0
838,1,0.0,0.8318074204847657,7.336684415992637e-06,0.16818524283081807,5.062725546441587e-49,0.0
839,5,0.0,0.0009263572523612288,6.909067329398598e-05,0.00015554394119473176,1.4736460843425825e-38,0.9988490081331499
840,1,0.0,0.513287749599636,3.558396035071362e-18,0.486712250400364,3.113941164317175e-58,0.0
841,5,0.0,0.0005647138612905943,7.448254772072222e-05,0.00023122897358866072,1.3471023221153347e-14,0.9991295746173864
842,2,0.0,0.008565447283555497,0.961813608195577,0.024645998606846506,0.004974945914021096,0.0
843,0,0.9998550976701369,9.634771864688297e-06,0.00013496819727452559,2.993607239355265e-07,2.443967774894697e-32,0.0
844,5,0.0,0.0019269425380807356,6.227176770207562e-05,2.4820704369096994e-05,2.886348376760473e-62,0.997985964989848
845,1,0.0,0.513287749599636,3.558396035071362e-18,0.486712250400364,3.113941164317175e-58,0.0
846,1,0.0,0.513287749599636,3.558396035071362e-18,0.486712250400364,3.113941164317175e-58,0.0
847,2,0.0,0.00799843806585677,0.974229628168964,0.017771034611000217,8.991541789826387e-07,0.0
848,1,0.0,0.7473869150154229,9.556281324934947e-06,0.2526035287032523,4.788109946370869e-38,0.0
849,5,0.0,0.0005647138612905943,7.448254772072222e-05,0.00023122897358866072,1.3471023221153347e-14,0.9991295746173864
850,4,0.0,0.014707156542056267,0.20322904412210457,0.0015448261406033666,0.7805189731952357,0.0
851,1,0.0,0.6591058654766069,2.9815864312103676e-11,0.34089413449357747,7.432869395799289e-53,0.0
852,1,0.0,0.7242464398653949,1.2253604245092329e-05,0.2757413065303599,1.2793697426966807e-28,0.0
853,1,0.0,0.6722250727268051,4.402979233527869e-11,0.32777492722916496,5.035536098160723e-42,0.0
854,3,0.0,0.2631541020339046,5.279246990963725e-27,0.7368458979660955,2.4693084355546306e-77,0.0
855,3,0.0,0.19082059031851828,2.2081880254153278e-27,0.8091794096814817,4.644976815117944e-91,0.0
856,3,0.0,0.07377198140189041,1.1709240924903858e-37,0.9262280185981094,2.044888028740766e-99,0.0
857,1,0.0,0.6722250727268051,4.402979233527869e-11,0.32777492722916496,5.035536098160723e-42,0.0
858,3,0.0,0.4541696484412815,1.9873123315808725e-18,0.5458303515587184,1.7218659184418516e-70,0.0
859,1,0.0,0.6722250727268051,4.402979233527869e-11,0.32777492722916496,5.035536098160723e-42,0.0
860,1,0.0,0.7473869150154229,9.556281324934947e-06,0.2526035287032523,4.788109946370869e-38,0.0
861,5,0.0,0.0005647138612905943,7.448254772072222e-05,0.00023122897358866072,1.3471023221153347e-14,0.9991295746173864
862,3,0.0,0.4934607548617818,1.2440073106617098e-18,0.506539245138218,3.0626658256479517e-84,0.0
863,5,0.0,0.000614413953932518,7.341606514069612e-05,0.0002773548470713034,4.888174174308396e-21,0.9990348151338554
864,2,0.0,0.044678236633293004,0.9327449072142341,0.022576856152472912,6.434885652285746e-18,0.0
865,0,0.9999080112901125,3.822787423841438e-06,7.281124333842298e-05,1.535466265736348e-05,1.6467964733528203e-11,0.0
866,2,0.0,0.04282314553391563,0.917733481341192,0.027551036833367543,0.011892336291524742,0.0
867,1,0.0,0.7473869150154229,9.556281324934947e-06,0.2526035287032523,4.788109946370869e-38,0.0
868,5,0.0,0.000614413953932518,7.341606514069612e-05,0.0002773548470713034,4.888174174308396e-21,0.9990348151338554
869,5,0.0,0.0007246353963790553,7.160134697502615e-05,0.00024302325334829564,5.0367763057085155e-29,0.9989607400032976
870,2,0.0,0.040184936381756284,0.9271561302060557,0.032658933384688685,2.7499321496801488e-11,0.0
871,0,0.999840821830913,1.9335423833940594e-05,0.00013983947937866464,3.265874324813187e-09,4.250507990191099e-54,0.0
872,1,0.0,0.7757701293744377,1.5853028303515146e-05,0.22421401759725884,9.898465962774617e-21,0.0
873,2,0.0,0.008565447283555497,0.961813608195577,0.024645998606846506,0.004974945914021096,0.0
874,1,0.0,0.9926149130796877,1.147223684226618e-10,0.007385086805567764,2.202779628331621e-14,0.0
875,0,0.9999157952587338,2.2366067481373526e-06,3.3128242995440716e-05,3.1921587224436464e-05,1.6918304298064732e-05,0.0
876,2,0.0,0.044678236633293004,0.9327449072142341,0.022576856152472912,6.434885652285746e-18,0.0
877,0,0.9999192478892461,2.900693565684066e-06,5.099546529828104e-05,2.6753646546731212e-05,1.0230534302688387e-07,0.0
878,0,0.9999192478892461,2.900693565684066e-06,5.099546529828104e-05,2.6753646546731212e-05,1.0230534302688387e-07,0.0
879,2,0.0,0.008146383499022684,0.9824352357935285,0.009418380702805512,4.643212371108572e-12,0.0
880,2,0.0,0.008565447283555497,0.961813608195577,0.024645998606846506,0.004974945914021096,0.0
881,1,0.0,0.7242464398653949,1.2253604245092329e-05,0.2757413065303599,1.2793697426966807e-28,0.0
882,5,0.0,0.000614413953932518,7.341606514069612e-05,0.0002773548470713034,4.888174174308396e-21,0.9990348151338554
883,1,0.0,0.7242464398653949,1.2253604245092329e-05,0.2757413065303599,1.2793697426966807e-28,0.0
884,5,0.0,0.000614413953932518,7.341606514069612e-05,0.0002773548470713034,4.888174174308396e-21,0.9990348151338554
885,5,0.0,0.000614413953932518,7.341606514069612e-05,0.0002773548470713034,4.888174174308396e-21,0.9990348151338554
886,1,0.0,0.8318074204847657,7.336684415992637e-06,0.16818524283081807,5.062725546441587e-49,0.0
887,5,0.0,0.0007246353963790553,7.160134697502615e-05,0.00024302325334829564,5.0367763057085155e-29,0.9989607400032976
888,1,0.0,0.8711729098313418,1.9626953841802524e-05,0.12880746321479525,2.103286282833328e-14,0.0
889,1,0.0,0.7242464398653949,1.2253604245092329e-05,0.2757413065303599,1.2793697426966807e-28,0.0
890,2,0.0,0.03975287091668099,0.9252273677010419,0.03501637547448069,3.385907796559327e-06,0.0
891,2,0.0,0.03975287091668099,0.9252273677010419,0.03501637547448069,3.385907796559327e-06,0.0
892,2,0.0,0.009058284493304255,0.9872692821740457,0.0036724333326498084,6.857383237723751e-19,0.0
893,2,0.0,0.040184936381756284,0.9271561302060557,0.032658933384688685,2.7499321496801488e-11,0.0
894,0,0.9998437767792947,1.353971493954426e-05,0.00014264572134713066,3.778441862080816e-08,1.9754365497046944e-42,0.0
895,5,0.0,0.0005647138612905943,7.448254772072222e-05,0.00023122897358866072,1.3471023221153347e-14,0.9991295746173864
896,0,0.9998924176229602,5.11951723479379e-06,9.642808806645588e-05,6.0347717383093356e-06,7.05644818217312e-17,0.0
897,0,0.9998729554527305,6.967045488042454e-06,0.00011845328159990763,1.6242201814695045e-06,8.048912632149142e-24,0.0
898,4,0.0,0.023229776591300915,0.4184164401901885,0.007356204881561149,0.5509975783369494,0.0
899,3,0.0,3.0233229074839405e-06,4.388273439149199e-98,0.9999969766770921,4.119894861857969e-217,0.0
900,3,0.0,0.07377198140189041,1.1709240924903858e-37,0.9262280185981094,2.044888028740766e-99,0.0
901,5,0.0,0.000614413953932518,7.341606514069612e-05,0.0002773548470713034,4.888174174308396e-21,0.9990348151338554
902,5,0.0,0.0005647138612905943,7.448254772072222e-05,0.00023122897358866072,1.3471023221153347e-14,0.9991295746173864
903,2,0.0,0.02103793968154804,0.9789276128624705,3.444745598107528e-05,1.2058583335513703e-48,0.0
904,5,0.0,0.0005647138612905943,7.448254772072222e-05,0.00023122897358866072,1.3471023221153347e-14,0.9991295746173864
905,1,0.0,0.513287749599636,3.558396035071362e-18,0.486712250400364,3.113941164317175e-58,0.0
906,3,0.0,0.25147831553146355,7.3639746432337675e-28,0.7485216844685362,7.4053783903764e-123,0.0
907,1,0.0,0.6591058654766069,2.9815864312103676e-11,0.34089413449357747,7.432869395799289e-53,0.0
908,1,0.0,0.513287749599636,3.558396035071362e-18,0.486712250400364,3.113941164317175e-58,0.0
909,1,0.0,0.513287749599636,3.558396035071362e-18,0.486712250400364,3.113941164317175e-58,0.0
910,5,0.0,0.0005647138612905943,7.448254772072222e-05,0.00023122897358866072,1.3471023221153347e-14,0.9991295746173864
911,2,0.0,0.054186761723166416,0.9343401039026026,0.011473134374230956,4.3028695179421225e-26,0.0
912,0,0.9999192478892461,2.900693565684066e-06,5.099546529828104e-05,2.6753646546731212e-05,1.0230534302688387e-07,0.0
913,1,0.0,0.6648190394458163,6.6651488043518775e-18,0.33518096055418367,1.6906561359644083e-47,0.0
914,5,0.0,0.0005647138612905943,7.448254772072222e-05,0.00023122897358866072,1.3471023221153347e-14,0.9991295746173864
915,3,0.0,0.011562664969870221,3.969882889705041e-50,0.9884373350301299,1.8081985263554601e-124,0.0
916,1,0.0,0.7634882333319652,6.609089581708991e-11,0.2365117666019438,9.951695723585918e-33,0.0
917,1,0.0,0.963144791012655,1.1075123035135811e-10,0.03685520887659375,6.833071186717258e-19,0.0
918,1,0.0,0.6285964661385376,8.333591330289259e-19,0.3714035338614622,1.6730878777327102e-99,0.0
919,5,0.0,0.0005647138612905943,7.448254772072222e-05,0.00023122897358866072,1.3471023221153347e-14,0.9991295746173864
920,1,0.0,0.7634882333319652,6.609089581708991e-11,0.2365117666019438,9.951695723585918e-33,0.0
921,5,0.0,0.0007246353963790553,7.160134697502615e-05,0.00024302325334829564,5.0367763057085155e-29,0.9989607400032976
922,5,0.0,0.0007246353963790553,7.160134697502615e-05,0.00024302325334829564,5.0367763057085155e-29,0.9989607400032976
923,2,0.0,0.009058284493304255,0.9872692821740457,0.0036724333326498084,6.857383237723751e-19,0.0
924,1,0.0,0.7634882333319652,6.609089581708991e-11,0.2365117666019438,9.951695723585918e-33,0.0
925,1,0.0,0.9980793640665628,1.7427200430900614e-05,0.0018504564842868638,5.2752248719034056e-05,0.0
926,5,0.0,0.0005647138612905943,7.448254772072222e-05,0.00023122897358866072,1.3471023221153347e-14,0.9991295746173864
927,5,0.0,0.0005647138612905943,7.448254772072222e-05,0.00023122897358866072,1.3471023221153347e-14,0.9991295746173864
928,1,0.0,0.9999948778092645,6.787377589891044e-11,5.1219033843613074e-06,2.1947750599623185e-10,0.0
929,2,0.0,0.00799843806585677,0.974229628168964,0.017771034611000217,8.991541789826387e-07,0.0
930,5,0.0,0.0009263572523612288,6.909067329398598e-05,0.00015554394119473176,1.4736460843425825e-38,0.9988490081331499
931,2,0.0,0.008565447283555497,0.961813608195577,0.024645998606846506,0.004974945914021096,0.0
932,1,0.0,0.9926149130796877,1.147223684226618e-10,0.007385086805567764,2.202779628331621e-14,0.0
933,5,0.0,0.000562615357964762,7.476551981030677e-05,0.00014081768835168317,1.0541545976728687e-09,0.9992218003797185
934,5,0.0,0.0006075543670558869,7.425167851879739e-05,6.264051345858459e-05,2.342246025059861e-06,0.9992532111949415
935,1,0.0,0.848828744502976,1.3929510885447957e-11,0.15117125548309476,3.899996318065856e-79,0.0
936,1,0.0,0.7634882333319652,6.609089581708991e-11,0.2365117666019438,9.951695723585918e-33,0.0
937,1,0.0,0.513287749599636,3.558396035071362e-18,0.486712250400364,3.113941164317175e-58,0.0
938,1,0.0,0.7757701293744377,1.5853028303515146e-05,0.22421401759725884,9.898465962774617e-21,0.0
939,1,0.0,0.848828744502976,1.3929510885447957e-11,0.15117125548309476,3.899996318065856e-79,0.0
940,1,0.0,0.8469925110192761,1.1208994266181839e-17,0.15300748898072367,2.3651995753932977e-38,0.0
941,5,0.0,0.0012834678726012297,6.595274081658587e-05,7.271074797831873e-05,1.22409553083612e-49,0.9985778686386036
942,5,0.0,0.0009263572523612288,6.909067329398598e-05,0.00015554394119473176,1.4736460843425825e-38,0.9988490081331499
943,1,0.0,0.513287749599636,3.558396035071362e-18,0.486712250400364,3.113941164317175e-58,0.0
944,2,0.0,0.044678236633293004,0.9327449072142341,0.022576856152472912,6.434885652285746e-18,0.0
945,1,0.0,0.9990572810021273,7.984030362642704e-26,0.0009427189978724322,1.4979619110138004e-32,0.0
946,1,0.0,0.9582034179476349,1.527893643338885e-17,0.041796582052365305,7.696909414902103e-31,0.0
947,5,0.0,0.0007246353963790553,7.160134697502615e-05,0.00024302325334829564,5.0367763057085155e-29,0.9989607400032976
948,1,0.0,0.9992222801864639,1.759126821433161e-17,0.000777719813536348,1.1938885884670254e-20,0.0
949,1,0.0,0.8829030668312965,9.219923804988847e-11,0.11709693307650441,5.245725392835659e-25,0.0
950,1,0.0,0.7242464398653949,1.2253604245092329e-05,0.2757413065303599,1.2793697426966807e-28,0.0
951,1,0.0,0.7279995404794599,3.3380893278632436e-26,0.2720004595205399,1.8247871686188163e-54,0.0
952,2,0.0,0.014552638866151837,0.9852253263606042,0.0002220347732437403,3.4936058857234272e-37,0.0
953,1,0.0,0.9999424872489231,1.613100270527834e-17,5.751275107683014e-05,6.178019976795149e-18,0.0
954,1,0.0,0.992952192436369,1.74132460089678e-17,0.0070478075636309185,6.010235491529902e-25,0.0
955,4,0.0,0.014707156542056267,0.20322904412210457,0.0015448261406033666,0.7805189731952357,0.0
956,1,0.0,0.9990261054775448,1.0593077047832318e-10,0.0009738943983580087,1.8166323152836275e-11,0.0
957,2,0.0,0.02103793968154804,0.9789276128624705,3.444745598107528e-05,1.2058583335513703e-48,0.0
958,1,0.0,0.8469925110192761,1.1208994266181839e-17,0.15300748898072367,2.3651995753932977e-38,0.0
959,1,0.0,0.963144791012655,1.1075123035135811e-10,0.03685520887659375,6.833071186717258e-19,0.0
960,1,0.0,0.9980793640665628,1.7427200430900614e-05,0.0018504564842868638,5.2752248719034056e-05,0.0
961,1,0.0,0.9999100985355903,1.0880757119988488e-35,8.990146440995161e-05,1.0782687395873692e-41,0.0
962,2,0.0,0.03975287091668099,0.9252273677010419,0.03501637547448069,3.385907796559327e-06,0.0
963,2,0.0,0.009058284493304255,0.9872692821740457,0.0036724333326498084,6.857383237723751e-19,0.0
964,5,0.0,0.000614413953932518,7.341606514069612e-05,0.0002773548470713034,4.888174174308396e-21,0.9990348151338554
965,4,0.0,0.023229776591300915,0.4184164401901885,0.007356204881561149,0.5509975783369494,0.0
966,4,0.0,0.023229776591300915,0.4184164401901885,0.007356204881561149,0.5509975783369494,0.0
967,2,0.0,0.008146383499022684,0.9824352357935285,0.009418380702805512,4.643212371108572e-12,0.0
968,1,0.0,0.7634882333319652,6.609089581708991e-11,0.2365117666019438,9.951695723585918e-33,0.0
969,1,0.0,0.9882746365503297,2.0581066346158434e-05,0.01170324673345439,1.535649869568172e-06,0.0
970,2,0.0,0.03975287091668099,0.9252273677010419,0.03501637547448069,3.385907796559327e-06,0.0
971,1,0.0,0.8711729098313418,1.9626953841802524e-05,0.12880746321479525,2.103286282833328e-14,0.0
972,5,0.0,0.000614413953932518,7.341606514069612e-05,0.0002773548470713034,4.888174174308396e-21,0.9990348151338554
973,5,0.0,0.000562615357964762,7.476551981030677e-05,0.00014081768835168317,1.0541545976728687e-09,0.9992218003797185
974,1,0.0,0.9514791135126709,2.1571721867132835e-05,0.048499313626821826,1.1386402341089261e-09,0.0
975,5,0.0,0.0005647138612905943,7.448254772072222e-05,0.00023122897358866072,1.3471023221153347e-14,0.9991295746173864
976,1,0.0,0.9926149130796877,1.147223684226618e-10,0.007385086805567764,2.202779628331621e-14,0.0
977,2,0.0,0.008146383499022684,0.9824352357935285,0.009418380702805512,4.643212371108572e-12,0.0
978,2,0.0,0.009058284493304255,0.9872692821740457,0.0036724333326498084,6.857383237723751e-19,0.0
979,2,0.0,0.009058284493304255,0.9872692821740457,0.0036724333326498084,6.857383237723751e-19,0.0
980,2,0.0,0.014552638866151837,0.9852253263606042,0.0002220347732437403,3.4936058857234272e-37,0.0
981,1,0.0,0.7242464398653949,1.2253604245092329e-05,0.2757413065303599,1.2793697426966807e-28,0.0
982,1,0.0,0.9514791135126709,2.1571721867132835e-05,0.048499313626821826,1.1386402341089261e-09,0.0
983,2,0.0,0.009058284493304255,0.9872692821740457,0.0036724333326498084,6.857383237723751e-19,0.0
984,4,0.0,0.023229776591300915,0.4184164401901885,0.007356204881561149,0.5509975783369494,0.0
985,3,0.0,0.19082059031851828,2.2081880254153278e-27,0.8091794096814817,4.644976815117944e-91,0.0
986,1,0.0,0.7242464398653949,1.2253604245092329e-05,0.2757413065303599,1.2793697426966807e-28,0.0
987,2,0.0,0.04282314553391563,0.917733481341192,0.027551036833367543,0.011892336291524742,0.0
988,2,0.0,0.005662081367967568,0.5350191874216325,0.014218508311724795,0.4451002228986753,0.0
989,2,0.0,0.03975287091668099,0.9252273677010419,0.03501637547448069,3.385907796559327e-06,0.0
990,3,0.0,0.03617568504770754,2.353241578561943e-49,0.9638243149522924,3.315301760098134e-109,0.0
991,1,0.0,0.8135492019048716,5.17728048888519e-19,0.18645079809512838,2.4325653522448967e-116,0.0
992,1,0.0,0.513287749599636,3.558396035071362e-18,0.486712250400364,3.113941164317175e-58,0.0
993,3,0.0,0.011562664969870221,3.969882889705041e-50,0.9884373350301299,1.8081985263554601e-124,0.0
994,5,0.0,0.000562615357964762,7.476551981030677e-05,0.00014081768835168317,1.0541545976728687e-09,0.9992218003797185
995,2,0.0,0.00799843806585677,0.974229628168964,0.017771034611000217,8.991541789826387e-07,0.0
996,3,0.0,0.1761915226480298,4.842243663505374e-37,0.82380847735197,1.1880716289302111e-85,0.0
997,2,0.0,0.054186761723166416,0.9343401039026026,0.011473134374230956,4.3028695179421225e-26,0.0
998,2,0.0,0.044678236633293004,0.9327449072142341,0.022576856152472912,6.434885652285746e-18,0.0
999,5,0.0,0.0009018622179104882,7.089686000792104e-05,4.828781510731801e-06,0.0002646055766649916,0.9987578065639058
1000,5,0.0,0.0005647138612905943,7.448254772072222e-05,0.00023122897358866072,1.3471023221153347e-14,0.9991295746173864
1001,1,0.0,0.9514791135126709,2.1571721867132835e-05,0.048499313626821826,1.1386402341089261e-09,0.0
1002,2,0.0,0.00799843806585677,0.974229628168964,0.017771034611000217,8.991541789826387e-07,0.0
1003,2,0.0,0.044678236633293004,0.9327449072142341,0.022576856152472912,6.434885652285746e-18,0.0
1004,2,0.0,0.040184936381756284,0.9271561302060557,0.032658933384688685,2.7499321496801488e-11,0.0
1005,1,0.0,0.7242464398653949,1.2253604245092329e-05,0.2757413065303599,1.2793697426966807e-28,0.0
1006,1,0.0,0.8829030668312965,9.219923804988847e-11,0.11709693307650441,5.245725392835659e-25,0.0
1007,1,0.0,0.7757701293744377,1.5853028303515146e-05,0.22421401759725884,9.898465962774617e-21,0.0
1008,2,0.0,0.008565447283555497,0.961813608195577,0.024645998606846506,0.004974945914021096,0.0
1009,2,0.0,0.04282314553391563,0.917733481341192,0.027551036833367543,0.011892336291524742,0.0
1010,5,0.0,0.000562615357964762,7.476551981030677e-05,0.00014081768835168317,1.0541545976728687e-09,0.9992218003797185
1011,2,0.0,0.054186761723166416,0.9343401039026026,0.011473134374230956,4.3028695179421225e-26,0.0
1012,2,0.0,0.07112770858865036,0.9246198156087149,0.004252475802634642,8.157517570611718e-36,0.0
1013,5,0.0,0.0007246353963790553,7.160134697502615e-05,0.00024302325334829564,5.0367763057085155e-29,0.9989607400032976
1014,5,0.0,0.0005647138612905943,7.448254772072222e-05,0.00023122897358866072,1.3471023221153347e-14,0.9991295746173864
1015,3,0.0,0.03617568504770754,2.353241578561943e-49,0.9638243149522924,3.315301760098134e-109,0.0
1016,5,0.0,0.000614413953932518,7.341606514069612e-05,0.0002773548470713034,4.888174174308396e-21,0.9990348151338554
1017,2,0.0,0.040184936381756284,0.9271561302060557,0.032658933384688685,2.7499321496801488e-11,0.0
1018,2,0.0,0.03975287091668099,0.9252273677010419,0.03501637547448069,3.385907796559327e-06,0.0
1019,3,0.0,0.2631541020339046,5.279246990963725e-27,0.7368458979660955,2.4693084355546306e-77,0.0
1020,1,0.0,0.73008191568812,2.0820529529366738e-11,0.26991808429105957,3.246962605817595e-65,0.0
1021,3,0.0,0.19082059031851828,2.2081880254153278e-27,0.8091794096814817,4.644976815117944e-91,0.0
1022,2,0.0,0.04282314553391563,0.917733481341192,0.027551036833367543,0.011892336291524742,0.0
1023,2,0.0,0.044678236633293004,0.9327449072142341,0.022576856152472912,6.434885652285746e-18,0.0
1024,1,0.0,0.963144791012655,1.1075123035135811e-10,0.03685520887659375,6.833071186717258e-19,0.0
1025,0,0.9998777301445174,1.7524064091248478e-06,1.9961369160230536e-05,2.608171246863539e-05,7.447436744469357e-05,0.0
1026,5,0.0,0.0009018622179104882,7.089686000792104e-05,4.828781510731801e-06,0.0002646055766649916,0.9987578065639058
1027,1,0.0,0.9997439977321237,1.3359534878990295e-05,0.00019556016934408263,4.7082563653493773e-05,0.0
1028,2,0.0,0.04282314553391563,0.917733481341192,0.027551036833367543,0.011892336291524742,0.0
1029,4,0.0,0.0028266911403110537,0.20515950652243797,0.004174750784688717,0.7878390515525621,0.0
1030,5,0.0,0.0009018622179104882,7.089686000792104e-05,4.828781510731801e-06,0.0002646055766649916,0.9987578065639058
1031,5,0.0,0.0009263572523612288,6.909067329398598e-05,0.00015554394119473176,1.4736460843425825e-38,0.9988490081331499
1032,2,0.0,0.03975287091668099,0.9252273677010419,0.03501637547448069,3.385907796559327e-06,0.0
1033,1,0.0,0.6648190394458163,6.6651488043518775e-18,0.33518096055418367,1.6906561359644083e-47,0.0
1034,1,0.0,0.9582034179476349,1.527893643338885e-17,0.041796582052365305,7.696909414902103e-31,0.0
1035,4,0.0,0.014707156542056267,0.20322904412210457,0.0015448261406033666,0.7805189731952357,0.0
1036,0,0.9998777301445174,1.7524064091248478e-06,1.9961369160230536e-05,2.608171246863539e-05,7.447436744469357e-05,0.0
1037,5,0.0,0.0005647138612905943,7.448254772072222e-05,0.00023122897358866072,1.3471023221153347e-14,0.9991295746173864
1038,1,0.0,0.513287749599636,3.558396035071362e-18,0.486712250400364,3.113941164317175e-58,0.0
1039,3,0.0,0.25147831553146355,7.3639746432337675e-28,0.7485216844685362,7.4053783903764e-123,0.0
1040,1,0.0,0.6591058654766069,2.9815864312103676e-11,0.34089413449357747,7.432869395799289e-53,0.0
1041,1,0.0,0.513287749599636,3.558396035071362e-18,0.486712250400364,3.113941164317175e-58,0.0
1042,1,0.0,0.513287749599636,3.558396035071362e-18,0.486712250400364,3.113941164317175e-58,0.0
1043,5,0.0,0.0005647138612905943,7.448254772072222e-05,0.00023122897358866072,1.3471023221153347e-14,0.9991295746173864
1044,2,0.0,0.054186761723166416,0.9343401039026026,0.011473134374230956,4.3028695179421225e-26,0.0
1045,0,0.9999192478892461,2.900693565684066e-06,5.099546529828104e-05,2.6753646546731212e-05,1.0230534302688387e-07,0.0
1046,1,0.0,0.6648190394458163,6.6651488043518775e-18,0.33518096055418367,1.6906561359644083e-47,0.0
1047,5,0.0,0.0005647138612905943,7.448254772072222e-05,0.00023122897358866072,1.3471023221153347e-14,0.9991295746173864
1048,3,0.0,0.011562664969870221,3.969882889705041e-50,0.9884373350301299,1.8081985263554601e-124,0.0
1049,1,0.0,0.7634882333319652,6.609089581708991e-11,0.2365117666019438,9.951695723585918e-33,0.0
1050,1,0.0,0.963144791012655,1.1075123035135811e-10,0.03685520887659375,6.833071186717258e-19,0.0
1051,1,0.0,0.6285964661385376,8.333591330289259e-19,0.3714035338614622,1.6730878777327102e-99,0.0
1052,5,0.0,0.0005647138612905943,7.448254772072222e-05,0.00023122897358866072,1.3471023221153347e-14,0.9991295746173864
1053,1,0.0,0.7634882333319652,6.609089581708991e-11,0.2365117666019438,9.951695723585918e-33,0.0
1054,5,0.0,0.0007246353963790553,7.160134697502615e-05,0.00024302325334829564,5.0367763057085155e-29,0.9989607400032976
1055,5,0.0,0.0007246353963790553,7.160134697502615e-05,0.00024302325334829564,5.0367763057085155e-29,0.9989607400032976
1056,2,0.0,0.009058284493304255,0.9872692821740457,0.0036724333326498084,6.857383237723751e-19,0.0
1057,1,0.0,0.7634882333319652,6.609089581708991e-11,0.2365117666019438,9.951695723585918e-33,0.0
1058,1,0.0,0.9980793640665628,1.7427200430900614e-05,0.0018504564842868638,5.2752248719034056e-05,0.0
1059,5,0.0,0.0005647138612905943,7.448254772072222e-05,0.00023122897358866072,1.3471023221153347e-14,0.9991295746173864
1060,5,0.0,0.0005647138612905943,7.448254772072222e-05,0.00023122897358866072,1.3471023221153347e-14,0.9991295746173864
1061,1,0.0,0.9999948778092645,6.787377589891044e-11,5.1219033843613074e-06,2.1947750599623185e-10,0.0
1062,2,0.0,0.00799843806585677,0.974229628168964,0.017771034611000217,8.991541789826387e-07,0.0
1063,5,0.0,0.0009263572523612288,6.909067329398598e-05,0.00015554394119473176,1.4736460843425825e-38,0.9988490081331499
1064,2,0.0,0.008565447283555497,0.961813608195577,0.024645998606846506,0.004974945914021096,0.0
1065,1,0.0,0.9926149130796877,1.147223684226618e-10,0.007385086805567764,2.202779628331621e-14,0.0
1066,5,0.0,0.000562615357964762,7.476551981030677e-05,0.00014081768835168317,1.0541545976728687e-09,0.9992218003797185
1067,5,0.0,0.0006075543670558869,7.425167851879739e-05,6.264051345858459e-05,2.342246025059861e-06,0.9992532111949415
1068,1,0.0,0.848828744502976,1.3929510885447957e-11,0.15117125548309476,3.899996318065856e-79,0.0
1069,1,0.0,0.7634882333319652,6.609089581708991e-11,0.2365117666019438,9.951695723585918e-33,0.0
1070,1,0.0,0.513287749599636,3.558396035071362e-18,0.486712250400364,3.113941164317175e-58,0.0
1071,1,0.0,0.7757701293744377,1.5853028303515146e-05,0.22421401759725884,9.898465962774617e-21,0.0
1072,1,0.0,0.848828744502976,1.3929510885447957e-11,0.15117125548309476,3.899996318065856e-79,0.0
1073,1,0.0,0.8469925110192761,1.1208994266181839e-17,0.15300748898072367,2.3651995753932977e-38,0.0
1074,5,0.0,0.0012834678726012297,6.595274081658587e-05,7.271074797831873e-05,1.22409553083612e-49,0.9985778686386036
1075,5,0.0,0.0009263572523612288,6.909067329398598e-05,0.00015554394119473176,1.4736460843425825e-38,0.9988490081331499
1076,1,0.0,0.513287749599636,3.558396035071362e-18,0.486712250400364,3.113941164317175e-58,0.0
1077,2,0.0,0.044678236633293004,0.9327449072142341,0.022576856152472912,6.434885652285746e-18,0.0
1078,1,0.0,0.9990572810021273,7.984030362642704e-26,0.0009427189978724322,1.4979619110138004e-32,0.0
1079,1,0.0,0.9582034179476349,1.527893643338885e-17,0.041796582052365305,7.696909414902103e-31,0.0
1080,5,0.0,0.0007246353963790553,7.160134697502615e-05,0.00024302325334829564,5.0367763057085155e-29,0.9989607400032976
1081,1,0.0,0.9992222801864639,1.759126821433161e-17,0.000777719813536348,1.1938885884670254e-20,0.0
1082,1,0.0,0.8829030668312965,9.219923804988847e-11,0.11709693307650441,5.245725392835659e-25,0.0
1083,1,0.0,0.7242464398653949,1.2253604245092329e-05,0.2757413065303599,1.2793697426966807e-28,0.0
1084,1,0.0,0.7279995404794599,3.3380893278632436e-26,0.2720004595205399,1.8247871686188163e-54,0.0
1085,2,0.0,0.014552638866151837,0.9852253263606042,0.0002220347732437403,3.4936058857234272e-37,0.0
1086,1,0.0,0.9999424872489231,1.613100270527834e-17,5.751275107683014e-05,6.178019976795149e-18,0.0
1087,1,0.0,0.992952192436369,1.74132460089678e-17,0.0070478075636309185,6.010235491529902e-25,0.0
1088,4,0.0,0.014707156542056267,0.20322904412210457,0.0015448261406033666,0.7805189731952357,0.0
1089,1,0.0,0.9990261054775448,1.0593077047832318e-10,0.0009738943983580087,1.8166323152836275e-11,0.0
1090,2,0.0,0.02103793968154804,0.9789276128624705,3.444745598107528e-05,1.2058583335513703e-48,0.0
1091,1,0.0,0.8469925110192761,1.1208994266181839e-17,0.15300748898072367,2.3651995753932977e-38,0.0
1092,1,0.0,0.963144791012655,1.1075123035135811e-10,0.03685520887659375,6.833071186717258e-19,0.0
1093,1,0.0,0.9980793640665628,1.7427200430900614e-05,0.0018504564842868638,5.2752248719034056e-05,0.0
1094,1,0.0,0.9999100985355903,1.0880757119988488e-35,8.990146440995161e-05,1.0782687395873692e-41,0.0
1095,2,0.0,0.03975287091668099,0.9252273677010419,0.03501637547448069,3.385907796559327e-06,0.0
1096,2,0.0,0.009058284493304255,0.9872692821740457,0.0036724333326498084,6.857383237723751e-19,0.0
1097,5,0.0,0.000614413953932518,7.341606514069612e-05,0.0002773548470713034,4.888174174308396e-21,0.9990348151338554
1098,4,0.0,0.023229776591300915,0.4184164401901885,0.007356204881561149,0.5509975783369494,0.0
1099,4,0.0,0.023229776591300915,0.4184164401901885,0.007356204881561149,0.5509975783369494,0.0
1100,2,0.0,0.008146383499022684,0.9824352357935285,0.009418380702805512,4.643212371108572e-12,0.0
1101,1,0.0,0.7634882333319652,6.609089581708991e-11,0.2365117666019438,9.951695723585918e-33,0.0
1102,1,0.0,0.9882746365503297,2.0581066346158434e-05,0.01170324673345439,1.535649869568172e-06,0.0
1103,2,0.0,0.03975287091668099,0.9252273677010419,0.03501637547448069,3.385907796559327e-06,0.0
1104,1,0.0,0.8711729098313418,1.9626953841802524e-05,0.12880746321479525,2.103286282833328e-14,0.0
1105,5,0.0,0.000614413953932518,7.341606514069612e-05,0.0002773548470713034,4.888174174308396e-21,0.9990348151338554
1106,5,0.0,0.000562615357964762,7.476551981030677e-05,0.00014081768835168317,1.0541545976728687e-09,0.9992218003797185
1107,1,0.0,0.9514791135126709,2.1571721867132835e-05,0.048499313626821826,1.1386402341089261e-09,0.0
1108,5,0.0,0.0005647138612905943,7.448254772072222e-05,0.00023122897358866072,1.3471023221153347e-14,0.9991295746173864
1109,1,0.0,0.9926149130796877,1.147223684226618e-10,0.007385086805567764,2.202779628331621e-14,0.0
1110,2,0.0,0.008146383499022684,0.9824352357935285,0.009418380702805512,4.643212371108572e-12,0.0
1111,2,0.0,0.009058284493304255,0.9872692821740457,0.0036724333326498084,6.857383237723751e-19,0.0
1112,2,0.0,0.009058284493304255,0.9872692821740457,0.0036724333326498084,6.857383237723751e-19,0.0
1113,2,0.0,0.014552638866151837,0.9852253263606042,0.0002220347732437403,3.4936058857234272e-37,0.0
1114,1,0.0,0.7242464398653949,1.2253604245092329e-05,0.2757413065303599,1.2793697426966807e-28,0.0
1115,1,0.0,0.9514791135126709,2.1571721867132835e-05,0.048499313626821826,1.1386402341089261e-09,0.0
1116,2,0.0,0.009058284493304255,0.9872692821740457,0.0036724333326498084,6.857383237723751e-19,0.0
1117,4,0.0,0.023229776591300915,0.4184164401901885,0.007356204881561149,0.5509975783369494,0.0
1118,3,0.0,0.19082059031851828,2.2081880254153278e-27,0.8091794096814817,4.644976815117944e-91,0.0
1119,1,0.0,0.7242464398653949,1.2253604245092329e-05,0.2757413065303599,1.2793697426966807e-28,0.0
1120,2,0.0,0.04282314553391563,0.917733481341192,0.027551036833367543,0.011892336291524742,0.0
1121,2,0.0,0.005662081367967568,0.5350191874216325,0.014218508311724795,0.4451002228986753,0.0
1122,2,0.0,0.03975287091668099,0.9252273677010419,0.03501637547448069,3.385907796559327e-06,0.0
1123,3,0.0,0.03617568504770754,2.353241578561943e-49,0.9638243149522924,3.315301760098134e-109,0.0
1124,1,0.0,0.8135492019048716,5.17728048888519e-19,0.18645079809512838,2.4325653522448967e-116,0.0
1125,1,0.0,0.513287749599636,3.558396035071362e-18,0.486712250400364,3.113941164317175e-58,0.0
1126,3,0.0,0.011562664969870221,3.969882889705041e-50,0.9884373350301299,1.8081985263554601e-124,0.0
1127,5,0.0,0.000562615357964762,7.476551981030677e-05,0.00014081768835168317,1.0541545976728687e-09,0.9992218003797185
1128,2,0.0,0.00799843806585677,0.974229628168964,0.017771034611000217,8.991541789826387e-07,0.0
1129,3,0.0,0.1761915226480298,4.842243663505374e-37,0.82380847735197,1.1880716289302111e-85,0.0
1130,2,0.0,0.054186761723166416,0.9343401039026026,0.011473134374230956,4.3028695179421225e-26,0.0
1131,2,0.0,0.044678236633293004,0.9327449072142341,0.022576856152472912,6.434885652285746e-18,0.0
1132,5,0.0,0.0009018622179104882,7.089686000792104e-05,4.828781510731801e-06,0.0002646055766649916,0.9987578065639058
1133,5,0.0,0.0005647138612905943,7.448254772072222e-05,0.00023122897358866072,1.3471023221153347e-14,0.9991295746173864
1134,1,0.0,0.9514791135126709,2.1571721867132835e-05,0.048499313626821826,1.1386402341089261e-09,0.0
1135,2,0.0,0.00799843806585677,0.974229628168964,0.017771034611000217,8.991541789826387e-07,0.0
1136,2,0.0,0.044678236633293004,0.9327449072142341,0.022576856152472912,6.434885652285746e-18,0.0
1137,2,0.0,0.040184936381756284,0.9271561302060557,0.032658933384688685,2.7499321496801488e-11,0.0
1138,1,0.0,0.7242464398653949,1.2253604245092329e-05,0.2757413065303599,1.2793697426966807e-28,0.0
1139,1,0.0,0.8829030668312965,9.219923804988847e-11,0.11709693307650441,5.245725392835659e-25,0.0
1140,1,0.0,0.7757701293744377,1.5853028303515146e-05,0.22421401759725884,9.898465962774617e-21,0.0
1141,2,0.0,0.008565447283555497,0.961813608195577,0.024645998606846506,0.004974945914021096,0.0
1142,2,0.0,0.04282314553391563,0.917733481341192,0.027551036833367543,0.011892336291524742,0.0
1143,5,0.0,0.000562615357964762,7.476551981030677e-05,0.00014081768835168317,1.0541545976728687e-09,0.9992218003797185
1144,2,0.0,0.054186761723166416,0.9343401039026026,0.011473134374230956,4.3028695179421225e-26,0.0
1145,2,0.0,0.07112770858865036,0.9246198156087149,0.004252475802634642,8.157517570611718e-36,0.0
1146,5,0.0,0.0007246353963790553,7.160134697502615e-05,0.00024302325334829564,5.0367763057085155e-29,0.9989607400032976
1147,5,0.0,0.0005647138612905943,7.448254772072222e-05,0.00023122897358866072,1.3471023221153347e-14,0.9991295746173864
1148,3,0.0,0.03617568504770754,2.353241578561943e-49,0.9638243149522924,3.315301760098134e-109,0.0
1149,5,0.0,0.000614413953932518,7.341606514069612e-05,0.0002773548470713034,4.888174174308396e-21,0.9990348151338554
1150,2,0.0,0.040184936381756284,0.9271561302060557,0.032658933384688685,2.7499321496801488e-11,0.0
1151,2,0.0,0.03975287091668099,0.9252273677010419,0.03501637547448069,3.385907796559327e-06,0.0
1152,3,0.0,0.2631541020339046,5.279246990963725e-27,0.7368458979660955,2.4693084355546306e-77,0.0
1153,1,0.0,0.73008191568812,2.0820529529366738e-11,0.26991808429105957,3.246962605817595e-65,0.0
1154,3,0.0,0.19082059031851828,2.2081880254153278e-27,0.8091794096814817,4.644976815117944e-91,0.0
1155,2,0.0,0.04282314553391563,0.917733481341192,0.027551036833367543,0.011892336291524742,0.0
1156,2,0.0,0.044678236633293004,0.9327449072142341,0.022576856152472912,6.434885652285746e-18,0.0
1157,1,0.0,0.963144791012655,1.1075123035135811e-10,0.03685520887659375,6.833071186717258e-19,0.0
1158,0,0.9998777301445174,1.7524064091248478e-06,1.9961369160230536e-05,2.608171246863539e-05,7.447436744469357e-05,0.0
1159,5,0.0,0.0009018622179104882,7.089686000792104e-05,4.828781510731801e-06,0.0002646055766649916,0.9987578065639058
1160,1,0.0,0.9997439977321237,1.3359534878990295e-05,0.00019556016934408263,4.7082563653493773e-05,0.0
1161,2,0.0,0.04282314553391563,0.917733481341192,0.027551036833367543,0.011892336291524742,0.0
1162,4,0.0,0.0028266911403110537,0.20515950652243797,0.004174750784688717,0.7878390515525621,0.0
1163,5,0.0,0.0009018622179104882,7.089686000792104e-05,4.828781510731801e-06,0.0002646055766649916,0.9987578065639058
1164,5,0.0,0.0009263572523612288,6.909067329398598e-05,0.00015554394119473176,1.4736460843425825e-38,0.9988490081331499
1165,2,0.0,0.03975287091668099,0.9252273677010419,0.03501637547448069,3.385907796559327e-06,0.0
