respondent,assigned_class,post_profile_0,post_profile_1,post_profile_2,post_profile_3,post_profile_4,post_profile_5,post_profile_6
0,4,8.554546511647665e-05,7.086063774423195e-06,0.0,6.627626221502449e-05,0.9998372206426205,3.871566273640906e-06,0.0
1,6,8.03256906960958e-05,1.0708990045355158e-17,0.0,4.3656922615751195e-20,0.0,2.9305929003410136e-10,0.9999196740162446
2,4,7.687693243521725e-05,5.007087716623033e-06,0.0,7.34790862538437e-05,0.9998422206610154,2.416232578960105e-06,0.0
3,4,8.08767611298097e-05,1.0128802290381307e-06,0.0,0.0002476461665388931,0.9996681166380463,2.3475540558962833e-06,0.0
4,1,4.998291876417568e-17,0.5899529839996792,0.0,0.01602138975875547,0.0,0.3940256262415652,0.0
5,3,2.152724697023599e-11,0.4412330319916169,0.0,0.540798652428411,0.0,0.017968315558444813,0.0
6,6,0.00010564742175550887,4.179789445630025e-16,0.0,3.231701881225863e-20,0.0,6.386910535530794e-10,0.999894351939553
7,4,8.554546511647665e-05,7.086063774423195e-06,0.0,6.627626221502449e-05,0.9998372206426205,3.871566273640906e-06,0.0
8,4,8.554546511647665e-05,7.086063774423195e-06,0.0,6.627626221502449e-05,0.9998372206426205,3.871566273640906e-06,0.0
9,3,1.236967647485555e-05,0.05607276650801913,0.0,0.9355318701974386,0.0,0.008382993618067679,0.0
10,3,8.59013677358494e-11,0.35931067867833866,0.0,0.6117843493999806,0.0,0.028904971835779447,0.0
11,3,7.802747663615412e-06,0.04587029563661648,0.0,0.9503743091455186,0.0,0.0037475924702014443,0.0
12,0,0.9999460358003717,1.5977200199779238e-07,0.0,2.7472233509735677e-11,0.0,5.380440015414061e-05,0.0
13,4,7.687693243521725e-05,5.007087716623033e-06,0.0,7.34790862538437e-05,0.9998422206610154,2.416232578960105e-06,0.0
14,0,0.9999895060089817,2.404713496177979e-08,0.0,3.6155790639844315e-11,0.0,1.0469907727426812e-05,0.0
15,0,0.9999943118642458,8.415510088269047e-09,0.0,4.354461643421086e-11,0.0,5.679676699513939e-06,0.0
16,6,6.046525373222814e-05,3.4485893109453896e-13,0.0,7.752398479485433e-21,0.0,1.4428800047533201e-08,0.999939520317123
17,4,8.554546511647665e-05,7.086063774423195e-06,0.0,6.627626221502449e-05,0.9998372206426205,3.871566273640906e-06,0.0
18,2,1.39016471494221e-05,8.992335049750125e-13,0.5274361772357831,1.5794612925374473e-21,0.0,3.7887296391648886e-08,0.4725498832288717
19,0,0.9998496432947711,3.714753861113283e-07,0.0,2.513863008288035e-11,0.0,0.0001499852047041941,0.0
20,6,6.046525373222814e-05,3.4485893109453896e-13,0.0,7.752398479485433e-21,0.0,1.4428800047533201e-08,0.999939520317123
21,4,8.554546511647665e-05,7.086063774423195e-06,0.0,6.627626221502449e-05,0.9998372206426205,3.871566273640906e-06,0.0
22,5,6.322182939382998e-36,0.00025299122603837605,0.0,2.298624429149062e-12,0.0,0.9997470087716629,0.0
23,1,3.7057343889457184e-19,0.9435940817491019,0.0,0.0013141821962760864,0.0,0.05509173605462218,0.0
24,0,0.9999895060089817,2.404713496177979e-08,0.0,3.6155790639844315e-11,0.0,1.0469907727426812e-05,0.0
25,2,0.001259049821585491,1.015480477416107e-09,0.9987403447790473,2.992407080459989e-14,0.0,6.043838566177605e-07,0.0
26,4,8.554546511647665e-05,7.086063774423195e-06,0.0,6.627626221502449e-05,0.9998372206426205,3.871566273640906e-06,0.0
27,2,0.001259049821585491,1.015480477416107e-09,0.9987403447790473,2.992407080459989e-14,0.0,6.043838566177605e-07,0.0
28,0,0.9995005408779141,4.270112595752027e-05,0.0,4.491460588204301e-06,0.0,0.0004522665355403516,0.0
29,3,4.3535128011777855e-06,0.02521520304314365,0.0,0.9722080137650291,0.0,0.002572429679026221,0.0
30,6,7.79250281349768e-05,1.1904752756677657e-13,0.0,1.1142250779191337e-20,0.0,6.766675922766944e-09,0.9999220682050702
31,4,9.985351971380354e-05,9.820925950812208e-06,0.0,6.477375124267313e-05,0.9998180824356885,7.469367404315191e-06,0.0
32,4,8.554546511647665e-05,7.086063774423195e-06,0.0,6.627626221502449e-05,0.9998372206426205,3.871566273640906e-06,0.0
33,3,8.59013677358494e-11,0.35931067867833866,0.0,0.6117843493999806,0.0,0.028904971835779447,0.0
34,4,8.554546511647665e-05,7.086063774423195e-06,0.0,6.627626221502449e-05,0.9998372206426205,3.871566273640906e-06,0.0
35,0,0.9995005408779141,4.270112595752027e-05,0.0,4.491460588204301e-06,0.0,0.0004522665355403516,0.0
36,3,1.236967647485555e-05,0.05607276650801913,0.0,0.9355318701974386,0.0,0.008382993618067679,0.0
37,4,8.554546511647665e-05,7.086063774423195e-06,0.0,6.627626221502449e-05,0.9998372206426205,3.871566273640906e-06,0.0
38,4,7.166222967442272e-05,2.348161151450045e-06,0.0,0.00011489877905115728,0.999809448009515,1.6428206078289406e-06,0.0
39,4,9.230018839392754e-05,6.446566040572498e-07,0.0,0.000410037747785642,0.9994933100363383,3.70737087796399e-06,0.0
40,4,7.247044501767888e-05,3.4649203416619787e-06,0.0,8.827071750720538e-05,0.9998339782328897,1.8156842436555283e-06,0.0
41,0,0.9999460358003717,1.5977200199779238e-07,0.0,2.7472233509735677e-11,0.0,5.380440015414061e-05,0.0
42,2,1.39016471494221e-05,8.992335049750125e-13,0.5274361772357831,1.5794612925374473e-21,0.0,3.7887296391648886e-08,0.4725498832288717
43,3,1.489218719775696e-05,0.05347491308729993,0.0,0.9317669571278138,0.0,0.014743237597688499,0.0
44,4,0.00012226226796021035,1.3329829164850664e-05,0.0,6.859368205331706e-05,0.9997784631072436,1.7351113578193305e-05,0.0
45,3,7.802747663615412e-06,0.04587029563661648,0.0,0.9503743091455186,0.0,0.0037475924702014443,0.0
46,1,5.2294625293577055e-18,0.9326736070737094,0.0,0.0038657561808668724,0.0,0.06346063674542375,0.0
47,5,1.0870960388724702e-25,0.24232236781217098,0.0,1.958378356221521e-06,0.0,0.7576756738094724,0.0
48,0,0.9995005408779141,4.270112595752027e-05,0.0,4.491460588204301e-06,0.0,0.0004522665355403516,0.0
49,0,0.9999895060089817,2.404713496177979e-08,0.0,3.6155790639844315e-11,0.0,1.0469907727426812e-05,0.0
50,1,1.1498326616073074e-17,0.8884907451716046,0.0,0.006228226899293377,0.0,0.10528102792910207,0.0
51,3,5.923856226278141e-06,0.03577476406506516,0.0,0.9612737587573726,0.0,0.002945553321335698,0.0
52,4,7.247044501767888e-05,3.4649203416619787e-06,0.0,8.827071750720538e-05,0.9998339782328897,1.8156842436555283e-06,0.0
53,3,1.236967647485555e-05,0.05607276650801913,0.0,0.9355318701974386,0.0,0.008382993618067679,0.0
54,5,2.897606187839182e-37,0.27714952002140575,0.0,7.135016881823976e-13,0.0,0.7228504799778805,0.0
55,3,5.923856226278141e-06,0.03577476406506516,0.0,0.9612737587573726,0.0,0.002945553321335698,0.0
56,4,7.687693243521725e-05,5.007087716623033e-06,0.0,7.34790862538437e-05,0.9998422206610154,2.416232578960105e-06,0.0
57,2,1.39016471494221e-05,8.992335049750125e-13,0.5274361772357831,1.5794612925374473e-21,0.0,3.7887296391648886e-08,0.4725498832288717
58,2,1.39016471494221e-05,8.992335049750125e-13,0.5274361772357831,1.5794612925374473e-21,0.0,3.7887296391648886e-08,0.4725498832288717
59,2,1.39016471494221e-05,8.992335049750125e-13,0.5274361772357831,1.5794612925374473e-21,0.0,3.7887296391648886e-08,0.4725498832288717
60,6,9.353987502015638e-05,3.573634196920349e-14,0.0,1.540777192168694e-20,0.0,3.3927588445472e-09,0.9999064567321855
61,2,1.39016471494221e-05,8.992335049750125e-13,0.5274361772357831,1.5794612925374473e-21,0.0,3.7887296391648886e-08,0.4725498832288717
62,3,6.04624727156723e-11,0.41712401584464126,0.0,0.5621139742411533,0.0,0.020762009853743154,0.0
63,6,4.3700098431458424e-05,8.687049219024051e-13,0.0,5.189532206609652e-21,0.0,3.289397809516881e-08,0.9999562670067219
64,0,0.9998496432947711,3.714753861113283e-07,0.0,2.513863008288035e-11,0.0,0.0001499852047041941,0.0
65,6,6.046525373222814e-05,3.4485893109453896e-13,0.0,7.752398479485433e-21,0.0,1.4428800047533201e-08,0.999939520317123
66,0,0.9998496432947711,3.714753861113283e-07,0.0,2.513863008288035e-11,0.0,0.0001499852047041941,0.0
67,6,0.00010458430560650305,9.328499832511545e-15,0.0,2.0499251748908764e-20,0.0,1.8187132975305206e-09,0.9998954138756709
68,0,0.9995005408779141,4.270112595752027e-05,0.0,4.491460588204301e-06,0.0,0.0004522665355403516,0.0
69,4,8.554546511647665e-05,7.086063774423195e-06,0.0,6.627626221502449e-05,0.9998372206426205,3.871566273640906e-06,0.0
70,4,0.00012226226796021035,1.3329829164850664e-05,0.0,6.859368205331706e-05,0.9997784631072436,1.7351113578193305e-05,0.0
71,2,1.39016471494221e-05,8.992335049750125e-13,0.5274361772357831,1.5794612925374473e-21,0.0,3.7887296391648886e-08,0.4725498832288717
72,2,1.39016471494221e-05,8.992335049750125e-13,0.5274361772357831,1.5794612925374473e-21,0.0,3.7887296391648886e-08,0.4725498832288717
73,2,0.001259049821585491,1.015480477416107e-09,0.9987403447790473,2.992407080459989e-14,0.0,6.043838566177605e-07,0.0
74,1,1.1249049158576436e-27,0.8815335041699437,0.0,1.1981735209581502e-07,0.0,0.11846637601270434,0.0
75,4,9.985351971380354e-05,9.820925950812208e-06,0.0,6.477375124267313e-05,0.9998180824356885,7.469367404315191e-06,0.0
76,1,1.1498326616073074e-17,0.8884907451716046,0.0,0.006228226899293377,0.0,0.10528102792910207,0.0
77,4,7.166222967442272e-05,2.348161151450045e-06,0.0,0.00011489877905115728,0.999809448009515,1.6428206078289406e-06,0.0
78,0,0.9999460358003717,1.5977200199779238e-07,0.0,2.7472233509735677e-11,0.0,5.380440015414061e-05,0.0
79,3,7.802747663615412e-06,0.04587029563661648,0.0,0.9503743091455186,0.0,0.0037475924702014443,0.0
80,5,1.859357245408889e-61,5.937267573832705e-10,0.0,3.2232174223623874e-29,0.0,0.999999999406274,0.0
81,4,0.00015702737219007538,1.771791684960244e-05,0.0,7.87053709068048e-05,0.9996980195456995,4.8529794354145134e-05,0.0
82,2,3.681726475380514e-05,4.013803066504497e-06,0.8259512341149247,1.7029394545080928e-05,0.17396246300475052,2.8442417959591446e-05,0.0
83,3,1.489218719775696e-05,0.05347491308729993,0.0,0.9317669571278138,0.0,0.014743237597688499,0.0
84,3,5.923856226278141e-06,0.03577476406506516,0.0,0.9612737587573726,0.0,0.002945553321335698,0.0
85,1,1.1498326616073074e-17,0.8884907451716046,0.0,0.006228226899293377,0.0,0.10528102792910207,0.0
86,0,0.9997584183494967,2.5705452290990558e-05,0.0,5.132365170354215e-06,0.0,0.0002107438330418483,0.0
87,0,0.9999467960707927,1.6967718562712072e-06,0.0,1.2091619310999e-05,0.0,3.941553804007201e-05,0.0
88,0,0.9998496432947711,3.714753861113283e-07,0.0,2.513863008288035e-11,0.0,0.0001499852047041941,0.0
89,2,0.0014996963138832714,1.4394550035829943e-07,0.9984954250511128,5.6913601517477004e-09,0.0,4.728998143472087e-06,0.0
90,4,8.554546511647665e-05,7.086063774423195e-06,0.0,6.627626221502449e-05,0.9998372206426205,3.871566273640906e-06,0.0
91,3,1.236967647485555e-05,0.05607276650801913,0.0,0.9355318701974386,0.0,0.008382993618067679,0.0
92,3,1.730622568153091e-05,0.045957246942005724,0.0,0.9252968743678995,0.0,0.028728572464413016,0.0
93,6,0.00010458430560650305,9.328499832511545e-15,0.0,2.0499251748908764e-20,0.0,1.8187132975305206e-09,0.9998954138756709
94,0,0.9997584183494967,2.5705452290990558e-05,0.0,5.132365170354215e-06,0.0,0.0002107438330418483,0.0
95,4,8.554546511647665e-05,7.086063774423195e-06,0.0,6.627626221502449e-05,0.9998372206426205,3.871566273640906e-06,0.0
96,2,3.681726475380514e-05,4.013803066504497e-06,0.8259512341149247,1.7029394545080928e-05,0.17396246300475052,2.8442417959591446e-05,0.0
97,2,3.681726475380514e-05,4.013803066504497e-06,0.8259512341149247,1.7029394545080928e-05,0.17396246300475052,2.8442417959591446e-05,0.0
98,2,3.681726475380514e-05,4.013803066504497e-06,0.8259512341149247,1.7029394545080928e-05,0.17396246300475052,2.8442417959591446e-05,0.0
99,0,0.9999158604011553,7.577529924024958e-06,0.0,7.383559857871472e-06,0.0,6.91785090627512e-05,0.0
100,0,0.9998667955877587,1.4444692337470202e-05,0.0,6.0570880456767934e-06,0.0,0.00011270263185809902,0.0
101,2,0.001259049821585491,1.015480477416107e-09,0.9987403447790473,2.992407080459989e-14,0.0,6.043838566177605e-07,0.0
102,0,0.9988161379559544,6.619573985546894e-05,0.0,4.058387691853059e-06,0.0,0.0011136079164983936,0.0
103,2,0.001259049821585491,1.015480477416107e-09,0.9987403447790473,2.992407080459989e-14,0.0,6.043838566177605e-07,0.0
104,0,0.9997584183494967,2.5705452290990558e-05,0.0,5.132365170354215e-06,0.0,0.0002107438330418483,0.0
105,4,7.687693243521725e-05,5.007087716623033e-06,0.0,7.34790862538437e-05,0.9998422206610154,2.416232578960105e-06,0.0
106,0,0.9995005408779141,4.270112595752027e-05,0.0,4.491460588204301e-06,0.0,0.0004522665355403516,0.0
107,2,3.681726475380514e-05,4.013803066504497e-06,0.8259512341149247,1.7029394545080928e-05,0.17396246300475052,2.8442417959591446e-05,0.0
108,0,0.9999460358003717,1.5977200199779238e-07,0.0,2.7472233509735677e-11,0.0,5.380440015414061e-05,0.0
109,2,0.0014996963138832714,1.4394550035829943e-07,0.9984954250511128,5.6913601517477004e-09,0.0,4.728998143472087e-06,0.0
110,0,0.9988161379559544,6.619573985546894e-05,0.0,4.058387691853059e-06,0.0,0.0011136079164983936,0.0
111,4,0.00012226226796021035,1.3329829164850664e-05,0.0,6.859368205331706e-05,0.9997784631072436,1.7351113578193305e-05,0.0
112,2,1.39016471494221e-05,8.992335049750125e-13,0.5274361772357831,1.5794612925374473e-21,0.0,3.7887296391648886e-08,0.4725498832288717
113,6,6.046525373222814e-05,3.4485893109453896e-13,0.0,7.752398479485433e-21,0.0,1.4428800047533201e-08,0.999939520317123
114,0,0.9988161379559544,6.619573985546894e-05,0.0,4.058387691853059e-06,0.0,0.0011136079164983936,0.0
115,3,1.489218719775696e-05,0.05347491308729993,0.0,0.9317669571278138,0.0,0.014743237597688499,0.0
116,0,0.999977782294173,6.415127841199618e-08,0.0,3.100984485967844e-11,0.0,2.2153523538747307e-05,0.0
117,2,1.39016471494221e-05,8.992335049750125e-13,0.5274361772357831,1.5794612925374473e-21,0.0,3.7887296391648886e-08,0.4725498832288717
118,2,0.001259049821585491,1.015480477416107e-09,0.9987403447790473,2.992407080459989e-14,0.0,6.043838566177605e-07,0.0
119,0,0.9999158604011553,7.577529924024958e-06,0.0,7.383559857871472e-06,0.0,6.91785090627512e-05,0.0
120,1,2.4763510597812266e-18,0.9517026783720949,0.0,0.0025805874196361115,0.0,0.045716734208269175,0.0
121,3,1.730622568153091e-05,0.045957246942005724,0.0,0.9252968743678995,0.0,0.028728572464413016,0.0
122,1,1.1498326616073074e-17,0.8884907451716046,0.0,0.006228226899293377,0.0,0.10528102792910207,0.0
123,1,6.583112087043509e-19,0.9559594554209702,0.0,0.001502586757539116,0.0,0.04253795782149082,0.0
124,6,7.79250281349768e-05,1.1904752756677657e-13,0.0,1.1142250779191337e-20,0.0,6.766675922766944e-09,0.9999220682050702
125,6,9.353987502015638e-05,3.573634196920349e-14,0.0,1.540777192168694e-20,0.0,3.3927588445472e-09,0.9999064567321855
126,6,4.3700098431458424e-05,8.687049219024051e-13,0.0,5.189532206609652e-21,0.0,3.289397809516881e-08,0.9999562670067219
127,4,8.554546511647665e-05,7.086063774423195e-06,0.0,6.627626221502449e-05,0.9998372206426205,3.871566273640906e-06,0.0
128,0,0.9997584183494967,2.5705452290990558e-05,0.0,5.132365170354215e-06,0.0,0.0002107438330418483,0.0
129,0,0.9998496432947711,3.714753861113283e-07,0.0,2.513863008288035e-11,0.0,0.0001499852047041941,0.0
130,4,9.985351971380354e-05,9.820925950812208e-06,0.0,6.477375124267313e-05,0.9998180824356885,7.469367404315191e-06,0.0
131,0,0.9999964605881363,2.7495300993686918e-09,0.0,5.417155014310834e-11,0.0,3.5366081622588184e-06,0.0
132,4,7.687693243521725e-05,5.007087716623033e-06,0.0,7.34790862538437e-05,0.9998422206610154,2.416232578960105e-06,0.0
133,0,0.9999158604011553,7.577529924024958e-06,0.0,7.383559857871472e-06,0.0,6.91785090627512e-05,0.0
134,3,4.3535128011777855e-06,0.02521520304314365,0.0,0.9722080137650291,0.0,0.002572429679026221,0.0
135,3,7.802747663615412e-06,0.04587029563661648,0.0,0.9503743091455186,0.0,0.0037475924702014443,0.0
136,3,7.802747663615412e-06,0.04587029563661648,0.0,0.9503743091455186,0.0,0.0037475924702014443,0.0
137,0,0.9995005408779141,4.270112595752027e-05,0.0,4.491460588204301e-06,0.0,0.0004522665355403516,0.0
138,0,0.9999467960707927,1.6967718562712072e-06,0.0,1.2091619310999e-05,0.0,3.941553804007201e-05,0.0
139,3,1.1930680119866043e-10,0.28248024808635913,0.0,0.6723642805197685,0.0,0.04515547127456548,0.0
140,0,0.9995005408779141,4.270112595752027e-05,0.0,4.491460588204301e-06,0.0,0.0004522665355403516,0.0
141,0,0.9998667955877587,1.4444692337470202e-05,0.0,6.0570880456767934e-06,0.0,0.00011270263185809902,0.0
142,0,0.9995005408779141,4.270112595752027e-05,0.0,4.491460588204301e-06,0.0,0.0004522665355403516,0.0
143,4,9.985351971380354e-05,9.820925950812208e-06,0.0,6.477375124267313e-05,0.9998180824356885,7.469367404315191e-06,0.0
144,0,0.9999964605881363,2.7495300993686918e-09,0.0,5.417155014310834e-11,0.0,3.5366081622588184e-06,0.0
145,4,7.247044501767888e-05,3.4649203416619787e-06,0.0,8.827071750720538e-05,0.9998339782328897,1.8156842436555283e-06,0.0
146,4,8.554546511647665e-05,7.086063774423195e-06,0.0,6.627626221502449e-05,0.9998372206426205,3.871566273640906e-06,0.0
147,0,0.9999460358003717,1.5977200199779238e-07,0.0,2.7472233509735677e-11,0.0,5.380440015414061e-05,0.0
148,5,6.18062684480764e-36,3.6232543435908816e-05,0.0,1.830033602674541e-12,0.0,0.9999637674547337,0.0
149,6,0.00010564742175550887,4.179789445630025e-16,0.0,3.231701881225863e-20,0.0,6.386910535530794e-10,0.999894351939553
150,0,0.9999382526254033,3.711056119886547e-06,0.0,9.296885227597832e-06,0.0,4.8739433249505176e-05,0.0
151,6,9.353987502015638e-05,3.573634196920349e-14,0.0,1.540777192168694e-20,0.0,3.3927588445472e-09,0.9999064567321855
152,4,7.687693243521725e-05,5.007087716623033e-06,0.0,7.34790862538437e-05,0.9998422206610154,2.416232578960105e-06,0.0
153,6,9.353987502015638e-05,3.573634196920349e-14,0.0,1.540777192168694e-20,0.0,3.3927588445472e-09,0.9999064567321855
154,6,7.79250281349768e-05,1.1904752756677657e-13,0.0,1.1142250779191337e-20,0.0,6.766675922766944e-09,0.9999220682050702
155,6,7.79250281349768e-05,1.1904752756677657e-13,0.0,1.1142250779191337e-20,0.0,6.766675922766944e-09,0.9999220682050702
156,4,9.985351971380354e-05,9.820925950812208e-06,0.0,6.477375124267313e-05,0.9998180824356885,7.469367404315191e-06,0.0
157,0,0.9999964605881363,2.7495300993686918e-09,0.0,5.417155014310834e-11,0.0,3.5366081622588184e-06,0.0
158,3,1.236967647485555e-05,0.05607276650801913,0.0,0.9355318701974386,0.0,0.008382993618067679,0.0
159,0,0.999977782294173,6.415127841199618e-08,0.0,3.100984485967844e-11,0.0,2.2153523538747307e-05,0.0
160,3,5.923856226278141e-06,0.03577476406506516,0.0,0.9612737587573726,0.0,0.002945553321335698,0.0
161,4,8.554546511647665e-05,7.086063774423195e-06,0.0,6.627626221502449e-05,0.9998372206426205,3.871566273640906e-06,0.0
162,0,0.9999382526254033,3.711056119886547e-06,0.0,9.296885227597832e-06,0.0,4.8739433249505176e-05,0.0
163,1,2.4763510597812266e-18,0.9517026783720949,0.0,0.0025805874196361115,0.0,0.045716734208269175,0.0
164,5,2.897606187839182e-37,0.27714952002140575,0.0,7.135016881823976e-13,0.0,0.7228504799778805,0.0
165,5,2.0189118665656589e-50,0.02365662219778232,0.0,3.354776210109155e-21,0.0,0.9763433778022172,0.0
166,3,4.3535128011777855e-06,0.02521520304314365,0.0,0.9722080137650291,0.0,0.002572429679026221,0.0
167,2,0.0014996963138832714,1.4394550035829943e-07,0.9984954250511128,5.6913601517477004e-09,0.0,4.728998143472087e-06,0.0
168,4,7.687693243521725e-05,5.007087716623033e-06,0.0,7.34790862538437e-05,0.9998422206610154,2.416232578960105e-06,0.0
169,0,0.9998667955877587,1.4444692337470202e-05,0.0,6.0570880456767934e-06,0.0,0.00011270263185809902,0.0
170,4,7.687693243521725e-05,5.007087716623033e-06,0.0,7.34790862538437e-05,0.9998422206610154,2.416232578960105e-06,0.0
171,2,0.0014996963138832714,1.4394550035829943e-07,0.9984954250511128,5.6913601517477004e-09,0.0,4.728998143472087e-06,0.0
172,0,0.9999382526254033,3.711056119886547e-06,0.0,9.296885227597832e-06,0.0,4.8739433249505176e-05,0.0
173,4,7.247044501767888e-05,3.4649203416619787e-06,0.0,8.827071750720538e-05,0.9998339782328897,1.8156842436555283e-06,0.0
174,2,1.39016471494221e-05,8.992335049750125e-13,0.5274361772357831,1.5794612925374473e-21,0.0,3.7887296391648886e-08,0.4725498832288717
175,0,0.9999964605881363,2.7495300993686918e-09,0.0,5.417155014310834e-11,0.0,3.5366081622588184e-06,0.0
176,3,4.2442394666444954e-11,0.45086912681572644,0.0,0.5320591205995429,0.0,0.017071752542288182,0.0
177,0,0.9999895060089817,2.404713496177979e-08,0.0,3.6155790639844315e-11,0.0,1.0469907727426812e-05,0.0
178,2,0.0014996963138832714,1.4394550035829943e-07,0.9984954250511128,5.6913601517477004e-09,0.0,4.728998143472087e-06,0.0
179,0,0.9995005408779141,4.270112595752027e-05,0.0,4.491460588204301e-06,0.0,0.0004522665355403516,0.0
180,4,7.247044501767888e-05,3.4649203416619787e-06,0.0,8.827071750720538e-05,0.9998339782328897,1.8156842436555283e-06,0.0
181,0,0.9995005408779141,4.270112595752027e-05,0.0,4.491460588204301e-06,0.0,0.0004522665355403516,0.0
182,2,0.001259049821585491,1.015480477416107e-09,0.9987403447790473,2.992407080459989e-14,0.0,6.043838566177605e-07,0.0
183,5,2.2011141151710515e-81,1.7442198414005683e-06,0.0,3.696431158522958e-43,0.0,0.9999982557801582,0.0
184,6,9.353987502015638e-05,3.573634196920349e-14,0.0,1.540777192168694e-20,0.0,3.3927588445472e-09,0.9999064567321855
185,0,0.9999964605881363,2.7495300993686918e-09,0.0,5.417155014310834e-11,0.0,3.5366081622588184e-06,0.0
186,3,4.2442394666444954e-11,0.45086912681572644,0.0,0.5320591205995429,0.0,0.017071752542288182,0.0
187,3,6.04624727156723e-11,0.41712401584464126,0.0,0.5621139742411533,0.0,0.020762009853743154,0.0
188,4,9.985351971380354e-05,9.820925950812208e-06,0.0,6.477375124267313e-05,0.9998180824356885,7.469367404315191e-06,0.0
189,0,0.9999158604011553,7.577529924024958e-06,0.0,7.383559857871472e-06,0.0,6.91785090627512e-05,0.0
190,6,6.046525373222814e-05,3.4485893109453896e-13,0.0,7.752398479485433e-21,0.0,1.4428800047533201e-08,0.999939520317123
191,0,0.9995005408779141,4.270112595752027e-05,0.0,4.491460588204301e-06,0.0,0.0004522665355403516,0.0
192,4,7.687693243521725e-05,5.007087716623033e-06,0.0,7.34790862538437e-05,0.9998422206610154,2.416232578960105e-06,0.0
193,0,0.9999467960707927,1.6967718562712072e-06,0.0,1.2091619310999e-05,0.0,3.941553804007201e-05,0.0
194,0,0.9999943118642458,8.415510088269047e-09,0.0,4.354461643421086e-11,0.0,5.679676699513939e-06,0.0
195,0,0.9999943118642458,8.415510088269047e-09,0.0,4.354461643421086e-11,0.0,5.679676699513939e-06,0.0
196,0,0.9999158604011553,7.577529924024958e-06,0.0,7.383559857871472e-06,0.0,6.91785090627512e-05,0.0
197,6,9.545125661045304e-05,7.174561832206533e-17,0.0,3.829362665141958e-20,0.0,4.184140566647701e-10,0.9999045483249754
198,2,0.0014996963138832714,1.4394550035829943e-07,0.9984954250511128,5.6913601517477004e-09,0.0,4.728998143472087e-06,0.0
199,0,0.9999895060089817,2.404713496177979e-08,0.0,3.6155790639844315e-11,0.0,1.0469907727426812e-05,0.0
200,6,7.79250281349768e-05,1.1904752756677657e-13,0.0,1.1142250779191337e-20,0.0,6.766675922766944e-09,0.9999220682050702
201,0,0.9999381848299358,2.8863593585926526e-07,0.0,2.2542979737763512e-05,0.0,3.898355439095723e-05,0.0
202,0,0.9998667955877587,1.4444692337470202e-05,0.0,6.0570880456767934e-06,0.0,0.00011270263185809902,0.0
203,0,0.9995005408779141,4.270112595752027e-05,0.0,4.491460588204301e-06,0.0,0.0004522665355403516,0.0
204,2,1.39016471494221e-05,8.992335049750125e-13,0.5274361772357831,1.5794612925374473e-21,0.0,3.7887296391648886e-08,0.4725498832288717
205,6,6.046525373222814e-05,3.4485893109453896e-13,0.0,7.752398479485433e-21,0.0,1.4428800047533201e-08,0.999939520317123
206,0,0.9999895060089817,2.404713496177979e-08,0.0,3.6155790639844315e-11,0.0,1.0469907727426812e-05,0.0
207,3,6.04624727156723e-11,0.41712401584464126,0.0,0.5621139742411533,0.0,0.020762009853743154,0.0
208,3,6.04624727156723e-11,0.41712401584464126,0.0,0.5621139742411533,0.0,0.020762009853743154,0.0
209,0,0.9999964605881363,2.7495300993686918e-09,0.0,5.417155014310834e-11,0.0,3.5366081622588184e-06,0.0
210,4,8.554546511647665e-05,7.086063774423195e-06,0.0,6.627626221502449e-05,0.9998372206426205,3.871566273640906e-06,0.0
211,0,0.9999467960707927,1.6967718562712072e-06,0.0,1.2091619310999e-05,0.0,3.941553804007201e-05,0.0
212,4,7.687693243521725e-05,5.007087716623033e-06,0.0,7.34790862538437e-05,0.9998422206610154,2.416232578960105e-06,0.0
213,3,3.0917194907409346e-06,0.016033752887392373,0.0,0.9814712657884455,0.0,0.002491889604671253,0.0
214,0,0.9995005408779141,4.270112595752027e-05,0.0,4.491460588204301e-06,0.0,0.0004522665355403516,0.0
215,2,0.0014996963138832714,1.4394550035829943e-07,0.9984954250511128,5.6913601517477004e-09,0.0,4.728998143472087e-06,0.0
216,0,0.9997584183494967,2.5705452290990558e-05,0.0,5.132365170354215e-06,0.0,0.0002107438330418483,0.0
217,0,0.9999382526254033,3.711056119886547e-06,0.0,9.296885227597832e-06,0.0,4.8739433249505176e-05,0.0
218,0,0.9999158604011553,7.577529924024958e-06,0.0,7.383559857871472e-06,0.0,6.91785090627512e-05,0.0
219,5,7.454015903016263e-17,0.31018299809445843,0.0,0.019295911271993156,0.0,0.6705210906335481,0.0
220,3,8.59013677358494e-11,0.35931067867833866,0.0,0.6117843493999806,0.0,0.028904971835779447,0.0
221,4,8.554546511647665e-05,7.086063774423195e-06,0.0,6.627626221502449e-05,0.9998372206426205,3.871566273640906e-06,0.0
222,4,7.687693243521725e-05,5.007087716623033e-06,0.0,7.34790862538437e-05,0.9998422206610154,2.416232578960105e-06,0.0
223,3,1.236967647485555e-05,0.05607276650801913,0.0,0.9355318701974386,0.0,0.008382993618067679,0.0
224,6,9.353987502015638e-05,3.573634196920349e-14,0.0,1.540777192168694e-20,0.0,3.3927588445472e-09,0.9999064567321855
225,0,0.999977782294173,6.415127841199618e-08,0.0,3.100984485967844e-11,0.0,2.2153523538747307e-05,0.0
226,6,9.353987502015638e-05,3.573634196920349e-14,0.0,1.540777192168694e-20,0.0,3.3927588445472e-09,0.9999064567321855
227,0,0.9997584183494967,2.5705452290990558e-05,0.0,5.132365170354215e-06,0.0,0.0002107438330418483,0.0
228,4,8.554546511647665e-05,7.086063774423195e-06,0.0,6.627626221502449e-05,0.9998372206426205,3.871566273640906e-06,0.0
229,2,1.39016471494221e-05,8.992335049750125e-13,0.5274361772357831,1.5794612925374473e-21,0.0,3.7887296391648886e-08,0.4725498832288717
230,4,9.985351971380354e-05,9.820925950812208e-06,0.0,6.477375124267313e-05,0.9998180824356885,7.469367404315191e-06,0.0
231,6,6.046525373222814e-05,3.4485893109453896e-13,0.0,7.752398479485433e-21,0.0,1.4428800047533201e-08,0.999939520317123
232,1,4.998291876417568e-17,0.5899529839996792,0.0,0.01602138975875547,0.0,0.3940256262415652,0.0
233,1,3.078896042698453e-27,0.857026762350012,0.0,2.1541760961438133e-07,0.0,0.14297302223237848,0.0
234,1,3.078896042698453e-27,0.857026762350012,0.0,2.1541760961438133e-07,0.0,0.14297302223237848,0.0
235,4,0.00012226226796021035,1.3329829164850664e-05,0.0,6.859368205331706e-05,0.9997784631072436,1.7351113578193305e-05,0.0
236,0,0.9999964605881363,2.7495300993686918e-09,0.0,5.417155014310834e-11,0.0,3.5366081622588184e-06,0.0
237,0,0.999977782294173,6.415127841199618e-08,0.0,3.100984485967844e-11,0.0,2.2153523538747307e-05,0.0
238,0,0.9999460358003717,1.5977200199779238e-07,0.0,2.7472233509735677e-11,0.0,5.380440015414061e-05,0.0
239,0,0.9999382526254033,3.711056119886547e-06,0.0,9.296885227597832e-06,0.0,4.8739433249505176e-05,0.0
240,0,0.9999382526254033,3.711056119886547e-06,0.0,9.296885227597832e-06,0.0,4.8739433249505176e-05,0.0
241,1,1.1249049158576436e-27,0.8815335041699437,0.0,1.1981735209581502e-07,0.0,0.11846637601270434,0.0
242,1,3.078896042698453e-27,0.857026762350012,0.0,2.1541760961438133e-07,0.0,0.14297302223237848,0.0
243,5,2.897606187839182e-37,0.27714952002140575,0.0,7.135016881823976e-13,0.0,0.7228504799778805,0.0
244,1,8.634782290713504e-27,0.7970566394739671,0.0,4.0992195998019226e-07,0.0,0.20294295060407302,0.0
245,1,6.583112087043509e-19,0.9559594554209702,0.0,0.001502586757539116,0.0,0.04253795782149082,0.0
246,1,6.583112087043509e-19,0.9559594554209702,0.0,0.001502586757539116,0.0,0.04253795782149082,0.0
247,1,8.634782290713504e-27,0.7970566394739671,0.0,4.0992195998019226e-07,0.0,0.20294295060407302,0.0
248,1,3.078896042698453e-27,0.857026762350012,0.0,2.1541760961438133e-07,0.0,0.14297302223237848,0.0
249,1,8.634782290713504e-27,0.7970566394739671,0.0,4.0992195998019226e-07,0.0,0.20294295060407302,0.0
250,1,3.078896042698453e-27,0.857026762350012,0.0,2.1541760961438133e-07,0.0,0.14297302223237848,0.0
251,1,1.1249049158576436e-27,0.8815335041699437,0.0,1.1981735209581502e-07,0.0,0.11846637601270434,0.0
252,1,2.4763510597812266e-18,0.9517026783720949,0.0,0.0025805874196361115,0.0,0.045716734208269175,0.0
253,0,0.999977782294173,6.415127841199618e-08,0.0,3.100984485967844e-11,0.0,2.2153523538747307e-05,0.0
254,1,3.078896042698453e-27,0.857026762350012,0.0,2.1541760961438133e-07,0.0,0.14297302223237848,0.0
255,1,3.078896042698453e-27,0.857026762350012,0.0,2.1541760961438133e-07,0.0,0.14297302223237848,0.0
256,3,1.730622568153091e-05,0.045957246942005724,0.0,0.9252968743678995,0.0,0.028728572464413016,0.0
257,4,7.166222967442272e-05,2.348161151450045e-06,0.0,0.00011489877905115728,0.999809448009515,1.6428206078289406e-06,0.0
258,3,9.968978201925728e-06,0.05326088942528715,0.0,0.9414205223147823,0.0,0.005308619281728587,0.0
259,3,1.730622568153091e-05,0.045957246942005724,0.0,0.9252968743678995,0.0,0.028728572464413016,0.0
260,0,0.9999158604011553,7.577529924024958e-06,0.0,7.383559857871472e-06,0.0,6.91785090627512e-05,0.0
261,6,4.3700098431458424e-05,8.687049219024051e-13,0.0,5.189532206609652e-21,0.0,3.289397809516881e-08,0.9999562670067219
262,0,0.9999964605881363,2.7495300993686918e-09,0.0,5.417155014310834e-11,0.0,3.5366081622588184e-06,0.0
263,1,8.634782290713504e-27,0.7970566394739671,0.0,4.0992195998019226e-07,0.0,0.20294295060407302,0.0
264,0,0.9999895060089817,2.404713496177979e-08,0.0,3.6155790639844315e-11,0.0,1.0469907727426812e-05,0.0
265,1,1.2392926923737402e-18,0.9581676380353363,0.0,0.0018805745456680631,0.0,0.03995178741899557,0.0
266,3,1.1930680119866043e-10,0.28248024808635913,0.0,0.6723642805197685,0.0,0.04515547127456548,0.0
267,6,9.353987502015638e-05,3.573634196920349e-14,0.0,1.540777192168694e-20,0.0,3.3927588445472e-09,0.9999064567321855
268,0,0.9999158604011553,7.577529924024958e-06,0.0,7.383559857871472e-06,0.0,6.91785090627512e-05,0.0
269,3,2.119817170161364e-06,0.009189842095386518,0.0,0.9881329636505386,0.0,0.0026750744369050537,0.0
270,3,4.2442394666444954e-11,0.45086912681572644,0.0,0.5320591205995429,0.0,0.017071752542288182,0.0
271,3,5.923856226278141e-06,0.03577476406506516,0.0,0.9612737587573726,0.0,0.002945553321335698,0.0
272,0,0.9988161379559544,6.619573985546894e-05,0.0,4.058387691853059e-06,0.0,0.0011136079164983936,0.0
273,2,3.681726475380514e-05,4.013803066504497e-06,0.8259512341149247,1.7029394545080928e-05,0.17396246300475052,2.8442417959591446e-05,0.0
274,4,8.554546511647665e-05,7.086063774423195e-06,0.0,6.627626221502449e-05,0.9998372206426205,3.871566273640906e-06,0.0
275,2,1.39016471494221e-05,8.992335049750125e-13,0.5274361772357831,1.5794612925374473e-21,0.0,3.7887296391648886e-08,0.4725498832288717
276,0,0.9998496432947711,3.714753861113283e-07,0.0,2.513863008288035e-11,0.0,0.0001499852047041941,0.0
277,0,0.9999460358003717,1.5977200199779238e-07,0.0,2.7472233509735677e-11,0.0,5.380440015414061e-05,0.0
278,0,0.9988161379559544,6.619573985546894e-05,0.0,4.058387691853059e-06,0.0,0.0011136079164983936,0.0
279,5,5.458280432135684e-17,0.022973837235381264,0.0,0.010157051617356081,0.0,0.9668691111472627,0.0
280,4,9.985351971380354e-05,9.820925950812208e-06,0.0,6.477375124267313e-05,0.9998180824356885,7.469367404315191e-06,0.0
281,2,0.0014996963138832714,1.4394550035829943e-07,0.9984954250511128,5.6913601517477004e-09,0.0,4.728998143472087e-06,0.0
282,4,8.554546511647665e-05,7.086063774423195e-06,0.0,6.627626221502449e-05,0.9998372206426205,3.871566273640906e-06,0.0
283,4,8.554546511647665e-05,7.086063774423195e-06,0.0,6.627626221502449e-05,0.9998372206426205,3.871566273640906e-06,0.0
284,4,8.554546511647665e-05,7.086063774423195e-06,0.0,6.627626221502449e-05,0.9998372206426205,3.871566273640906e-06,0.0
285,0,0.9998667955877587,1.4444692337470202e-05,0.0,6.0570880456767934e-06,0.0,0.00011270263185809902,0.0
286,1,2.4763510597812266e-18,0.9517026783720949,0.0,0.0025805874196361115,0.0,0.045716734208269175,0.0
287,4,0.00012226226796021035,1.3329829164850664e-05,0.0,6.859368205331706e-05,0.9997784631072436,1.7351113578193305e-05,0.0
288,3,7.802747663615412e-06,0.04587029563661648,0.0,0.9503743091455186,0.0,0.0037475924702014443,0.0
289,5,7.480660609950814e-17,0.10246170886242587,0.0,0.016154468638715704,0.0,0.8813838224988582,0.0
290,2,1.39016471494221e-05,8.992335049750125e-13,0.5274361772357831,1.5794612925374473e-21,0.0,3.7887296391648886e-08,0.4725498832288717
291,0,0.9998496432947711,3.714753861113283e-07,0.0,2.513863008288035e-11,0.0,0.0001499852047041941,0.0
292,2,6.048206791311386e-13,7.395741135463843e-05,0.9966230749405336,0.0018481791588318042,0.0,0.0014547884886750946,0.0
293,0,0.9999460358003717,1.5977200199779238e-07,0.0,2.7472233509735677e-11,0.0,5.380440015414061e-05,0.0
294,2,0.001259049821585491,1.015480477416107e-09,0.9987403447790473,2.992407080459989e-14,0.0,6.043838566177605e-07,0.0
295,0,0.9997584183494967,2.5705452290990558e-05,0.0,5.132365170354215e-06,0.0,0.0002107438330418483,0.0
296,4,8.554546511647665e-05,7.086063774423195e-06,0.0,6.627626221502449e-05,0.9998372206426205,3.871566273640906e-06,0.0
297,4,8.554546511647665e-05,7.086063774423195e-06,0.0,6.627626221502449e-05,0.9998372206426205,3.871566273640906e-06,0.0
298,4,8.554546511647665e-05,7.086063774423195e-06,0.0,6.627626221502449e-05,0.9998372206426205,3.871566273640906e-06,0.0
299,4,8.554546511647665e-05,7.086063774423195e-06,0.0,6.627626221502449e-05,0.9998372206426205,3.871566273640906e-06,0.0
300,2,2.7601952380680627e-19,3.3330024468595574e-05,0.9914832902556614,4.571850781904556e-05,0.0,0.008437661212050902,0.0
301,2,1.39016471494221e-05,8.992335049750125e-13,0.5274361772357831,1.5794612925374473e-21,0.0,3.7887296391648886e-08,0.4725498832288717
302,1,4.998291876417568e-17,0.5899529839996792,0.0,0.01602138975875547,0.0,0.3940256262415652,0.0
303,1,2.4763510597812266e-18,0.9517026783720949,0.0,0.0025805874196361115,0.0,0.045716734208269175,0.0
304,1,4.998291876417568e-17,0.5899529839996792,0.0,0.01602138975875547,0.0,0.3940256262415652,0.0
305,1,2.4763510597812266e-18,0.9517026783720949,0.0,0.0025805874196361115,0.0,0.045716734208269175,0.0
306,4,7.4332814499187e-05,1.558423534628109e-06,0.0,0.00016205274218525982,0.9997602663019958,1.7897177851611728e-06,0.0
307,1,2.4763510597812266e-18,0.9517026783720949,0.0,0.0025805874196361115,0.0,0.045716734208269175,0.0
308,1,2.4763510597812266e-18,0.9517026783720949,0.0,0.0025805874196361115,0.0,0.045716734208269175,0.0
309,4,7.687693243521725e-05,5.007087716623033e-06,0.0,7.34790862538437e-05,0.9998422206610154,2.416232578960105e-06,0.0
310,4,7.4332814499187e-05,1.558423534628109e-06,0.0,0.00016205274218525982,0.9997602663019958,1.7897177851611728e-06,0.0
311,4,8.554546511647665e-05,7.086063774423195e-06,0.0,6.627626221502449e-05,0.9998372206426205,3.871566273640906e-06,0.0
312,3,4.2442394666444954e-11,0.45086912681572644,0.0,0.5320591205995429,0.0,0.017071752542288182,0.0
313,3,6.04624727156723e-11,0.41712401584464126,0.0,0.5621139742411533,0.0,0.020762009853743154,0.0
314,3,3.0054256857347214e-11,0.4589760495148022,0.0,0.5247698596114115,0.0,0.016254090843732083,0.0
315,4,8.554546511647665e-05,7.086063774423195e-06,0.0,6.627626221502449e-05,0.9998372206426205,3.871566273640906e-06,0.0
316,3,6.04624727156723e-11,0.41712401584464126,0.0,0.5621139742411533,0.0,0.020762009853743154,0.0
317,5,1.6215479668397288e-36,0.07087245026147262,0.0,1.853710246164098e-12,0.0,0.9291275497366738,0.0
318,3,5.923856226278141e-06,0.03577476406506516,0.0,0.9612737587573726,0.0,0.002945553321335698,0.0
319,1,8.634782290713504e-27,0.7970566394739671,0.0,4.0992195998019226e-07,0.0,0.20294295060407302,0.0
320,1,1.2392926923737402e-18,0.9581676380353363,0.0,0.0018805745456680631,0.0,0.03995178741899557,0.0
321,3,7.802747663615412e-06,0.04587029563661648,0.0,0.9503743091455186,0.0,0.0037475924702014443,0.0
322,4,7.247044501767888e-05,3.4649203416619787e-06,0.0,8.827071750720538e-05,0.9998339782328897,1.8156842436555283e-06,0.0
323,3,1.236967647485555e-05,0.05607276650801913,0.0,0.9355318701974386,0.0,0.008382993618067679,0.0
324,1,8.634782290713504e-27,0.7970566394739671,0.0,4.0992195998019226e-07,0.0,0.20294295060407302,0.0
325,1,2.4763510597812266e-18,0.9517026783720949,0.0,0.0025805874196361115,0.0,0.045716734208269175,0.0
326,4,7.247044501767888e-05,3.4649203416619787e-06,0.0,8.827071750720538e-05,0.9998339782328897,1.8156842436555283e-06,0.0
327,3,7.802747663615412e-06,0.04587029563661648,0.0,0.9503743091455186,0.0,0.0037475924702014443,0.0
328,4,7.687693243521725e-05,5.007087716623033e-06,0.0,7.34790862538437e-05,0.9998422206610154,2.416232578960105e-06,0.0
329,3,3.0054256857347214e-11,0.4589760495148022,0.0,0.5247698596114115,0.0,0.016254090843732083,0.0
330,3,2.152724697023599e-11,0.4412330319916169,0.0,0.540798652428411,0.0,0.017968315558444813,0.0
331,4,7.247044501767888e-05,3.4649203416619787e-06,0.0,8.827071750720538e-05,0.9998339782328897,1.8156842436555283e-06,0.0
332,1,2.4763510597812266e-18,0.9517026783720949,0.0,0.0025805874196361115,0.0,0.045716734208269175,0.0
333,1,4.284729474456256e-28,0.882535428242706,0.0,7.176726195873804e-08,0.0,0.11746449999003204,0.0
334,5,2.231059521198773e-39,0.44811055228995583,0.0,3.7612316944808145e-14,0.0,0.5518894477100067,0.0
335,5,1.0047835456327378e-65,0.0005279498024273487,0.0,1.027398463055258e-31,0.0,0.9994720501975727,0.0
336,5,2.3509750135086144e-52,0.03756741415521926,0.0,1.983517141124779e-22,0.0,0.9624325858447809,0.0
337,5,2.231059521198773e-39,0.44811055228995583,0.0,3.7612316944808145e-14,0.0,0.5518894477100067,0.0
338,5,5.2233013859652717e-51,0.03374382791740599,0.0,1.4441884082213026e-21,0.0,0.9662561720825942,0.0
339,5,5.2233013859652717e-51,0.03374382791740599,0.0,1.4441884082213026e-21,0.0,0.9662561720825942,0.0
340,5,2.897606187839182e-37,0.27714952002140575,0.0,7.135016881823976e-13,0.0,0.7228504799778805,0.0
341,5,1.0047835456327378e-65,0.0005279498024273487,0.0,1.027398463055258e-31,0.0,0.9994720501975727,0.0
342,5,5.2233013859652717e-51,0.03374382791740599,0.0,1.4441884082213026e-21,0.0,0.9662561720825942,0.0
343,1,4.284729474456256e-28,0.882535428242706,0.0,7.176726195873804e-08,0.0,0.11746449999003204,0.0
344,5,2.231059521198773e-39,0.44811055228995583,0.0,3.7612316944808145e-14,0.0,0.5518894477100067,0.0
345,5,5.2233013859652717e-51,0.03374382791740599,0.0,1.4441884082213026e-21,0.0,0.9662561720825942,0.0
346,1,1.1249049158576436e-27,0.8815335041699437,0.0,1.1981735209581502e-07,0.0,0.11846637601270434,0.0
347,5,2.231059521198773e-39,0.44811055228995583,0.0,3.7612316944808145e-14,0.0,0.5518894477100067,0.0
348,5,2.0189118665656589e-50,0.02365662219778232,0.0,3.354776210109155e-21,0.0,0.9763433778022172,0.0
349,5,1.7617553993076923e-66,0.0006667865328297565,0.0,3.236930315238282e-32,0.0,0.9993332134671699,0.0
350,5,2.231059521198773e-39,0.44811055228995583,0.0,3.7612316944808145e-14,0.0,0.5518894477100067,0.0
351,5,5.2233013859652717e-51,0.03374382791740599,0.0,1.4441884082213026e-21,0.0,0.9662561720825942,0.0
352,5,2.231059521198773e-39,0.44811055228995583,0.0,3.7612316944808145e-14,0.0,0.5518894477100067,0.0
353,5,2.161257333540387e-64,0.00017810276597709224,0.0,7.543522993076699e-31,0.0,0.999821897234023,0.0
354,6,0.00010564742175550887,4.179789445630025e-16,0.0,3.231701881225863e-20,0.0,6.386910535530794e-10,0.999894351939553
355,4,7.166222967442272e-05,2.348161151450045e-06,0.0,0.00011489877905115728,0.999809448009515,1.6428206078289406e-06,0.0
356,4,7.4332814499187e-05,1.558423534628109e-06,0.0,0.00016205274218525982,0.9997602663019958,1.7897177851611728e-06,0.0
357,3,3.0054256857347214e-11,0.4589760495148022,0.0,0.5247698596114115,0.0,0.016254090843732083,0.0
358,3,4.2442394666444954e-11,0.45086912681572644,0.0,0.5320591205995429,0.0,0.017071752542288182,0.0
359,4,7.687693243521725e-05,5.007087716623033e-06,0.0,7.34790862538437e-05,0.9998422206610154,2.416232578960105e-06,0.0
360,4,7.247044501767888e-05,3.4649203416619787e-06,0.0,8.827071750720538e-05,0.9998339782328897,1.8156842436555283e-06,0.0
361,0,0.9999158604011553,7.577529924024958e-06,0.0,7.383559857871472e-06,0.0,6.91785090627512e-05,0.0
362,3,7.802747663615412e-06,0.04587029563661648,0.0,0.9503743091455186,0.0,0.0037475924702014443,0.0
363,0,0.9988161379559544,6.619573985546894e-05,0.0,4.058387691853059e-06,0.0,0.0011136079164983936,0.0
364,2,1.39016471494221e-05,8.992335049750125e-13,0.5274361772357831,1.5794612925374473e-21,0.0,3.7887296391648886e-08,0.4725498832288717
365,4,0.00012226226796021035,1.3329829164850664e-05,0.0,6.859368205331706e-05,0.9997784631072436,1.7351113578193305e-05,0.0
366,3,7.802747663615412e-06,0.04587029563661648,0.0,0.9503743091455186,0.0,0.0037475924702014443,0.0
367,3,7.802747663615412e-06,0.04587029563661648,0.0,0.9503743091455186,0.0,0.0037475924702014443,0.0
368,4,7.687693243521725e-05,5.007087716623033e-06,0.0,7.34790862538437e-05,0.9998422206610154,2.416232578960105e-06,0.0
369,3,4.2442394666444954e-11,0.45086912681572644,0.0,0.5320591205995429,0.0,0.017071752542288182,0.0
370,4,7.4332814499187e-05,1.558423534628109e-06,0.0,0.00016205274218525982,0.9997602663019958,1.7897177851611728e-06,0.0
371,2,3.2898549276650735e-08,3.888075778391653e-05,0.9983132080289717,0.0014156612082676162,0.0,0.0002322171064273422,0.0
372,3,5.923856226278141e-06,0.03577476406506516,0.0,0.9612737587573726,0.0,0.002945553321335698,0.0
373,4,8.08767611298097e-05,1.0128802290381307e-06,0.0,0.0002476461665388931,0.9996681166380463,2.3475540558962833e-06,0.0
374,1,2.4763510597812266e-18,0.9517026783720949,0.0,0.0025805874196361115,0.0,0.045716734208269175,0.0
375,1,5.2294625293577055e-18,0.9326736070737094,0.0,0.0038657561808668724,0.0,0.06346063674542375,0.0
376,0,0.9999460358003717,1.5977200199779238e-07,0.0,2.7472233509735677e-11,0.0,5.380440015414061e-05,0.0
377,0,0.9999979258846563,2.388358766158086e-10,0.0,9.240333489321759e-11,0.0,2.0737841042097045e-06,0.0
378,3,6.04624727156723e-11,0.41712401584464126,0.0,0.5621139742411533,0.0,0.020762009853743154,0.0
379,3,1.236967647485555e-05,0.05607276650801913,0.0,0.9355318701974386,0.0,0.008382993618067679,0.0
380,0,0.9999943118642458,8.415510088269047e-09,0.0,4.354461643421086e-11,0.0,5.679676699513939e-06,0.0
381,0,0.9988161379559544,6.619573985546894e-05,0.0,4.058387691853059e-06,0.0,0.0011136079164983936,0.0
382,0,0.999977782294173,6.415127841199618e-08,0.0,3.100984485967844e-11,0.0,2.2153523538747307e-05,0.0
383,6,9.353987502015638e-05,3.573634196920349e-14,0.0,1.540777192168694e-20,0.0,3.3927588445472e-09,0.9999064567321855
384,4,7.166222967442272e-05,2.348161151450045e-06,0.0,0.00011489877905115728,0.999809448009515,1.6428206078289406e-06,0.0
385,3,9.968978201925728e-06,0.05326088942528715,0.0,0.9414205223147823,0.0,0.005308619281728587,0.0
386,4,8.554546511647665e-05,7.086063774423195e-06,0.0,6.627626221502449e-05,0.9998372206426205,3.871566273640906e-06,0.0
387,6,9.353987502015638e-05,3.573634196920349e-14,0.0,1.540777192168694e-20,0.0,3.3927588445472e-09,0.9999064567321855
388,0,0.9999895060089817,2.404713496177979e-08,0.0,3.6155790639844315e-11,0.0,1.0469907727426812e-05,0.0
389,0,0.9999895060089817,2.404713496177979e-08,0.0,3.6155790639844315e-11,0.0,1.0469907727426812e-05,0.0
390,2,0.001259049821585491,1.015480477416107e-09,0.9987403447790473,2.992407080459989e-14,0.0,6.043838566177605e-07,0.0
391,0,0.9998496432947711,3.714753861113283e-07,0.0,2.513863008288035e-11,0.0,0.0001499852047041941,0.0
392,3,4.2442394666444954e-11,0.45086912681572644,0.0,0.5320591205995429,0.0,0.017071752542288182,0.0
393,3,1.236967647485555e-05,0.05607276650801913,0.0,0.9355318701974386,0.0,0.008382993618067679,0.0
394,3,7.802747663615412e-06,0.04587029563661648,0.0,0.9503743091455186,0.0,0.0037475924702014443,0.0
395,5,1.1143370776125553e-48,0.0007109142701578876,0.0,3.340764698979615e-20,0.0,0.999289085729842,0.0
396,1,2.4763510597812266e-18,0.9517026783720949,0.0,0.0025805874196361115,0.0,0.045716734208269175,0.0
397,3,9.968978201925728e-06,0.05326088942528715,0.0,0.9414205223147823,0.0,0.005308619281728587,0.0
398,3,1.914834624162666e-05,0.03510791496086681,0.0,0.9036937099919988,0.0,0.061179226700892535,0.0
399,3,3.0054256857347214e-11,0.4589760495148022,0.0,0.5247698596114115,0.0,0.016254090843732083,0.0
400,0,0.9998667955877587,1.4444692337470202e-05,0.0,6.0570880456767934e-06,0.0,0.00011270263185809902,0.0
401,0,0.9998667955877587,1.4444692337470202e-05,0.0,6.0570880456767934e-06,0.0,0.00011270263185809902,0.0
402,0,0.9998667955877587,1.4444692337470202e-05,0.0,6.0570880456767934e-06,0.0,0.00011270263185809902,0.0
403,1,2.4763510597812266e-18,0.9517026783720949,0.0,0.0025805874196361115,0.0,0.045716734208269175,0.0
404,3,4.2442394666444954e-11,0.45086912681572644,0.0,0.5320591205995429,0.0,0.017071752542288182,0.0
405,4,7.687693243521725e-05,5.007087716623033e-06,0.0,7.34790862538437e-05,0.9998422206610154,2.416232578960105e-06,0.0
406,4,7.687693243521725e-05,5.007087716623033e-06,0.0,7.34790862538437e-05,0.9998422206610154,2.416232578960105e-06,0.0
407,0,0.9999158604011553,7.577529924024958e-06,0.0,7.383559857871472e-06,0.0,6.91785090627512e-05,0.0
408,1,2.4763510597812266e-18,0.9517026783720949,0.0,0.0025805874196361115,0.0,0.045716734208269175,0.0
409,2,1.39016471494221e-05,8.992335049750125e-13,0.5274361772357831,1.5794612925374473e-21,0.0,3.7887296391648886e-08,0.4725498832288717
410,6,6.046525373222814e-05,3.4485893109453896e-13,0.0,7.752398479485433e-21,0.0,1.4428800047533201e-08,0.999939520317123
411,1,2.4763510597812266e-18,0.9517026783720949,0.0,0.0025805874196361115,0.0,0.045716734208269175,0.0
412,0,0.9999382526254033,3.711056119886547e-06,0.0,9.296885227597832e-06,0.0,4.8739433249505176e-05,0.0
413,4,8.554546511647665e-05,7.086063774423195e-06,0.0,6.627626221502449e-05,0.9998372206426205,3.871566273640906e-06,0.0
414,0,0.9999974713452913,8.386835033709973e-10,0.0,6.961276824943858e-11,0.0,2.5277464123243486e-06,0.0
415,4,8.554546511647665e-05,7.086063774423195e-06,0.0,6.627626221502449e-05,0.9998372206426205,3.871566273640906e-06,0.0
416,4,7.166222967442272e-05,2.348161151450045e-06,0.0,0.00011489877905115728,0.999809448009515,1.6428206078289406e-06,0.0
417,0,0.9999943118642458,8.415510088269047e-09,0.0,4.354461643421086e-11,0.0,5.679676699513939e-06,0.0
418,4,9.985351971380354e-05,9.820925950812208e-06,0.0,6.477375124267313e-05,0.9998180824356885,7.469367404315191e-06,0.0
419,0,0.9999895060089817,2.404713496177979e-08,0.0,3.6155790639844315e-11,0.0,1.0469907727426812e-05,0.0
420,0,0.9999895060089817,2.404713496177979e-08,0.0,3.6155790639844315e-11,0.0,1.0469907727426812e-05,0.0
421,4,7.166222967442272e-05,2.348161151450045e-06,0.0,0.00011489877905115728,0.999809448009515,1.6428206078289406e-06,0.0
422,4,8.554546511647665e-05,7.086063774423195e-06,0.0,6.627626221502449e-05,0.9998372206426205,3.871566273640906e-06,0.0
423,6,7.79250281349768e-05,1.1904752756677657e-13,0.0,1.1142250779191337e-20,0.0,6.766675922766944e-09,0.9999220682050702
424,0,0.9998667955877587,1.4444692337470202e-05,0.0,6.0570880456767934e-06,0.0,0.00011270263185809902,0.0
425,4,7.247044501767888e-05,3.4649203416619787e-06,0.0,8.827071750720538e-05,0.9998339782328897,1.8156842436555283e-06,0.0
426,6,9.545125661045304e-05,7.174561832206533e-17,0.0,3.829362665141958e-20,0.0,4.184140566647701e-10,0.9999045483249754
427,3,1.1930680119866043e-10,0.28248024808635913,0.0,0.6723642805197685,0.0,0.04515547127456548,0.0
428,3,8.59013677358494e-11,0.35931067867833866,0.0,0.6117843493999806,0.0,0.028904971835779447,0.0
429,6,0.00010458430560650305,9.328499832511545e-15,0.0,2.0499251748908764e-20,0.0,1.8187132975305206e-09,0.9998954138756709
430,3,6.04624727156723e-11,0.41712401584464126,0.0,0.5621139742411533,0.0,0.020762009853743154,0.0
431,3,2.119817170161364e-06,0.009189842095386518,0.0,0.9881329636505386,0.0,0.0026750744369050537,0.0
432,1,2.4763510597812266e-18,0.9517026783720949,0.0,0.0025805874196361115,0.0,0.045716734208269175,0.0
433,3,3.0917194907409346e-06,0.016033752887392373,0.0,0.9814712657884455,0.0,0.002491889604671253,0.0
434,0,0.9999964605881363,2.7495300993686918e-09,0.0,5.417155014310834e-11,0.0,3.5366081622588184e-06,0.0
435,0,0.9999460358003717,1.5977200199779238e-07,0.0,2.7472233509735677e-11,0.0,5.380440015414061e-05,0.0
436,0,0.9999467960707927,1.6967718562712072e-06,0.0,1.2091619310999e-05,0.0,3.941553804007201e-05,0.0
437,3,4.3535128011777855e-06,0.02521520304314365,0.0,0.9722080137650291,0.0,0.002572429679026221,0.0
438,3,4.3535128011777855e-06,0.02521520304314365,0.0,0.9722080137650291,0.0,0.002572429679026221,0.0
439,3,3.0054256857347214e-11,0.4589760495148022,0.0,0.5247698596114115,0.0,0.016254090843732083,0.0
440,3,5.923856226278141e-06,0.03577476406506516,0.0,0.9612737587573726,0.0,0.002945553321335698,0.0
441,3,1.5504876815341353e-11,0.39820382015726874,0.0,0.5788699258516662,0.0,0.02292625397556049,0.0
442,3,3.0917194907409346e-06,0.016033752887392373,0.0,0.9814712657884455,0.0,0.002491889604671253,0.0
443,3,4.2442394666444954e-11,0.45086912681572644,0.0,0.5320591205995429,0.0,0.017071752542288182,0.0
444,3,8.59013677358494e-11,0.35931067867833866,0.0,0.6117843493999806,0.0,0.028904971835779447,0.0
445,3,3.0917194907409346e-06,0.016033752887392373,0.0,0.9814712657884455,0.0,0.002491889604671253,0.0
446,3,4.3535128011777855e-06,0.02521520304314365,0.0,0.9722080137650291,0.0,0.002572429679026221,0.0
447,3,4.3535128011777855e-06,0.02521520304314365,0.0,0.9722080137650291,0.0,0.002572429679026221,0.0
448,4,7.166222967442272e-05,2.348161151450045e-06,0.0,0.00011489877905115728,0.999809448009515,1.6428206078289406e-06,0.0
449,3,4.3535128011777855e-06,0.02521520304314365,0.0,0.9722080137650291,0.0,0.002572429679026221,0.0
450,3,4.3535128011777855e-06,0.02521520304314365,0.0,0.9722080137650291,0.0,0.002572429679026221,0.0
451,3,3.0917194907409346e-06,0.016033752887392373,0.0,0.9814712657884455,0.0,0.002491889604671253,0.0
452,3,4.3535128011777855e-06,0.02521520304314365,0.0,0.9722080137650291,0.0,0.002572429679026221,0.0
453,3,5.923856226278141e-06,0.03577476406506516,0.0,0.9612737587573726,0.0,0.002945553321335698,0.0
454,0,0.9998496432947711,3.714753861113283e-07,0.0,2.513863008288035e-11,0.0,0.0001499852047041941,0.0
455,3,1.1930680119866043e-10,0.28248024808635913,0.0,0.6723642805197685,0.0,0.04515547127456548,0.0
456,3,6.04624727156723e-11,0.41712401584464126,0.0,0.5621139742411533,0.0,0.020762009853743154,0.0
457,0,0.9998667955877587,1.4444692337470202e-05,0.0,6.0570880456767934e-06,0.0,0.00011270263185809902,0.0
458,3,3.0054256857347214e-11,0.4589760495148022,0.0,0.5247698596114115,0.0,0.016254090843732083,0.0
459,1,3.078896042698453e-27,0.857026762350012,0.0,2.1541760961438133e-07,0.0,0.14297302223237848,0.0
460,0,0.9999158604011553,7.577529924024958e-06,0.0,7.383559857871472e-06,0.0,6.91785090627512e-05,0.0
461,3,1.1930680119866043e-10,0.28248024808635913,0.0,0.6723642805197685,0.0,0.04515547127456548,0.0
462,4,7.687693243521725e-05,5.007087716623033e-06,0.0,7.34790862538437e-05,0.9998422206610154,2.416232578960105e-06,0.0
463,3,2.152724697023599e-11,0.4412330319916169,0.0,0.540798652428411,0.0,0.017968315558444813,0.0
464,1,1.1249049158576436e-27,0.8815335041699437,0.0,1.1981735209581502e-07,0.0,0.11846637601270434,0.0
465,5,8.181102676751571e-39,0.4785120973681814,0.0,8.121625132989607e-14,0.0,0.5214879026317375,0.0
466,3,4.2442394666444954e-11,0.45086912681572644,0.0,0.5320591205995429,0.0,0.017071752542288182,0.0
467,3,7.802747663615412e-06,0.04587029563661648,0.0,0.9503743091455186,0.0,0.0037475924702014443,0.0
468,1,2.4763510597812266e-18,0.9517026783720949,0.0,0.0025805874196361115,0.0,0.045716734208269175,0.0
469,0,0.9999943118642458,8.415510088269047e-09,0.0,4.354461643421086e-11,0.0,5.679676699513939e-06,0.0
470,4,7.247044501767888e-05,3.4649203416619787e-06,0.0,8.827071750720538e-05,0.9998339782328897,1.8156842436555283e-06,0.0
471,3,3.0917194907409346e-06,0.016033752887392373,0.0,0.9814712657884455,0.0,0.002491889604671253,0.0
472,3,4.2442394666444954e-11,0.45086912681572644,0.0,0.5320591205995429,0.0,0.017071752542288182,0.0
473,4,8.554546511647665e-05,7.086063774423195e-06,0.0,6.627626221502449e-05,0.9998372206426205,3.871566273640906e-06,0.0
474,4,8.554546511647665e-05,7.086063774423195e-06,0.0,6.627626221502449e-05,0.9998372206426205,3.871566273640906e-06,0.0
475,0,0.9999158604011553,7.577529924024958e-06,0.0,7.383559857871472e-06,0.0,6.91785090627512e-05,0.0
476,3,6.04624727156723e-11,0.41712401584464126,0.0,0.5621139742411533,0.0,0.020762009853743154,0.0
477,4,9.985351971380354e-05,9.820925950812208e-06,0.0,6.477375124267313e-05,0.9998180824356885,7.469367404315191e-06,0.0
478,0,0.9999158604011553,7.577529924024958e-06,0.0,7.383559857871472e-06,0.0,6.91785090627512e-05,0.0
479,6,9.353987502015638e-05,3.573634196920349e-14,0.0,1.540777192168694e-20,0.0,3.3927588445472e-09,0.9999064567321855
480,6,6.046525373222814e-05,3.4485893109453896e-13,0.0,7.752398479485433e-21,0.0,1.4428800047533201e-08,0.999939520317123
481,3,8.59013677358494e-11,0.35931067867833866,0.0,0.6117843493999806,0.0,0.028904971835779447,0.0
482,2,1.39016471494221e-05,8.992335049750125e-13,0.5274361772357831,1.5794612925374473e-21,0.0,3.7887296391648886e-08,0.4725498832288717
483,4,8.554546511647665e-05,7.086063774423195e-06,0.0,6.627626221502449e-05,0.9998372206426205,3.871566273640906e-06,0.0
484,2,1.39016471494221e-05,8.992335049750125e-13,0.5274361772357831,1.5794612925374473e-21,0.0,3.7887296391648886e-08,0.4725498832288717
485,4,8.554546511647665e-05,7.086063774423195e-06,0.0,6.627626221502449e-05,0.9998372206426205,3.871566273640906e-06,0.0
486,2,0.001259049821585491,1.015480477416107e-09,0.9987403447790473,2.992407080459989e-14,0.0,6.043838566177605e-07,0.0
487,3,9.968978201925728e-06,0.05326088942528715,0.0,0.9414205223147823,0.0,0.005308619281728587,0.0
488,3,7.802747663615412e-06,0.04587029563661648,0.0,0.9503743091455186,0.0,0.0037475924702014443,0.0
489,4,7.247044501767888e-05,3.4649203416619787e-06,0.0,8.827071750720538e-05,0.9998339782328897,1.8156842436555283e-06,0.0
490,3,8.59013677358494e-11,0.35931067867833866,0.0,0.6117843493999806,0.0,0.028904971835779447,0.0
491,2,1.39016471494221e-05,8.992335049750125e-13,0.5274361772357831,1.5794612925374473e-21,0.0,3.7887296391648886e-08,0.4725498832288717
492,0,0.9999382526254033,3.711056119886547e-06,0.0,9.296885227597832e-06,0.0,4.8739433249505176e-05,0.0
493,1,1.1249049158576436e-27,0.8815335041699437,0.0,1.1981735209581502e-07,0.0,0.11846637601270434,0.0
494,6,7.79250281349768e-05,1.1904752756677657e-13,0.0,1.1142250779191337e-20,0.0,6.766675922766944e-09,0.9999220682050702
495,2,1.39016471494221e-05,8.992335049750125e-13,0.5274361772357831,1.5794612925374473e-21,0.0,3.7887296391648886e-08,0.4725498832288717
496,4,0.00015702737219007538,1.771791684960244e-05,0.0,7.87053709068048e-05,0.9996980195456995,4.8529794354145134e-05,0.0
497,1,2.4763510597812266e-18,0.9517026783720949,0.0,0.0025805874196361115,0.0,0.045716734208269175,0.0
498,2,1.39016471494221e-05,8.992335049750125e-13,0.5274361772357831,1.5794612925374473e-21,0.0,3.7887296391648886e-08,0.4725498832288717
499,4,8.554546511647665e-05,7.086063774423195e-06,0.0,6.627626221502449e-05,0.9998372206426205,3.871566273640906e-06,0.0
500,3,1.236967647485555e-05,0.05607276650801913,0.0,0.9355318701974386,0.0,0.008382993618067679,0.0
501,5,2.1961280688615694e-101,8.640647269909885e-09,0.0,3.1778683113056964e-58,0.0,0.9999999913593527,0.0
502,5,7.532768060234668e-37,0.15939869549935556,0.0,1.2435056766222663e-12,0.0,0.840601304499401,0.0
503,6,7.79250281349768e-05,1.1904752756677657e-13,0.0,1.1142250779191337e-20,0.0,6.766675922766944e-09,0.9999220682050702
504,1,2.4763510597812266e-18,0.9517026783720949,0.0,0.0025805874196361115,0.0,0.045716734208269175,0.0
505,0,0.9998496432947711,3.714753861113283e-07,0.0,2.513863008288035e-11,0.0,0.0001499852047041941,0.0
506,4,8.554546511647665e-05,7.086063774423195e-06,0.0,6.627626221502449e-05,0.9998372206426205,3.871566273640906e-06,0.0
507,3,3.0054256857347214e-11,0.4589760495148022,0.0,0.5247698596114115,0.0,0.016254090843732083,0.0
508,0,0.9998496432947711,3.714753861113283e-07,0.0,2.513863008288035e-11,0.0,0.0001499852047041941,0.0
509,4,0.00015702737219007538,1.771791684960244e-05,0.0,7.87053709068048e-05,0.9996980195456995,4.8529794354145134e-05,0.0
510,6,9.353987502015638e-05,3.573634196920349e-14,0.0,1.540777192168694e-20,0.0,3.3927588445472e-09,0.9999064567321855
511,4,0.00012226226796021035,1.3329829164850664e-05,0.0,6.859368205331706e-05,0.9997784631072436,1.7351113578193305e-05,0.0
512,1,2.3678294786582773e-26,0.6766883991470057,0.0,7.878529624982746e-07,0.0,0.32331081300003184,0.0
513,4,7.687693243521725e-05,5.007087716623033e-06,0.0,7.34790862538437e-05,0.9998422206610154,2.416232578960105e-06,0.0
514,3,1.10662914782629e-11,0.3324749029117852,0.0,0.6342517482752741,0.0,0.03327334880187394,0.0
515,4,7.247044501767888e-05,3.4649203416619787e-06,0.0,8.827071750720538e-05,0.9998339782328897,1.8156842436555283e-06,0.0
516,0,0.9999895060089817,2.404713496177979e-08,0.0,3.6155790639844315e-11,0.0,1.0469907727426812e-05,0.0
517,6,0.00010564742175550887,4.179789445630025e-16,0.0,3.231701881225863e-20,0.0,6.386910535530794e-10,0.999894351939553
518,3,9.968978201925728e-06,0.05326088942528715,0.0,0.9414205223147823,0.0,0.005308619281728587,0.0
519,6,7.79250281349768e-05,1.1904752756677657e-13,0.0,1.1142250779191337e-20,0.0,6.766675922766944e-09,0.9999220682050702
520,0,0.999977782294173,6.415127841199618e-08,0.0,3.100984485967844e-11,0.0,2.2153523538747307e-05,0.0
521,4,8.554546511647665e-05,7.086063774423195e-06,0.0,6.627626221502449e-05,0.9998372206426205,3.871566273640906e-06,0.0
522,5,7.532768060234668e-37,0.15939869549935556,0.0,1.2435056766222663e-12,0.0,0.840601304499401,0.0
523,3,3.0917194907409346e-06,0.016033752887392373,0.0,0.9814712657884455,0.0,0.002491889604671253,0.0
524,0,0.9999158604011553,7.577529924024958e-06,0.0,7.383559857871472e-06,0.0,6.91785090627512e-05,0.0
525,5,5.758425829477931e-26,0.4756688207807048,0.0,1.3871544677801914e-06,0.0,0.5243297920648273,0.0
526,4,7.247044501767888e-05,3.4649203416619787e-06,0.0,8.827071750720538e-05,0.9998339782328897,1.8156842436555283e-06,0.0
527,4,0.00012226226796021035,1.3329829164850664e-05,0.0,6.859368205331706e-05,0.9997784631072436,1.7351113578193305e-05,0.0
528,1,1.2392926923737402e-18,0.9581676380353363,0.0,0.0018805745456680631,0.0,0.03995178741899557,0.0
529,3,4.3535128011777855e-06,0.02521520304314365,0.0,0.9722080137650291,0.0,0.002572429679026221,0.0
530,4,7.4332814499187e-05,1.558423534628109e-06,0.0,0.00016205274218525982,0.9997602663019958,1.7897177851611728e-06,0.0
531,3,1.1930680119866043e-10,0.28248024808635913,0.0,0.6723642805197685,0.0,0.04515547127456548,0.0
532,0,0.9997584183494967,2.5705452290990558e-05,0.0,5.132365170354215e-06,0.0,0.0002107438330418483,0.0
533,4,7.247044501767888e-05,3.4649203416619787e-06,0.0,8.827071750720538e-05,0.9998339782328897,1.8156842436555283e-06,0.0
534,3,7.802747663615412e-06,0.04587029563661648,0.0,0.9503743091455186,0.0,0.0037475924702014443,0.0
535,3,4.2442394666444954e-11,0.45086912681572644,0.0,0.5320591205995429,0.0,0.017071752542288182,0.0
536,0,0.9999943118642458,8.415510088269047e-09,0.0,4.354461643421086e-11,0.0,5.679676699513939e-06,0.0
537,3,1.575724027737135e-10,0.19715961588086742,0.0,0.725841972907865,0.0,0.07699841105369538,0.0
538,3,9.968978201925728e-06,0.05326088942528715,0.0,0.9414205223147823,0.0,0.005308619281728587,0.0
539,0,0.9998667955877587,1.4444692337470202e-05,0.0,6.0570880456767934e-06,0.0,0.00011270263185809902,0.0
540,3,6.04624727156723e-11,0.41712401584464126,0.0,0.5621139742411533,0.0,0.020762009853743154,0.0
541,0,0.9999158604011553,7.577529924024958e-06,0.0,7.383559857871472e-06,0.0,6.91785090627512e-05,0.0
542,3,7.802747663615412e-06,0.04587029563661648,0.0,0.9503743091455186,0.0,0.0037475924702014443,0.0
543,4,7.687693243521725e-05,5.007087716623033e-06,0.0,7.34790862538437e-05,0.9998422206610154,2.416232578960105e-06,0.0
544,4,7.247044501767888e-05,3.4649203416619787e-06,0.0,8.827071750720538e-05,0.9998339782328897,1.8156842436555283e-06,0.0
545,2,0.0014996963138832714,1.4394550035829943e-07,0.9984954250511128,5.6913601517477004e-09,0.0,4.728998143472087e-06,0.0
546,2,1.39016471494221e-05,8.992335049750125e-13,0.5274361772357831,1.5794612925374473e-21,0.0,3.7887296391648886e-08,0.4725498832288717
547,2,1.39016471494221e-05,8.992335049750125e-13,0.5274361772357831,1.5794612925374473e-21,0.0,3.7887296391648886e-08,0.4725498832288717
548,2,1.39016471494221e-05,8.992335049750125e-13,0.5274361772357831,1.5794612925374473e-21,0.0,3.7887296391648886e-08,0.4725498832288717
549,2,1.39016471494221e-05,8.992335049750125e-13,0.5274361772357831,1.5794612925374473e-21,0.0,3.7887296391648886e-08,0.4725498832288717
550,2,1.39016471494221e-05,8.992335049750125e-13,0.5274361772357831,1.5794612925374473e-21,0.0,3.7887296391648886e-08,0.4725498832288717
551,2,1.39016471494221e-05,8.992335049750125e-13,0.5274361772357831,1.5794612925374473e-21,0.0,3.7887296391648886e-08,0.4725498832288717
552,5,5.2167718500234864e-48,5.766048967597739e-06,0.0,6.085518266757667e-20,0.0,0.9999942339510325,0.0
553,1,8.634782290713504e-27,0.7970566394739671,0.0,4.0992195998019226e-07,0.0,0.20294295060407302,0.0
554,5,2.1961280688615694e-101,8.640647269909885e-09,0.0,3.1778683113056964e-58,0.0,0.9999999913593527,0.0
555,5,5.2167718500234864e-48,5.766048967597739e-06,0.0,6.085518266757667e-20,0.0,0.9999942339510325,0.0
556,5,1.0809823310183703e-94,1.6212135862618319e-13,0.0,1.1561106518598552e-53,0.0,0.9999999999998384,0.0
557,1,3.7057343889457184e-19,0.9435940817491019,0.0,0.0013141821962760864,0.0,0.05509173605462218,0.0
558,1,2.1897346339847504e-19,0.9127822544198725,0.0,0.0012463129415817118,0.0,0.08597143263854538,0.0
559,5,3.5802479622822483e-48,3.529140064285671e-05,0.0,5.538243138857309e-20,0.0,0.9999647085993574,0.0
560,4,7.4332814499187e-05,1.558423534628109e-06,0.0,0.00016205274218525982,0.9997602663019958,1.7897177851611728e-06,0.0
561,1,1.1498326616073074e-17,0.8884907451716046,0.0,0.006228226899293377,0.0,0.10528102792910207,0.0
562,5,4.992717780232364e-65,0.0003400150392932829,0.0,2.934697991742455e-31,0.0,0.9996599849607065,0.0
563,5,5.0487284408052625e-49,0.0023374816932469054,0.0,2.212170150928822e-20,0.0,0.9976625183067532,0.0
564,5,2.1961280688615694e-101,8.640647269909885e-09,0.0,3.1778683113056964e-58,0.0,0.9999999913593527,0.0
565,4,9.985351971380354e-05,9.820925950812208e-06,0.0,6.477375124267313e-05,0.9998180824356885,7.469367404315191e-06,0.0
566,4,8.554546511647665e-05,7.086063774423195e-06,0.0,6.627626221502449e-05,0.9998372206426205,3.871566273640906e-06,0.0
567,3,7.802747663615412e-06,0.04587029563661648,0.0,0.9503743091455186,0.0,0.0037475924702014443,0.0
568,4,7.687693243521725e-05,5.007087716623033e-06,0.0,7.34790862538437e-05,0.9998422206610154,2.416232578960105e-06,0.0
569,4,7.687693243521725e-05,5.007087716623033e-06,0.0,7.34790862538437e-05,0.9998422206610154,2.416232578960105e-06,0.0
570,4,7.687693243521725e-05,5.007087716623033e-06,0.0,7.34790862538437e-05,0.9998422206610154,2.416232578960105e-06,0.0
571,4,8.554546511647665e-05,7.086063774423195e-06,0.0,6.627626221502449e-05,0.9998372206426205,3.871566273640906e-06,0.0
572,4,8.554546511647665e-05,7.086063774423195e-06,0.0,6.627626221502449e-05,0.9998372206426205,3.871566273640906e-06,0.0
573,4,8.554546511647665e-05,7.086063774423195e-06,0.0,6.627626221502449e-05,0.9998372206426205,3.871566273640906e-06,0.0
574,4,8.554546511647665e-05,7.086063774423195e-06,0.0,6.627626221502449e-05,0.9998372206426205,3.871566273640906e-06,0.0
575,4,8.554546511647665e-05,7.086063774423195e-06,0.0,6.627626221502449e-05,0.9998372206426205,3.871566273640906e-06,0.0
576,4,8.554546511647665e-05,7.086063774423195e-06,0.0,6.627626221502449e-05,0.9998372206426205,3.871566273640906e-06,0.0
577,4,8.554546511647665e-05,7.086063774423195e-06,0.0,6.627626221502449e-05,0.9998372206426205,3.871566273640906e-06,0.0
578,1,2.4763510597812266e-18,0.9517026783720949,0.0,0.0025805874196361115,0.0,0.045716734208269175,0.0
579,4,8.554546511647665e-05,7.086063774423195e-06,0.0,6.627626221502449e-05,0.9998372206426205,3.871566273640906e-06,0.0
580,4,8.554546511647665e-05,7.086063774423195e-06,0.0,6.627626221502449e-05,0.9998372206426205,3.871566273640906e-06,0.0
581,4,8.554546511647665e-05,7.086063774423195e-06,0.0,6.627626221502449e-05,0.9998372206426205,3.871566273640906e-06,0.0
582,4,8.554546511647665e-05,7.086063774423195e-06,0.0,6.627626221502449e-05,0.9998372206426205,3.871566273640906e-06,0.0
583,4,8.554546511647665e-05,7.086063774423195e-06,0.0,6.627626221502449e-05,0.9998372206426205,3.871566273640906e-06,0.0
584,4,8.554546511647665e-05,7.086063774423195e-06,0.0,6.627626221502449e-05,0.9998372206426205,3.871566273640906e-06,0.0
585,4,8.554546511647665e-05,7.086063774423195e-06,0.0,6.627626221502449e-05,0.9998372206426205,3.871566273640906e-06,0.0
586,3,8.59013677358494e-11,0.35931067867833866,0.0,0.6117843493999806,0.0,0.028904971835779447,0.0
587,4,7.166222967442272e-05,2.348161151450045e-06,0.0,0.00011489877905115728,0.999809448009515,1.6428206078289406e-06,0.0
588,4,7.687693243521725e-05,5.007087716623033e-06,0.0,7.34790862538437e-05,0.9998422206610154,2.416232578960105e-06,0.0
589,4,7.687693243521725e-05,5.007087716623033e-06,0.0,7.34790862538437e-05,0.9998422206610154,2.416232578960105e-06,0.0
590,4,7.247044501767888e-05,3.4649203416619787e-06,0.0,8.827071750720538e-05,0.9998339782328897,1.8156842436555283e-06,0.0
591,3,9.968978201925728e-06,0.05326088942528715,0.0,0.9414205223147823,0.0,0.005308619281728587,0.0
592,4,8.554546511647665e-05,7.086063774423195e-06,0.0,6.627626221502449e-05,0.9998372206426205,3.871566273640906e-06,0.0
593,3,8.59013677358494e-11,0.35931067867833866,0.0,0.6117843493999806,0.0,0.028904971835779447,0.0
594,4,0.00012226226796021035,1.3329829164850664e-05,0.0,6.859368205331706e-05,0.9997784631072436,1.7351113578193305e-05,0.0
595,3,8.59013677358494e-11,0.35931067867833866,0.0,0.6117843493999806,0.0,0.028904971835779447,0.0
596,4,0.00015702737219007538,1.771791684960244e-05,0.0,7.87053709068048e-05,0.9996980195456995,4.8529794354145134e-05,0.0
597,0,0.9997584183494967,2.5705452290990558e-05,0.0,5.132365170354215e-06,0.0,0.0002107438330418483,0.0
598,3,1.914834624162666e-05,0.03510791496086681,0.0,0.9036937099919988,0.0,0.061179226700892535,0.0
599,2,3.681726475380514e-05,4.013803066504497e-06,0.8259512341149247,1.7029394545080928e-05,0.17396246300475052,2.8442417959591446e-05,0.0
600,2,1.39016471494221e-05,8.992335049750125e-13,0.5274361772357831,1.5794612925374473e-21,0.0,3.7887296391648886e-08,0.4725498832288717
601,2,0.0014996963138832714,1.4394550035829943e-07,0.9984954250511128,5.6913601517477004e-09,0.0,4.728998143472087e-06,0.0
602,2,3.681726475380514e-05,4.013803066504497e-06,0.8259512341149247,1.7029394545080928e-05,0.17396246300475052,2.8442417959591446e-05,0.0
603,4,0.00012226226796021035,1.3329829164850664e-05,0.0,6.859368205331706e-05,0.9997784631072436,1.7351113578193305e-05,0.0
604,4,0.00015702737219007538,1.771791684960244e-05,0.0,7.87053709068048e-05,0.9996980195456995,4.8529794354145134e-05,0.0
605,3,8.59013677358494e-11,0.35931067867833866,0.0,0.6117843493999806,0.0,0.028904971835779447,0.0
606,1,2.4763510597812266e-18,0.9517026783720949,0.0,0.0025805874196361115,0.0,0.045716734208269175,0.0
607,1,2.4763510597812266e-18,0.9517026783720949,0.0,0.0025805874196361115,0.0,0.045716734208269175,0.0
608,0,0.9999158604011553,7.577529924024958e-06,0.0,7.383559857871472e-06,0.0,6.91785090627512e-05,0.0
609,3,9.968978201925728e-06,0.05326088942528715,0.0,0.9414205223147823,0.0,0.005308619281728587,0.0
610,0,0.9997584183494967,2.5705452290990558e-05,0.0,5.132365170354215e-06,0.0,0.0002107438330418483,0.0
611,3,9.968978201925728e-06,0.05326088942528715,0.0,0.9414205223147823,0.0,0.005308619281728587,0.0
612,0,0.9998667955877587,1.4444692337470202e-05,0.0,6.0570880456767934e-06,0.0,0.00011270263185809902,0.0
613,0,0.9999158604011553,7.577529924024958e-06,0.0,7.383559857871472e-06,0.0,6.91785090627512e-05,0.0
614,3,9.968978201925728e-06,0.05326088942528715,0.0,0.9414205223147823,0.0,0.005308619281728587,0.0
615,0,0.9998667955877587,1.4444692337470202e-05,0.0,6.0570880456767934e-06,0.0,0.00011270263185809902,0.0
616,0,0.9999158604011553,7.577529924024958e-06,0.0,7.383559857871472e-06,0.0,6.91785090627512e-05,0.0
617,0,0.999977782294173,6.415127841199618e-08,0.0,3.100984485967844e-11,0.0,2.2153523538747307e-05,0.0
618,4,7.687693243521725e-05,5.007087716623033e-06,0.0,7.34790862538437e-05,0.9998422206610154,2.416232578960105e-06,0.0
619,0,0.9999158604011553,7.577529924024958e-06,0.0,7.383559857871472e-06,0.0,6.91785090627512e-05,0.0
620,4,7.247044501767888e-05,3.4649203416619787e-06,0.0,8.827071750720538e-05,0.9998339782328897,1.8156842436555283e-06,0.0
621,0,0.9988161379559544,6.619573985546894e-05,0.0,4.058387691853059e-06,0.0,0.0011136079164983936,0.0
622,6,4.3700098431458424e-05,8.687049219024051e-13,0.0,5.189532206609652e-21,0.0,3.289397809516881e-08,0.9999562670067219
623,0,0.9999382526254033,3.711056119886547e-06,0.0,9.296885227597832e-06,0.0,4.8739433249505176e-05,0.0
624,0,0.9998667955877587,1.4444692337470202e-05,0.0,6.0570880456767934e-06,0.0,0.00011270263185809902,0.0
625,3,5.923856226278141e-06,0.03577476406506516,0.0,0.9612737587573726,0.0,0.002945553321335698,0.0
626,3,5.923856226278141e-06,0.03577476406506516,0.0,0.9612737587573726,0.0,0.002945553321335698,0.0
627,3,1.236967647485555e-05,0.05607276650801913,0.0,0.9355318701974386,0.0,0.008382993618067679,0.0
628,2,0.0014996963138832714,1.4394550035829943e-07,0.9984954250511128,5.6913601517477004e-09,0.0,4.728998143472087e-06,0.0
629,3,9.968978201925728e-06,0.05326088942528715,0.0,0.9414205223147823,0.0,0.005308619281728587,0.0
630,0,0.9995005408779141,4.270112595752027e-05,0.0,4.491460588204301e-06,0.0,0.0004522665355403516,0.0
631,0,0.9999974713452913,8.386835033709973e-10,0.0,6.961276824943858e-11,0.0,2.5277464123243486e-06,0.0
632,4,0.00015702737219007538,1.771791684960244e-05,0.0,7.87053709068048e-05,0.9996980195456995,4.8529794354145134e-05,0.0
633,1,1.1249049158576436e-27,0.8815335041699437,0.0,1.1981735209581502e-07,0.0,0.11846637601270434,0.0
634,3,1.730622568153091e-05,0.045957246942005724,0.0,0.9252968743678995,0.0,0.028728572464413016,0.0
635,4,7.247044501767888e-05,3.4649203416619787e-06,0.0,8.827071750720538e-05,0.9998339782328897,1.8156842436555283e-06,0.0
636,3,1.236967647485555e-05,0.05607276650801913,0.0,0.9355318701974386,0.0,0.008382993618067679,0.0
637,0,0.9998667955877587,1.4444692337470202e-05,0.0,6.0570880456767934e-06,0.0,0.00011270263185809902,0.0
638,6,0.00010458430560650305,9.328499832511545e-15,0.0,2.0499251748908764e-20,0.0,1.8187132975305206e-09,0.9998954138756709
639,3,3.0917194907409346e-06,0.016033752887392373,0.0,0.9814712657884455,0.0,0.002491889604671253,0.0
640,0,0.9999382526254033,3.711056119886547e-06,0.0,9.296885227597832e-06,0.0,4.8739433249505176e-05,0.0
641,4,7.166222967442272e-05,2.348161151450045e-06,0.0,0.00011489877905115728,0.999809448009515,1.6428206078289406e-06,0.0
642,0,0.9999460358003717,1.5977200199779238e-07,0.0,2.7472233509735677e-11,0.0,5.380440015414061e-05,0.0
643,0,0.9997584183494967,2.5705452290990558e-05,0.0,5.132365170354215e-06,0.0,0.0002107438330418483,0.0
644,1,5.2294625293577055e-18,0.9326736070737094,0.0,0.0038657561808668724,0.0,0.06346063674542375,0.0
645,0,0.9988161379559544,6.619573985546894e-05,0.0,4.058387691853059e-06,0.0,0.0011136079164983936,0.0
646,4,7.687693243521725e-05,5.007087716623033e-06,0.0,7.34790862538437e-05,0.9998422206610154,2.416232578960105e-06,0.0
647,1,1.1498326616073074e-17,0.8884907451716046,0.0,0.006228226899293377,0.0,0.10528102792910207,0.0
648,0,0.9999158604011553,7.577529924024958e-06,0.0,7.383559857871472e-06,0.0,6.91785090627512e-05,0.0
649,0,0.9997584183494967,2.5705452290990558e-05,0.0,5.132365170354215e-06,0.0,0.0002107438330418483,0.0
650,4,8.554546511647665e-05,7.086063774423195e-06,0.0,6.627626221502449e-05,0.9998372206426205,3.871566273640906e-06,0.0
651,0,0.9988161379559544,6.619573985546894e-05,0.0,4.058387691853059e-06,0.0,0.0011136079164983936,0.0
652,1,2.4763510597812266e-18,0.9517026783720949,0.0,0.0025805874196361115,0.0,0.045716734208269175,0.0
653,3,5.923856226278141e-06,0.03577476406506516,0.0,0.9612737587573726,0.0,0.002945553321335698,0.0
654,4,9.230018839392754e-05,6.446566040572498e-07,0.0,0.000410037747785642,0.9994933100363383,3.70737087796399e-06,0.0
655,3,7.802747663615412e-06,0.04587029563661648,0.0,0.9503743091455186,0.0,0.0037475924702014443,0.0
656,3,7.802747663615412e-06,0.04587029563661648,0.0,0.9503743091455186,0.0,0.0037475924702014443,0.0
657,3,1.730622568153091e-05,0.045957246942005724,0.0,0.9252968743678995,0.0,0.028728572464413016,0.0
658,5,2.1961280688615694e-101,8.640647269909885e-09,0.0,3.1778683113056964e-58,0.0,0.9999999913593527,0.0
659,3,2.0374133729658085e-10,0.0579339381362591,0.0,0.691082786919423,0.0,0.2509832747405763,0.0
660,4,9.985351971380354e-05,9.820925950812208e-06,0.0,6.477375124267313e-05,0.9998180824356885,7.469367404315191e-06,0.0
661,0,0.9999464434892359,7.242818491743906e-07,0.0,1.6244596907534145e-05,0.0,3.658763200730927e-05,0.0
662,0,0.9999895060089817,2.404713496177979e-08,0.0,3.6155790639844315e-11,0.0,1.0469907727426812e-05,0.0
663,0,0.9999895060089817,2.404713496177979e-08,0.0,3.6155790639844315e-11,0.0,1.0469907727426812e-05,0.0
664,1,2.4763510597812266e-18,0.9517026783720949,0.0,0.0025805874196361115,0.0,0.045716734208269175,0.0
665,6,6.046525373222814e-05,3.4485893109453896e-13,0.0,7.752398479485433e-21,0.0,1.4428800047533201e-08,0.999939520317123
666,0,0.9999460358003717,1.5977200199779238e-07,0.0,2.7472233509735677e-11,0.0,5.380440015414061e-05,0.0
667,0,0.9999943118642458,8.415510088269047e-09,0.0,4.354461643421086e-11,0.0,5.679676699513939e-06,0.0
668,0,0.999977782294173,6.415127841199618e-08,0.0,3.100984485967844e-11,0.0,2.2153523538747307e-05,0.0
669,4,9.985351971380354e-05,9.820925950812208e-06,0.0,6.477375124267313e-05,0.9998180824356885,7.469367404315191e-06,0.0
670,0,0.999977782294173,6.415127841199618e-08,0.0,3.100984485967844e-11,0.0,2.2153523538747307e-05,0.0
671,0,0.9999460358003717,1.5977200199779238e-07,0.0,2.7472233509735677e-11,0.0,5.380440015414061e-05,0.0
672,4,7.687693243521725e-05,5.007087716623033e-06,0.0,7.34790862538437e-05,0.9998422206610154,2.416232578960105e-06,0.0
673,0,0.9999980469226107,6.349842701914693e-11,0.0,1.2669736511523968e-10,0.0,1.9528871932033214e-06,0.0
674,0,0.9999382526254033,3.711056119886547e-06,0.0,9.296885227597832e-06,0.0,4.8739433249505176e-05,0.0
675,2,1.39016471494221e-05,8.992335049750125e-13,0.5274361772357831,1.5794612925374473e-21,0.0,3.7887296391648886e-08,0.4725498832288717
676,4,7.166222967442272e-05,2.348161151450045e-06,0.0,0.00011489877905115728,0.999809448009515,1.6428206078289406e-06,0.0
677,2,1.39016471494221e-05,8.992335049750125e-13,0.5274361772357831,1.5794612925374473e-21,0.0,3.7887296391648886e-08,0.4725498832288717
678,2,1.39016471494221e-05,8.992335049750125e-13,0.5274361772357831,1.5794612925374473e-21,0.0,3.7887296391648886e-08,0.4725498832288717
679,4,8.554546511647665e-05,7.086063774423195e-06,0.0,6.627626221502449e-05,0.9998372206426205,3.871566273640906e-06,0.0
680,2,1.39016471494221e-05,8.992335049750125e-13,0.5274361772357831,1.5794612925374473e-21,0.0,3.7887296391648886e-08,0.4725498832288717
681,2,1.39016471494221e-05,8.992335049750125e-13,0.5274361772357831,1.5794612925374473e-21,0.0,3.7887296391648886e-08,0.4725498832288717
682,2,1.39016471494221e-05,8.992335049750125e-13,0.5274361772357831,1.5794612925374473e-21,0.0,3.7887296391648886e-08,0.4725498832288717
683,2,1.39016471494221e-05,8.992335049750125e-13,0.5274361772357831,1.5794612925374473e-21,0.0,3.7887296391648886e-08,0.4725498832288717
684,2,1.39016471494221e-05,8.992335049750125e-13,0.5274361772357831,1.5794612925374473e-21,0.0,3.7887296391648886e-08,0.4725498832288717
685,2,1.39016471494221e-05,8.992335049750125e-13,0.5274361772357831,1.5794612925374473e-21,0.0,3.7887296391648886e-08,0.4725498832288717
686,2,1.39016471494221e-05,8.992335049750125e-13,0.5274361772357831,1.5794612925374473e-21,0.0,3.7887296391648886e-08,0.4725498832288717
687,6,7.79250281349768e-05,1.1904752756677657e-13,0.0,1.1142250779191337e-20,0.0,6.766675922766944e-09,0.9999220682050702
688,4,0.00012226226796021035,1.3329829164850664e-05,0.0,6.859368205331706e-05,0.9997784631072436,1.7351113578193305e-05,0.0
689,6,6.046525373222814e-05,3.4485893109453896e-13,0.0,7.752398479485433e-21,0.0,1.4428800047533201e-08,0.999939520317123
690,2,0.0014996963138832714,1.4394550035829943e-07,0.9984954250511128,5.6913601517477004e-09,0.0,4.728998143472087e-06,0.0
691,4,8.554546511647665e-05,7.086063774423195e-06,0.0,6.627626221502449e-05,0.9998372206426205,3.871566273640906e-06,0.0
692,4,0.00012226226796021035,1.3329829164850664e-05,0.0,6.859368205331706e-05,0.9997784631072436,1.7351113578193305e-05,0.0
693,2,1.39016471494221e-05,8.992335049750125e-13,0.5274361772357831,1.5794612925374473e-21,0.0,3.7887296391648886e-08,0.4725498832288717
694,0,0.9999158604011553,7.577529924024958e-06,0.0,7.383559857871472e-06,0.0,6.91785090627512e-05,0.0
695,3,9.968978201925728e-06,0.05326088942528715,0.0,0.9414205223147823,0.0,0.005308619281728587,0.0
696,4,8.554546511647665e-05,7.086063774423195e-06,0.0,6.627626221502449e-05,0.9998372206426205,3.871566273640906e-06,0.0
697,6,7.79250281349768e-05,1.1904752756677657e-13,0.0,1.1142250779191337e-20,0.0,6.766675922766944e-09,0.9999220682050702
698,0,0.9998667955877587,1.4444692337470202e-05,0.0,6.0570880456767934e-06,0.0,0.00011270263185809902,0.0
699,0,0.9997584183494967,2.5705452290990558e-05,0.0,5.132365170354215e-06,0.0,0.0002107438330418483,0.0
700,6,9.353987502015638e-05,3.573634196920349e-14,0.0,1.540777192168694e-20,0.0,3.3927588445472e-09,0.9999064567321855
701,3,4.2442394666444954e-11,0.45086912681572644,0.0,0.5320591205995429,0.0,0.017071752542288182,0.0
702,4,7.687693243521725e-05,5.007087716623033e-06,0.0,7.34790862538437e-05,0.9998422206610154,2.416232578960105e-06,0.0
703,3,1.730622568153091e-05,0.045957246942005724,0.0,0.9252968743678995,0.0,0.028728572464413016,0.0
704,2,0.0014996963138832714,1.4394550035829943e-07,0.9984954250511128,5.6913601517477004e-09,0.0,4.728998143472087e-06,0.0
705,0,0.9998667955877587,1.4444692337470202e-05,0.0,6.0570880456767934e-06,0.0,0.00011270263185809902,0.0
706,4,8.554546511647665e-05,7.086063774423195e-06,0.0,6.627626221502449e-05,0.9998372206426205,3.871566273640906e-06,0.0
707,0,0.9997584183494967,2.5705452290990558e-05,0.0,5.132365170354215e-06,0.0,0.0002107438330418483,0.0
708,3,9.968978201925728e-06,0.05326088942528715,0.0,0.9414205223147823,0.0,0.005308619281728587,0.0
709,3,1.730622568153091e-05,0.045957246942005724,0.0,0.9252968743678995,0.0,0.028728572464413016,0.0
710,4,7.687693243521725e-05,5.007087716623033e-06,0.0,7.34790862538437e-05,0.9998422206610154,2.416232578960105e-06,0.0
711,4,9.985351971380354e-05,9.820925950812208e-06,0.0,6.477375124267313e-05,0.9998180824356885,7.469367404315191e-06,0.0
712,4,8.554546511647665e-05,7.086063774423195e-06,0.0,6.627626221502449e-05,0.9998372206426205,3.871566273640906e-06,0.0
713,4,8.554546511647665e-05,7.086063774423195e-06,0.0,6.627626221502449e-05,0.9998372206426205,3.871566273640906e-06,0.0
714,0,0.9999943118642458,8.415510088269047e-09,0.0,4.354461643421086e-11,0.0,5.679676699513939e-06,0.0
715,0,0.9999895060089817,2.404713496177979e-08,0.0,3.6155790639844315e-11,0.0,1.0469907727426812e-05,0.0
716,6,7.79250281349768e-05,1.1904752756677657e-13,0.0,1.1142250779191337e-20,0.0,6.766675922766944e-09,0.9999220682050702
717,3,6.04624727156723e-11,0.41712401584464126,0.0,0.5621139742411533,0.0,0.020762009853743154,0.0
718,4,8.554546511647665e-05,7.086063774423195e-06,0.0,6.627626221502449e-05,0.9998372206426205,3.871566273640906e-06,0.0
719,3,9.968978201925728e-06,0.05326088942528715,0.0,0.9414205223147823,0.0,0.005308619281728587,0.0
720,3,3.0917194907409346e-06,0.016033752887392373,0.0,0.9814712657884455,0.0,0.002491889604671253,0.0
721,0,0.9998667955877587,1.4444692337470202e-05,0.0,6.0570880456767934e-06,0.0,0.00011270263185809902,0.0
722,4,9.985351971380354e-05,9.820925950812208e-06,0.0,6.477375124267313e-05,0.9998180824356885,7.469367404315191e-06,0.0
723,3,7.802747663615412e-06,0.04587029563661648,0.0,0.9503743091455186,0.0,0.0037475924702014443,0.0
724,4,8.554546511647665e-05,7.086063774423195e-06,0.0,6.627626221502449e-05,0.9998372206426205,3.871566273640906e-06,0.0
725,4,8.554546511647665e-05,7.086063774423195e-06,0.0,6.627626221502449e-05,0.9998372206426205,3.871566273640906e-06,0.0
726,1,1.1498326616073074e-17,0.8884907451716046,0.0,0.006228226899293377,0.0,0.10528102792910207,0.0
727,3,6.04624727156723e-11,0.41712401584464126,0.0,0.5621139742411533,0.0,0.020762009853743154,0.0
728,0,0.9998667955877587,1.4444692337470202e-05,0.0,6.0570880456767934e-06,0.0,0.00011270263185809902,0.0
729,6,7.79250281349768e-05,1.1904752756677657e-13,0.0,1.1142250779191337e-20,0.0,6.766675922766944e-09,0.9999220682050702
730,0,0.9999381848299358,2.8863593585926526e-07,0.0,2.2542979737763512e-05,0.0,3.898355439095723e-05,0.0
731,2,1.39016471494221e-05,8.992335049750125e-13,0.5274361772357831,1.5794612925374473e-21,0.0,3.7887296391648886e-08,0.4725498832288717
732,2,1.39016471494221e-05,8.992335049750125e-13,0.5274361772357831,1.5794612925374473e-21,0.0,3.7887296391648886e-08,0.4725498832288717
733,0,0.9999964605881363,2.7495300993686918e-09,0.0,5.417155014310834e-11,0.0,3.5366081622588184e-06,0.0
734,0,0.9999158604011553,7.577529924024958e-06,0.0,7.383559857871472e-06,0.0,6.91785090627512e-05,0.0
735,2,0.0014996963138832714,1.4394550035829943e-07,0.9984954250511128,5.6913601517477004e-09,0.0,4.728998143472087e-06,0.0
736,0,0.9999464434892359,7.242818491743906e-07,0.0,1.6244596907534145e-05,0.0,3.658763200730927e-05,0.0
737,5,1.7700706253020605e-99,3.267522839691074e-09,0.0,6.859268260909641e-57,0.0,0.9999999967324769,0.0
738,0,0.9999467960707927,1.6967718562712072e-06,0.0,1.2091619310999e-05,0.0,3.941553804007201e-05,0.0
739,3,4.3535128011777855e-06,0.02521520304314365,0.0,0.9722080137650291,0.0,0.002572429679026221,0.0
740,4,9.985351971380354e-05,9.820925950812208e-06,0.0,6.477375124267313e-05,0.9998180824356885,7.469367404315191e-06,0.0
741,0,0.9999382526254033,3.711056119886547e-06,0.0,9.296885227597832e-06,0.0,4.8739433249505176e-05,0.0
742,0,0.9999964605881363,2.7495300993686918e-09,0.0,5.417155014310834e-11,0.0,3.5366081622588184e-06,0.0
743,6,6.046525373222814e-05,3.4485893109453896e-13,0.0,7.752398479485433e-21,0.0,1.4428800047533201e-08,0.999939520317123
744,2,1.39016471494221e-05,8.992335049750125e-13,0.5274361772357831,1.5794612925374473e-21,0.0,3.7887296391648886e-08,0.4725498832288717
745,3,4.2442394666444954e-11,0.45086912681572644,0.0,0.5320591205995429,0.0,0.017071752542288182,0.0
746,0,0.999977782294173,6.415127841199618e-08,0.0,3.100984485967844e-11,0.0,2.2153523538747307e-05,0.0
747,6,0.00010891484932925781,2.1175147777982556e-15,0.0,2.624027391798959e-20,0.0,1.0423415769275298e-09,0.999891084108327
748,2,0.001259049821585491,1.015480477416107e-09,0.9987403447790473,2.992407080459989e-14,0.0,6.043838566177605e-07,0.0
749,1,2.3678294786582773e-26,0.6766883991470057,0.0,7.878529624982746e-07,0.0,0.32331081300003184,0.0
750,2,1.39016471494221e-05,8.992335049750125e-13,0.5274361772357831,1.5794612925374473e-21,0.0,3.7887296391648886e-08,0.4725498832288717
751,1,1.1498326616073074e-17,0.8884907451716046,0.0,0.006228226899293377,0.0,0.10528102792910207,0.0
752,3,7.802747663615412e-06,0.04587029563661648,0.0,0.9503743091455186,0.0,0.0037475924702014443,0.0
753,3,9.968978201925728e-06,0.05326088942528715,0.0,0.9414205223147823,0.0,0.005308619281728587,0.0
754,1,4.284729474456256e-28,0.882535428242706,0.0,7.176726195873804e-08,0.0,0.11746449999003204,0.0
755,4,7.687693243521725e-05,5.007087716623033e-06,0.0,7.34790862538437e-05,0.9998422206610154,2.416232578960105e-06,0.0
756,4,0.00015702737219007538,1.771791684960244e-05,0.0,7.87053709068048e-05,0.9996980195456995,4.8529794354145134e-05,0.0
757,3,1.5504876815341353e-11,0.39820382015726874,0.0,0.5788699258516662,0.0,0.02292625397556049,0.0
758,2,0.001259049821585491,1.015480477416107e-09,0.9987403447790473,2.992407080459989e-14,0.0,6.043838566177605e-07,0.0
759,0,0.9998667955877587,1.4444692337470202e-05,0.0,6.0570880456767934e-06,0.0,0.00011270263185809902,0.0
760,4,0.00011047862402747124,4.017516728602705e-07,0.0,0.0007355195878058924,0.9991465515313371,7.0485051568336295e-06,0.0
761,1,1.1498326616073074e-17,0.8884907451716046,0.0,0.006228226899293377,0.0,0.10528102792910207,0.0
762,6,9.353987502015638e-05,3.573634196920349e-14,0.0,1.540777192168694e-20,0.0,3.3927588445472e-09,0.9999064567321855
763,0,0.9999464434892359,7.242818491743906e-07,0.0,1.6244596907534145e-05,0.0,3.658763200730927e-05,0.0
764,0,0.9999460358003717,1.5977200199779238e-07,0.0,2.7472233509735677e-11,0.0,5.380440015414061e-05,0.0
765,2,1.39016471494221e-05,8.992335049750125e-13,0.5274361772357831,1.5794612925374473e-21,0.0,3.7887296391648886e-08,0.4725498832288717
766,3,9.968978201925728e-06,0.05326088942528715,0.0,0.9414205223147823,0.0,0.005308619281728587,0.0
767,6,4.3700098431458424e-05,8.687049219024051e-13,0.0,5.189532206609652e-21,0.0,3.289397809516881e-08,0.9999562670067219
768,3,7.802747663615412e-06,0.04587029563661648,0.0,0.9503743091455186,0.0,0.0037475924702014443,0.0
769,3,7.802747663615412e-06,0.04587029563661648,0.0,0.9503743091455186,0.0,0.0037475924702014443,0.0
770,0,0.9997584183494967,2.5705452290990558e-05,0.0,5.132365170354215e-06,0.0,0.0002107438330418483,0.0
771,4,0.00012226226796021035,1.3329829164850664e-05,0.0,6.859368205331706e-05,0.9997784631072436,1.7351113578193305e-05,0.0
772,3,4.2442394666444954e-11,0.45086912681572644,0.0,0.5320591205995429,0.0,0.017071752542288182,0.0
773,3,1.914834624162666e-05,0.03510791496086681,0.0,0.9036937099919988,0.0,0.061179226700892535,0.0
774,3,1.489218719775696e-05,0.05347491308729993,0.0,0.9317669571278138,0.0,0.014743237597688499,0.0
775,3,1.236967647485555e-05,0.05607276650801913,0.0,0.9355318701974386,0.0,0.008382993618067679,0.0
776,3,1.236967647485555e-05,0.05607276650801913,0.0,0.9355318701974386,0.0,0.008382993618067679,0.0
777,3,8.59013677358494e-11,0.35931067867833866,0.0,0.6117843493999806,0.0,0.028904971835779447,0.0
778,1,2.5255497264015964e-17,0.7893723510538334,0.0,0.010354268722660352,0.0,0.20027338022350596,0.0
779,3,1.236967647485555e-05,0.05607276650801913,0.0,0.9355318701974386,0.0,0.008382993618067679,0.0
780,3,1.9117726791195488e-10,0.11801876389607593,0.0,0.7435360027523269,0.0,0.13844523316041998,0.0
781,3,4.2442394666444954e-11,0.45086912681572644,0.0,0.5320591205995429,0.0,0.017071752542288182,0.0
782,3,8.59013677358494e-11,0.35931067867833866,0.0,0.6117843493999806,0.0,0.028904971835779447,0.0
783,3,7.802747663615412e-06,0.04587029563661648,0.0,0.9503743091455186,0.0,0.0037475924702014443,0.0
784,1,4.998291876417568e-17,0.5899529839996792,0.0,0.01602138975875547,0.0,0.3940256262415652,0.0
785,3,8.59013677358494e-11,0.35931067867833866,0.0,0.6117843493999806,0.0,0.028904971835779447,0.0
786,3,6.04624727156723e-11,0.41712401584464126,0.0,0.5621139742411533,0.0,0.020762009853743154,0.0
787,3,1.1930680119866043e-10,0.28248024808635913,0.0,0.6723642805197685,0.0,0.04515547127456548,0.0
788,3,1.236967647485555e-05,0.05607276650801913,0.0,0.9355318701974386,0.0,0.008382993618067679,0.0
789,3,3.0054256857347214e-11,0.4589760495148022,0.0,0.5247698596114115,0.0,0.016254090843732083,0.0
790,3,1.730622568153091e-05,0.045957246942005724,0.0,0.9252968743678995,0.0,0.028728572464413016,0.0
791,0,0.9988161379559544,6.619573985546894e-05,0.0,4.058387691853059e-06,0.0,0.0011136079164983936,0.0
792,1,2.5255497264015964e-17,0.7893723510538334,0.0,0.010354268722660352,0.0,0.20027338022350596,0.0
793,4,7.687693243521725e-05,5.007087716623033e-06,0.0,7.34790862538437e-05,0.9998422206610154,2.416232578960105e-06,0.0
794,3,6.04624727156723e-11,0.41712401584464126,0.0,0.5621139742411533,0.0,0.020762009853743154,0.0
795,3,1.489218719775696e-05,0.05347491308729993,0.0,0.9317669571278138,0.0,0.014743237597688499,0.0
796,3,1.9117726791195488e-10,0.11801876389607593,0.0,0.7435360027523269,0.0,0.13844523316041998,0.0
797,2,3.2898549276650735e-08,3.888075778391653e-05,0.9983132080289717,0.0014156612082676162,0.0,0.0002322171064273422,0.0
798,3,1.575724027737135e-10,0.19715961588086742,0.0,0.725841972907865,0.0,0.07699841105369538,0.0
799,3,1.236967647485555e-05,0.05607276650801913,0.0,0.9355318701974386,0.0,0.008382993618067679,0.0
800,3,9.968978201925728e-06,0.05326088942528715,0.0,0.9414205223147823,0.0,0.005308619281728587,0.0
801,3,1.575724027737135e-10,0.19715961588086742,0.0,0.725841972907865,0.0,0.07699841105369538,0.0
802,5,9.580786385243408e-38,0.386707516577499,0.0,3.6349681597839206e-13,0.0,0.6132924834221374,0.0
803,3,1.9117726791195488e-10,0.11801876389607593,0.0,0.7435360027523269,0.0,0.13844523316041998,0.0
804,0,0.9999464434892359,7.242818491743906e-07,0.0,1.6244596907534145e-05,0.0,3.658763200730927e-05,0.0
805,4,8.554546511647665e-05,7.086063774423195e-06,0.0,6.627626221502449e-05,0.9998372206426205,3.871566273640906e-06,0.0
806,4,7.687693243521725e-05,5.007087716623033e-06,0.0,7.34790862538437e-05,0.9998422206610154,2.416232578960105e-06,0.0
807,0,0.9999382526254033,3.711056119886547e-06,0.0,9.296885227597832e-06,0.0,4.8739433249505176e-05,0.0
808,0,0.9998667955877587,1.4444692337470202e-05,0.0,6.0570880456767934e-06,0.0,0.00011270263185809902,0.0
809,6,6.046525373222814e-05,3.4485893109453896e-13,0.0,7.752398479485433e-21,0.0,1.4428800047533201e-08,0.999939520317123
810,0,0.9997584183494967,2.5705452290990558e-05,0.0,5.132365170354215e-06,0.0,0.0002107438330418483,0.0
811,3,4.3535128011777855e-06,0.02521520304314365,0.0,0.9722080137650291,0.0,0.002572429679026221,0.0
812,6,9.353987502015638e-05,3.573634196920349e-14,0.0,1.540777192168694e-20,0.0,3.3927588445472e-09,0.9999064567321855
813,6,9.353987502015638e-05,3.573634196920349e-14,0.0,1.540777192168694e-20,0.0,3.3927588445472e-09,0.9999064567321855
814,2,0.001259049821585491,1.015480477416107e-09,0.9987403447790473,2.992407080459989e-14,0.0,6.043838566177605e-07,0.0
815,2,0.001259049821585491,1.015480477416107e-09,0.9987403447790473,2.992407080459989e-14,0.0,6.043838566177605e-07,0.0
816,6,4.3700098431458424e-05,8.687049219024051e-13,0.0,5.189532206609652e-21,0.0,3.289397809516881e-08,0.9999562670067219
817,2,0.001259049821585491,1.015480477416107e-09,0.9987403447790473,2.992407080459989e-14,0.0,6.043838566177605e-07,0.0
818,3,1.236967647485555e-05,0.05607276650801913,0.0,0.9355318701974386,0.0,0.008382993618067679,0.0
819,6,4.3700098431458424e-05,8.687049219024051e-13,0.0,5.189532206609652e-21,0.0,3.289397809516881e-08,0.9999562670067219
820,4,7.247044501767888e-05,3.4649203416619787e-06,0.0,8.827071750720538e-05,0.9998339782328897,1.8156842436555283e-06,0.0
821,5,5.6285700720481763e-36,0.0014353924752080018,0.0,2.595701793468831e-12,0.0,0.9985646075221961,0.0
822,4,0.00011047862402747124,4.017516728602705e-07,0.0,0.0007355195878058924,0.9991465515313371,7.0485051568336295e-06,0.0
823,0,0.9995005408779141,4.270112595752027e-05,0.0,4.491460588204301e-06,0.0,0.0004522665355403516,0.0
824,0,0.9999381848299358,2.8863593585926526e-07,0.0,2.2542979737763512e-05,0.0,3.898355439095723e-05,0.0
825,0,0.9999467960707927,1.6967718562712072e-06,0.0,1.2091619310999e-05,0.0,3.941553804007201e-05,0.0
826,4,7.4332814499187e-05,1.558423534628109e-06,0.0,0.00016205274218525982,0.9997602663019958,1.7897177851611728e-06,0.0
827,3,4.3535128011777855e-06,0.02521520304314365,0.0,0.9722080137650291,0.0,0.002572429679026221,0.0
828,2,1.39016471494221e-05,8.992335049750125e-13,0.5274361772357831,1.5794612925374473e-21,0.0,3.7887296391648886e-08,0.4725498832288717
829,2,1.39016471494221e-05,8.992335049750125e-13,0.5274361772357831,1.5794612925374473e-21,0.0,3.7887296391648886e-08,0.4725498832288717
830,4,7.4332814499187e-05,1.558423534628109e-06,0.0,0.00016205274218525982,0.9997602663019958,1.7897177851611728e-06,0.0
831,0,0.9999381848299358,2.8863593585926526e-07,0.0,2.2542979737763512e-05,0.0,3.898355439095723e-05,0.0
832,0,0.9999199017237395,1.0738680694961006e-07,0.0,3.231399769247923e-05,0.0,4.767689176152145e-05,0.0
833,6,9.545125661045304e-05,7.174561832206533e-17,0.0,3.829362665141958e-20,0.0,4.184140566647701e-10,0.9999045483249754
834,1,6.583112087043509e-19,0.9559594554209702,0.0,0.001502586757539116,0.0,0.04253795782149082,0.0
835,3,7.802747663615412e-06,0.04587029563661648,0.0,0.9503743091455186,0.0,0.0037475924702014443,0.0
836,0,0.9988161379559544,6.619573985546894e-05,0.0,4.058387691853059e-06,0.0,0.0011136079164983936,0.0
837,3,6.04624727156723e-11,0.41712401584464126,0.0,0.5621139742411533,0.0,0.020762009853743154,0.0
838,3,4.3535128011777855e-06,0.02521520304314365,0.0,0.9722080137650291,0.0,0.002572429679026221,0.0
839,4,7.166222967442272e-05,2.348161151450045e-06,0.0,0.00011489877905115728,0.999809448009515,1.6428206078289406e-06,0.0
840,1,2.4763510597812266e-18,0.9517026783720949,0.0,0.0025805874196361115,0.0,0.045716734208269175,0.0
841,4,8.554546511647665e-05,7.086063774423195e-06,0.0,6.627626221502449e-05,0.9998372206426205,3.871566273640906e-06,0.0
842,0,0.9999460358003717,1.5977200199779238e-07,0.0,2.7472233509735677e-11,0.0,5.380440015414061e-05,0.0
843,6,0.00010891484932925781,2.1175147777982556e-15,0.0,2.624027391798959e-20,0.0,1.0423415769275298e-09,0.999891084108327
844,4,8.08767611298097e-05,1.0128802290381307e-06,0.0,0.0002476461665388931,0.9996681166380463,2.3475540558962833e-06,0.0
845,1,2.4763510597812266e-18,0.9517026783720949,0.0,0.0025805874196361115,0.0,0.045716734208269175,0.0
846,1,2.4763510597812266e-18,0.9517026783720949,0.0,0.0025805874196361115,0.0,0.045716734208269175,0.0
847,0,0.999977782294173,6.415127841199618e-08,0.0,3.100984485967844e-11,0.0,2.2153523538747307e-05,0.0
848,3,5.923856226278141e-06,0.03577476406506516,0.0,0.9612737587573726,0.0,0.002945553321335698,0.0
849,4,8.554546511647665e-05,7.086063774423195e-06,0.0,6.627626221502449e-05,0.9998372206426205,3.871566273640906e-06,0.0
850,2,0.0014996963138832714,1.4394550035829943e-07,0.9984954250511128,5.6913601517477004e-09,0.0,4.728998143472087e-06,0.0
851,3,3.0054256857347214e-11,0.4589760495148022,0.0,0.5247698596114115,0.0,0.016254090843732083,0.0
852,3,7.802747663615412e-06,0.04587029563661648,0.0,0.9503743091455186,0.0,0.0037475924702014443,0.0
853,3,4.2442394666444954e-11,0.45086912681572644,0.0,0.5320591205995429,0.0,0.017071752542288182,0.0
854,1,3.078896042698453e-27,0.857026762350012,0.0,2.1541760961438133e-07,0.0,0.14297302223237848,0.0
855,1,1.1249049158576436e-27,0.8815335041699437,0.0,1.1981735209581502e-07,0.0,0.11846637601270434,0.0
856,5,9.580786385243408e-38,0.386707516577499,0.0,3.6349681597839206e-13,0.0,0.6132924834221374,0.0
857,3,4.2442394666444954e-11,0.45086912681572644,0.0,0.5320591205995429,0.0,0.017071752542288182,0.0
858,1,1.2392926923737402e-18,0.9581676380353363,0.0,0.0018805745456680631,0.0,0.03995178741899557,0.0
859,3,4.2442394666444954e-11,0.45086912681572644,0.0,0.5320591205995429,0.0,0.017071752542288182,0.0
860,3,5.923856226278141e-06,0.03577476406506516,0.0,0.9612737587573726,0.0,0.002945553321335698,0.0
861,4,8.554546511647665e-05,7.086063774423195e-06,0.0,6.627626221502449e-05,0.9998372206426205,3.871566273640906e-06,0.0
862,1,6.583112087043509e-19,0.9559594554209702,0.0,0.001502586757539116,0.0,0.04253795782149082,0.0
863,4,7.687693243521725e-05,5.007087716623033e-06,0.0,7.34790862538437e-05,0.9998422206610154,2.416232578960105e-06,0.0
864,0,0.9999158604011553,7.577529924024958e-06,0.0,7.383559857871472e-06,0.0,6.91785090627512e-05,0.0
865,6,7.79250281349768e-05,1.1904752756677657e-13,0.0,1.1142250779191337e-20,0.0,6.766675922766944e-09,0.9999220682050702
866,0,0.9995005408779141,4.270112595752027e-05,0.0,4.491460588204301e-06,0.0,0.0004522665355403516,0.0
867,3,5.923856226278141e-06,0.03577476406506516,0.0,0.9612737587573726,0.0,0.002945553321335698,0.0
868,4,7.687693243521725e-05,5.007087716623033e-06,0.0,7.34790862538437e-05,0.9998422206610154,2.416232578960105e-06,0.0
869,4,7.247044501767888e-05,3.4649203416619787e-06,0.0,8.827071750720538e-05,0.9998339782328897,1.8156842436555283e-06,0.0
870,0,0.9998667955877587,1.4444692337470202e-05,0.0,6.0570880456767934e-06,0.0,0.00011270263185809902,0.0
871,6,9.545125661045304e-05,7.174561832206533e-17,0.0,3.829362665141958e-20,0.0,4.184140566647701e-10,0.9999045483249754
872,3,9.968978201925728e-06,0.05326088942528715,0.0,0.9414205223147823,0.0,0.005308619281728587,0.0
873,0,0.9999460358003717,1.5977200199779238e-07,0.0,2.7472233509735677e-11,0.0,5.380440015414061e-05,0.0
874,3,1.575724027737135e-10,0.19715961588086742,0.0,0.725841972907865,0.0,0.07699841105369538,0.0
875,6,4.3700098431458424e-05,8.687049219024051e-13,0.0,5.189532206609652e-21,0.0,3.289397809516881e-08,0.9999562670067219
876,0,0.9999158604011553,7.577529924024958e-06,0.0,7.383559857871472e-06,0.0,6.91785090627512e-05,0.0
877,6,6.046525373222814e-05,3.4485893109453896e-13,0.0,7.752398479485433e-21,0.0,1.4428800047533201e-08,0.999939520317123
878,6,6.046525373222814e-05,3.4485893109453896e-13,0.0,7.752398479485433e-21,0.0,1.4428800047533201e-08,0.999939520317123
879,0,0.9999895060089817,2.404713496177979e-08,0.0,3.6155790639844315e-11,0.0,1.0469907727426812e-05,0.0
880,0,0.9999460358003717,1.5977200199779238e-07,0.0,2.7472233509735677e-11,0.0,5.380440015414061e-05,0.0
881,3,7.802747663615412e-06,0.04587029563661648,0.0,0.9503743091455186,0.0,0.0037475924702014443,0.0
882,4,7.687693243521725e-05,5.007087716623033e-06,0.0,7.34790862538437e-05,0.9998422206610154,2.416232578960105e-06,0.0
883,3,7.802747663615412e-06,0.04587029563661648,0.0,0.9503743091455186,0.0,0.0037475924702014443,0.0
884,4,7.687693243521725e-05,5.007087716623033e-06,0.0,7.34790862538437e-05,0.9998422206610154,2.416232578960105e-06,0.0
885,4,7.687693243521725e-05,5.007087716623033e-06,0.0,7.34790862538437e-05,0.9998422206610154,2.416232578960105e-06,0.0
886,3,4.3535128011777855e-06,0.02521520304314365,0.0,0.9722080137650291,0.0,0.002572429679026221,0.0
887,4,7.247044501767888e-05,3.4649203416619787e-06,0.0,8.827071750720538e-05,0.9998339782328897,1.8156842436555283e-06,0.0
888,3,1.236967647485555e-05,0.05607276650801913,0.0,0.9355318701974386,0.0,0.008382993618067679,0.0
889,3,7.802747663615412e-06,0.04587029563661648,0.0,0.9503743091455186,0.0,0.0037475924702014443,0.0
890,0,0.9997584183494967,2.5705452290990558e-05,0.0,5.132365170354215e-06,0.0,0.0002107438330418483,0.0
891,0,0.9997584183494967,2.5705452290990558e-05,0.0,5.132365170354215e-06,0.0,0.0002107438330418483,0.0
892,0,0.9999943118642458,8.415510088269047e-09,0.0,4.354461643421086e-11,0.0,5.679676699513939e-06,0.0
893,0,0.9998667955877587,1.4444692337470202e-05,0.0,6.0570880456767934e-06,0.0,0.00011270263185809902,0.0
894,6,0.00010564742175550887,4.179789445630025e-16,0.0,3.231701881225863e-20,0.0,6.386910535530794e-10,0.999894351939553
895,4,8.554546511647665e-05,7.086063774423195e-06,0.0,6.627626221502449e-05,0.9998372206426205,3.871566273640906e-06,0.0
896,6,9.353987502015638e-05,3.573634196920349e-14,0.0,1.540777192168694e-20,0.0,3.3927588445472e-09,0.9999064567321855
897,6,0.00010458430560650305,9.328499832511545e-15,0.0,2.0499251748908764e-20,0.0,1.8187132975305206e-09,0.9998954138756709
898,0,0.9988161379559544,6.619573985546894e-05,0.0,4.058387691853059e-06,0.0,0.0011136079164983936,0.0
899,5,1.7700706253020605e-99,3.267522839691074e-09,0.0,6.859268260909641e-57,0.0,0.9999999967324769,0.0
900,5,9.580786385243408e-38,0.386707516577499,0.0,3.6349681597839206e-13,0.0,0.6132924834221374,0.0
901,4,7.687693243521725e-05,5.007087716623033e-06,0.0,7.34790862538437e-05,0.9998422206610154,2.416232578960105e-06,0.0
902,4,8.554546511647665e-05,7.086063774423195e-06,0.0,6.627626221502449e-05,0.9998372206426205,3.871566273640906e-06,0.0
903,0,0.9999979258846563,2.388358766158086e-10,0.0,9.240333489321759e-11,0.0,2.0737841042097045e-06,0.0
904,4,8.554546511647665e-05,7.086063774423195e-06,0.0,6.627626221502449e-05,0.9998372206426205,3.871566273640906e-06,0.0
905,1,2.4763510597812266e-18,0.9517026783720949,0.0,0.0025805874196361115,0.0,0.045716734208269175,0.0
906,1,1.7025877358399065e-28,0.860530085866071,0.0,4.632259494280305e-08,0.0,0.1394698678113336,0.0
907,3,3.0054256857347214e-11,0.4589760495148022,0.0,0.5247698596114115,0.0,0.016254090843732083,0.0
908,1,2.4763510597812266e-18,0.9517026783720949,0.0,0.0025805874196361115,0.0,0.045716734208269175,0.0
909,1,2.4763510597812266e-18,0.9517026783720949,0.0,0.0025805874196361115,0.0,0.045716734208269175,0.0
910,4,8.554546511647665e-05,7.086063774423195e-06,0.0,6.627626221502449e-05,0.9998372206426205,3.871566273640906e-06,0.0
911,0,0.9999382526254033,3.711056119886547e-06,0.0,9.296885227597832e-06,0.0,4.8739433249505176e-05,0.0
912,6,6.046525373222814e-05,3.4485893109453896e-13,0.0,7.752398479485433e-21,0.0,1.4428800047533201e-08,0.999939520317123
913,1,5.2294625293577055e-18,0.9326736070737094,0.0,0.0038657561808668724,0.0,0.06346063674542375,0.0
914,4,8.554546511647665e-05,7.086063774423195e-06,0.0,6.627626221502449e-05,0.9998372206426205,3.871566273640906e-06,0.0
915,5,2.0189118665656589e-50,0.02365662219778232,0.0,3.354776210109155e-21,0.0,0.9763433778022172,0.0
916,3,6.04624727156723e-11,0.41712401584464126,0.0,0.5621139742411533,0.0,0.020762009853743154,0.0
917,3,1.1930680119866043e-10,0.28248024808635913,0.0,0.6723642805197685,0.0,0.04515547127456548,0.0
918,1,3.7057343889457184e-19,0.9435940817491019,0.0,0.0013141821962760864,0.0,0.05509173605462218,0.0
919,4,8.554546511647665e-05,7.086063774423195e-06,0.0,6.627626221502449e-05,0.9998372206426205,3.871566273640906e-06,0.0
920,3,6.04624727156723e-11,0.41712401584464126,0.0,0.5621139742411533,0.0,0.020762009853743154,0.0
921,4,7.247044501767888e-05,3.4649203416619787e-06,0.0,8.827071750720538e-05,0.9998339782328897,1.8156842436555283e-06,0.0
922,4,7.247044501767888e-05,3.4649203416619787e-06,0.0,8.827071750720538e-05,0.9998339782328897,1.8156842436555283e-06,0.0
923,0,0.9999943118642458,8.415510088269047e-09,0.0,4.354461643421086e-11,0.0,5.679676699513939e-06,0.0
924,3,6.04624727156723e-11,0.41712401584464126,0.0,0.5621139742411533,0.0,0.020762009853743154,0.0
925,3,1.914834624162666e-05,0.03510791496086681,0.0,0.9036937099919988,0.0,0.061179226700892535,0.0
926,4,8.554546511647665e-05,7.086063774423195e-06,0.0,6.627626221502449e-05,0.9998372206426205,3.871566273640906e-06,0.0
927,4,8.554546511647665e-05,7.086063774423195e-06,0.0,6.627626221502449e-05,0.9998372206426205,3.871566273640906e-06,0.0
928,2,6.048206791311386e-13,7.395741135463843e-05,0.9966230749405336,0.0018481791588318042,0.0,0.0014547884886750946,0.0
929,0,0.999977782294173,6.415127841199618e-08,0.0,3.100984485967844e-11,0.0,2.2153523538747307e-05,0.0
930,4,7.166222967442272e-05,2.348161151450045e-06,0.0,0.00011489877905115728,0.999809448009515,1.6428206078289406e-06,0.0
931,0,0.9999460358003717,1.5977200199779238e-07,0.0,2.7472233509735677e-11,0.0,5.380440015414061e-05,0.0
932,3,1.575724027737135e-10,0.19715961588086742,0.0,0.725841972907865,0.0,0.07699841105369538,0.0
933,4,9.985351971380354e-05,9.820925950812208e-06,0.0,6.477375124267313e-05,0.9998180824356885,7.469367404315191e-06,0.0
934,4,0.00012226226796021035,1.3329829164850664e-05,0.0,6.859368205331706e-05,0.9997784631072436,1.7351113578193305e-05,0.0
935,3,1.5504876815341353e-11,0.39820382015726874,0.0,0.5788699258516662,0.0,0.02292625397556049,0.0
936,3,6.04624727156723e-11,0.41712401584464126,0.0,0.5621139742411533,0.0,0.020762009853743154,0.0
937,1,2.4763510597812266e-18,0.9517026783720949,0.0,0.0025805874196361115,0.0,0.045716734208269175,0.0
938,3,9.968978201925728e-06,0.05326088942528715,0.0,0.9414205223147823,0.0,0.005308619281728587,0.0
939,3,1.5504876815341353e-11,0.39820382015726874,0.0,0.5788699258516662,0.0,0.02292625397556049,0.0
940,1,1.1498326616073074e-17,0.8884907451716046,0.0,0.006228226899293377,0.0,0.10528102792910207,0.0
941,4,7.4332814499187e-05,1.558423534628109e-06,0.0,0.00016205274218525982,0.9997602663019958,1.7897177851611728e-06,0.0
942,4,7.166222967442272e-05,2.348161151450045e-06,0.0,0.00011489877905115728,0.999809448009515,1.6428206078289406e-06,0.0
943,1,2.4763510597812266e-18,0.9517026783720949,0.0,0.0025805874196361115,0.0,0.045716734208269175,0.0
944,0,0.9999158604011553,7.577529924024958e-06,0.0,7.383559857871472e-06,0.0,6.91785090627512e-05,0.0
945,5,1.4958205903242464e-25,0.08400243280934452,0.0,2.081599504170176e-06,0.0,0.9159954855911512,0.0
946,1,2.5255497264015964e-17,0.7893723510538334,0.0,0.010354268722660352,0.0,0.20027338022350596,0.0
947,4,7.247044501767888e-05,3.4649203416619787e-06,0.0,8.827071750720538e-05,0.9998339782328897,1.8156842436555283e-06,0.0
948,5,7.454015903016263e-17,0.31018299809445843,0.0,0.019295911271993156,0.0,0.6705210906335481,0.0
949,3,8.59013677358494e-11,0.35931067867833866,0.0,0.6117843493999806,0.0,0.028904971835779447,0.0
950,3,7.802747663615412e-06,0.04587029563661648,0.0,0.9503743091455186,0.0,0.0037475924702014443,0.0
951,1,2.3678294786582773e-26,0.6766883991470057,0.0,7.878529624982746e-07,0.0,0.32331081300003184,0.0
952,0,0.9999974713452913,8.386835033709973e-10,0.0,6.961276824943858e-11,0.0,2.5277464123243486e-06,0.0
953,5,7.480660609950814e-17,0.10246170886242587,0.0,0.016154468638715704,0.0,0.8813838224988582,0.0
954,1,4.998291876417568e-17,0.5899529839996792,0.0,0.01602138975875547,0.0,0.3940256262415652,0.0
955,2,0.0014996963138832714,1.4394550035829943e-07,0.9984954250511128,5.6913601517477004e-09,0.0,4.728998143472087e-06,0.0
956,3,1.9117726791195488e-10,0.11801876389607593,0.0,0.7435360027523269,0.0,0.13844523316041998,0.0
957,0,0.9999979258846563,2.388358766158086e-10,0.0,9.240333489321759e-11,0.0,2.0737841042097045e-06,0.0
958,1,1.1498326616073074e-17,0.8884907451716046,0.0,0.006228226899293377,0.0,0.10528102792910207,0.0
959,3,1.1930680119866043e-10,0.28248024808635913,0.0,0.6723642805197685,0.0,0.04515547127456548,0.0
960,3,1.914834624162666e-05,0.03510791496086681,0.0,0.9036937099919988,0.0,0.061179226700892535,0.0
961,5,5.6285700720481763e-36,0.0014353924752080018,0.0,2.595701793468831e-12,0.0,0.9985646075221961,0.0
962,0,0.9997584183494967,2.5705452290990558e-05,0.0,5.132365170354215e-06,0.0,0.0002107438330418483,0.0
963,0,0.9999943118642458,8.415510088269047e-09,0.0,4.354461643421086e-11,0.0,5.679676699513939e-06,0.0
964,4,7.687693243521725e-05,5.007087716623033e-06,0.0,7.34790862538437e-05,0.9998422206610154,2.416232578960105e-06,0.0
965,0,0.9988161379559544,6.619573985546894e-05,0.0,4.058387691853059e-06,0.0,0.0011136079164983936,0.0
966,0,0.9988161379559544,6.619573985546894e-05,0.0,4.058387691853059e-06,0.0,0.0011136079164983936,0.0
967,0,0.9999895060089817,2.404713496177979e-08,0.0,3.6155790639844315e-11,0.0,1.0469907727426812e-05,0.0
968,3,6.04624727156723e-11,0.41712401584464126,0.0,0.5621139742411533,0.0,0.020762009853743154,0.0
969,3,1.730622568153091e-05,0.045957246942005724,0.0,0.9252968743678995,0.0,0.028728572464413016,0.0
970,0,0.9997584183494967,2.5705452290990558e-05,0.0,5.132365170354215e-06,0.0,0.0002107438330418483,0.0
971,3,1.236967647485555e-05,0.05607276650801913,0.0,0.9355318701974386,0.0,0.008382993618067679,0.0
972,4,7.687693243521725e-05,5.007087716623033e-06,0.0,7.34790862538437e-05,0.9998422206610154,2.416232578960105e-06,0.0
973,4,9.985351971380354e-05,9.820925950812208e-06,0.0,6.477375124267313e-05,0.9998180824356885,7.469367404315191e-06,0.0
974,3,1.489218719775696e-05,0.05347491308729993,0.0,0.9317669571278138,0.0,0.014743237597688499,0.0
975,4,8.554546511647665e-05,7.086063774423195e-06,0.0,6.627626221502449e-05,0.9998372206426205,3.871566273640906e-06,0.0
976,3,1.575724027737135e-10,0.19715961588086742,0.0,0.725841972907865,0.0,0.07699841105369538,0.0
977,0,0.9999895060089817,2.404713496177979e-08,0.0,3.6155790639844315e-11,0.0,1.0469907727426812e-05,0.0
978,0,0.9999943118642458,8.415510088269047e-09,0.0,4.354461643421086e-11,0.0,5.679676699513939e-06,0.0
979,0,0.9999943118642458,8.415510088269047e-09,0.0,4.354461643421086e-11,0.0,5.679676699513939e-06,0.0
980,0,0.9999974713452913,8.386835033709973e-10,0.0,6.961276824943858e-11,0.0,2.5277464123243486e-06,0.0
981,3,7.802747663615412e-06,0.04587029563661648,0.0,0.9503743091455186,0.0,0.0037475924702014443,0.0
982,3,1.489218719775696e-05,0.05347491308729993,0.0,0.9317669571278138,0.0,0.014743237597688499,0.0
983,0,0.9999943118642458,8.415510088269047e-09,0.0,4.354461643421086e-11,0.0,5.679676699513939e-06,0.0
984,0,0.9988161379559544,6.619573985546894e-05,0.0,4.058387691853059e-06,0.0,0.0011136079164983936,0.0
985,1,1.1249049158576436e-27,0.8815335041699437,0.0,1.1981735209581502e-07,0.0,0.11846637601270434,0.0
986,3,7.802747663615412e-06,0.04587029563661648,0.0,0.9503743091455186,0.0,0.0037475924702014443,0.0
987,0,0.9995005408779141,4.270112595752027e-05,0.0,4.491460588204301e-06,0.0,0.0004522665355403516,0.0
988,0,0.9998496432947711,3.714753861113283e-07,0.0,2.513863008288035e-11,0.0,0.0001499852047041941,0.0
989,0,0.9997584183494967,2.5705452290990558e-05,0.0,5.132365170354215e-06,0.0,0.0002107438330418483,0.0
990,5,6.798216221208041e-50,0.013488962316166597,0.0,7.012775457523578e-21,0.0,0.9865110376838337,0.0
991,1,2.1897346339847504e-19,0.9127822544198725,0.0,0.0012463129415817118,0.0,0.08597143263854538,0.0
992,1,2.4763510597812266e-18,0.9517026783720949,0.0,0.0025805874196361115,0.0,0.045716734208269175,0.0
993,5,2.0189118665656589e-50,0.02365662219778232,0.0,3.354776210109155e-21,0.0,0.9763433778022172,0.0
994,4,9.985351971380354e-05,9.820925950812208e-06,0.0,6.477375124267313e-05,0.9998180824356885,7.469367404315191e-06,0.0
995,0,0.999977782294173,6.415127841199618e-08,0.0,3.100984485967844e-11,0.0,2.2153523538747307e-05,0.0
996,5,2.897606187839182e-37,0.27714952002140575,0.0,7.135016881823976e-13,0.0,0.7228504799778805,0.0
997,0,0.9999382526254033,3.711056119886547e-06,0.0,9.296885227597832e-06,0.0,4.8739433249505176e-05,0.0
998,0,0.9999158604011553,7.577529924024958e-06,0.0,7.383559857871472e-06,0.0,6.91785090627512e-05,0.0
999,2,3.681726475380514e-05,4.013803066504497e-06,0.8259512341149247,1.7029394545080928e-05,0.17396246300475052,2.8442417959591446e-05,0.0
1000,4,8.554546511647665e-05,7.086063774423195e-06,0.0,6.627626221502449e-05,0.9998372206426205,3.871566273640906e-06,0.0
1001,3,1.489218719775696e-05,0.05347491308729993,0.0,0.9317669571278138,0.0,0.014743237597688499,0.0
1002,0,0.999977782294173,6.415127841199618e-08,0.0,3.100984485967844e-11,0.0,2.2153523538747307e-05,0.0
1003,0,0.9999158604011553,7.577529924024958e-06,0.0,7.383559857871472e-06,0.0,6.91785090627512e-05,0.0
1004,0,0.9998667955877587,1.4444692337470202e-05,0.0,6.0570880456767934e-06,0.0,0.00011270263185809902,0.0
1005,3,7.802747663615412e-06,0.04587029563661648,0.0,0.9503743091455186,0.0,0.0037475924702014443,0.0
1006,3,8.59013677358494e-11,0.35931067867833866,0.0,0.6117843493999806,0.0,0.028904971835779447,0.0
1007,3,9.968978201925728e-06,0.05326088942528715,0.0,0.9414205223147823,0.0,0.005308619281728587,0.0
1008,0,0.9999460358003717,1.5977200199779238e-07,0.0,2.7472233509735677e-11,0.0,5.380440015414061e-05,0.0
1009,0,0.9995005408779141,4.270112595752027e-05,0.0,4.491460588204301e-06,0.0,0.0004522665355403516,0.0
1010,4,9.985351971380354e-05,9.820925950812208e-06,0.0,6.477375124267313e-05,0.9998180824356885,7.469367404315191e-06,0.0
1011,0,0.9999382526254033,3.711056119886547e-06,0.0,9.296885227597832e-06,0.0,4.8739433249505176e-05,0.0
1012,0,0.9999467960707927,1.6967718562712072e-06,0.0,1.2091619310999e-05,0.0,3.941553804007201e-05,0.0
1013,4,7.247044501767888e-05,3.4649203416619787e-06,0.0,8.827071750720538e-05,0.9998339782328897,1.8156842436555283e-06,0.0
1014,4,8.554546511647665e-05,7.086063774423195e-06,0.0,6.627626221502449e-05,0.9998372206426205,3.871566273640906e-06,0.0
1015,5,6.798216221208041e-50,0.013488962316166597,0.0,7.012775457523578e-21,0.0,0.9865110376838337,0.0
1016,4,7.687693243521725e-05,5.007087716623033e-06,0.0,7.34790862538437e-05,0.9998422206610154,2.416232578960105e-06,0.0
1017,0,0.9998667955877587,1.4444692337470202e-05,0.0,6.0570880456767934e-06,0.0,0.00011270263185809902,0.0
1018,0,0.9997584183494967,2.5705452290990558e-05,0.0,5.132365170354215e-06,0.0,0.0002107438330418483,0.0
1019,1,3.078896042698453e-27,0.857026762350012,0.0,2.1541760961438133e-07,0.0,0.14297302223237848,0.0
1020,3,2.152724697023599e-11,0.4412330319916169,0.0,0.540798652428411,0.0,0.017968315558444813,0.0
1021,1,1.1249049158576436e-27,0.8815335041699437,0.0,1.1981735209581502e-07,0.0,0.11846637601270434,0.0
1022,0,0.9995005408779141,4.270112595752027e-05,0.0,4.491460588204301e-06,0.0,0.0004522665355403516,0.0
1023,0,0.9999158604011553,7.577529924024958e-06,0.0,7.383559857871472e-06,0.0,6.91785090627512e-05,0.0
1024,3,1.1930680119866043e-10,0.28248024808635913,0.0,0.6723642805197685,0.0,0.04515547127456548,0.0
1025,2,1.39016471494221e-05,8.992335049750125e-13,0.5274361772357831,1.5794612925374473e-21,0.0,3.7887296391648886e-08,0.4725498832288717
1026,2,3.681726475380514e-05,4.013803066504497e-06,0.8259512341149247,1.7029394545080928e-05,0.17396246300475052,2.8442417959591446e-05,0.0
1027,2,3.2898549276650735e-08,3.888075778391653e-05,0.9983132080289717,0.0014156612082676162,0.0,0.0002322171064273422,0.0
1028,0,0.9995005408779141,4.270112595752027e-05,0.0,4.491460588204301e-06,0.0,0.0004522665355403516,0.0
1029,2,0.001259049821585491,1.015480477416107e-09,0.9987403447790473,2.992407080459989e-14,0.0,6.043838566177605e-07,0.0
1030,2,3.681726475380514e-05,4.013803066504497e-06,0.8259512341149247,1.7029394545080928e-05,0.17396246300475052,2.8442417959591446e-05,0.0
1031,4,7.166222967442272e-05,2.348161151450045e-06,0.0,0.00011489877905115728,0.999809448009515,1.6428206078289406e-06,0.0
1032,0,0.9997584183494967,2.5705452290990558e-05,0.0,5.132365170354215e-06,0.0,0.0002107438330418483,0.0
1033,1,5.2294625293577055e-18,0.9326736070737094,0.0,0.0038657561808668724,0.0,0.06346063674542375,0.0
1034,1,2.5255497264015964e-17,0.7893723510538334,0.0,0.010354268722660352,0.0,0.20027338022350596,0.0
1035,2,0.0014996963138832714,1.4394550035829943e-07,0.9984954250511128,5.6913601517477004e-09,0.0,4.728998143472087e-06,0.0
1036,2,1.39016471494221e-05,8.992335049750125e-13,0.5274361772357831,1.5794612925374473e-21,0.0,3.7887296391648886e-08,0.4725498832288717
1037,4,8.554546511647665e-05,7.086063774423195e-06,0.0,6.627626221502449e-05,0.9998372206426205,3.871566273640906e-06,0.0
1038,1,2.4763510597812266e-18,0.9517026783720949,0.0,0.0025805874196361115,0.0,0.045716734208269175,0.0
1039,1,1.7025877358399065e-28,0.860530085866071,0.0,4.632259494280305e-08,0.0,0.1394698678113336,0.0
1040,3,3.0054256857347214e-11,0.4589760495148022,0.0,0.5247698596114115,0.0,0.016254090843732083,0.0
1041,1,2.4763510597812266e-18,0.9517026783720949,0.0,0.0025805874196361115,0.0,0.045716734208269175,0.0
1042,1,2.4763510597812266e-18,0.9517026783720949,0.0,0.0025805874196361115,0.0,0.045716734208269175,0.0
1043,4,8.554546511647665e-05,7.086063774423195e-06,0.0,6.627626221502449e-05,0.9998372206426205,3.871566273640906e-06,0.0
1044,0,0.9999382526254033,3.711056119886547e-06,0.0,9.296885227597832e-06,0.0,4.8739433249505176e-05,0.0
1045,6,6.046525373222814e-05,3.4485893109453896e-13,0.0,7.752398479485433e-21,0.0,1.4428800047533201e-08,0.999939520317123
1046,1,5.2294625293577055e-18,0.9326736070737094,0.0,0.0038657561808668724,0.0,0.06346063674542375,0.0
1047,4,8.554546511647665e-05,7.086063774423195e-06,0.0,6.627626221502449e-05,0.9998372206426205,3.871566273640906e-06,0.0
1048,5,2.0189118665656589e-50,0.02365662219778232,0.0,3.354776210109155e-21,0.0,0.9763433778022172,0.0
1049,3,6.04624727156723e-11,0.41712401584464126,0.0,0.5621139742411533,0.0,0.020762009853743154,0.0
1050,3,1.1930680119866043e-10,0.28248024808635913,0.0,0.6723642805197685,0.0,0.04515547127456548,0.0
1051,1,3.7057343889457184e-19,0.9435940817491019,0.0,0.0013141821962760864,0.0,0.05509173605462218,0.0
1052,4,8.554546511647665e-05,7.086063774423195e-06,0.0,6.627626221502449e-05,0.9998372206426205,3.871566273640906e-06,0.0
1053,3,6.04624727156723e-11,0.41712401584464126,0.0,0.5621139742411533,0.0,0.020762009853743154,0.0
1054,4,7.247044501767888e-05,3.4649203416619787e-06,0.0,8.827071750720538e-05,0.9998339782328897,1.8156842436555283e-06,0.0
1055,4,7.247044501767888e-05,3.4649203416619787e-06,0.0,8.827071750720538e-05,0.9998339782328897,1.8156842436555283e-06,0.0
1056,0,0.9999943118642458,8.415510088269047e-09,0.0,4.354461643421086e-11,0.0,5.679676699513939e-06,0.0
1057,3,6.04624727156723e-11,0.41712401584464126,0.0,0.5621139742411533,0.0,0.020762009853743154,0.0
1058,3,1.914834624162666e-05,0.03510791496086681,0.0,0.9036937099919988,0.0,0.061179226700892535,0.0
1059,4,8.554546511647665e-05,7.086063774423195e-06,0.0,6.627626221502449e-05,0.9998372206426205,3.871566273640906e-06,0.0
1060,4,8.554546511647665e-05,7.086063774423195e-06,0.0,6.627626221502449e-05,0.9998372206426205,3.871566273640906e-06,0.0
1061,2,6.048206791311386e-13,7.395741135463843e-05,0.9966230749405336,0.0018481791588318042,0.0,0.0014547884886750946,0.0
1062,0,0.999977782294173,6.415127841199618e-08,0.0,3.100984485967844e-11,0.0,2.2153523538747307e-05,0.0
1063,4,7.166222967442272e-05,2.348161151450045e-06,0.0,0.00011489877905115728,0.999809448009515,1.6428206078289406e-06,0.0
1064,0,0.9999460358003717,1.5977200199779238e-07,0.0,2.7472233509735677e-11,0.0,5.380440015414061e-05,0.0
1065,3,1.575724027737135e-10,0.19715961588086742,0.0,0.725841972907865,0.0,0.07699841105369538,0.0
1066,4,9.985351971380354e-05,9.820925950812208e-06,0.0,6.477375124267313e-05,0.9998180824356885,7.469367404315191e-06,0.0
1067,4,0.00012226226796021035,1.3329829164850664e-05,0.0,6.859368205331706e-05,0.9997784631072436,1.7351113578193305e-05,0.0
1068,3,1.5504876815341353e-11,0.39820382015726874,0.0,0.5788699258516662,0.0,0.02292625397556049,0.0
1069,3,6.04624727156723e-11,0.41712401584464126,0.0,0.5621139742411533,0.0,0.020762009853743154,0.0
1070,1,2.4763510597812266e-18,0.9517026783720949,0.0,0.0025805874196361115,0.0,0.045716734208269175,0.0
1071,3,9.968978201925728e-06,0.05326088942528715,0.0,0.9414205223147823,0.0,0.005308619281728587,0.0
1072,3,1.5504876815341353e-11,0.39820382015726874,0.0,0.5788699258516662,0.0,0.02292625397556049,0.0
1073,1,1.1498326616073074e-17,0.8884907451716046,0.0,0.006228226899293377,0.0,0.10528102792910207,0.0
1074,4,7.4332814499187e-05,1.558423534628109e-06,0.0,0.00016205274218525982,0.9997602663019958,1.7897177851611728e-06,0.0
1075,4,7.166222967442272e-05,2.348161151450045e-06,0.0,0.00011489877905115728,0.999809448009515,1.6428206078289406e-06,0.0
1076,1,2.4763510597812266e-18,0.9517026783720949,0.0,0.0025805874196361115,0.0,0.045716734208269175,0.0
1077,0,0.9999158604011553,7.577529924024958e-06,0.0,7.383559857871472e-06,0.0,6.91785090627512e-05,0.0
1078,5,1.4958205903242464e-25,0.08400243280934452,0.0,2.081599504170176e-06,0.0,0.9159954855911512,0.0
1079,1,2.5255497264015964e-17,0.7893723510538334,0.0,0.010354268722660352,0.0,0.20027338022350596,0.0
1080,4,7.247044501767888e-05,3.4649203416619787e-06,0.0,8.827071750720538e-05,0.9998339782328897,1.8156842436555283e-06,0.0
1081,5,7.454015903016263e-17,0.31018299809445843,0.0,0.019295911271993156,0.0,0.6705210906335481,0.0
1082,3,8.59013677358494e-11,0.35931067867833866,0.0,0.6117843493999806,0.0,0.028904971835779447,0.0
1083,3,7.802747663615412e-06,0.04587029563661648,0.0,0.9503743091455186,0.0,0.0037475924702014443,0.0
1084,1,2.3678294786582773e-26,0.6766883991470057,0.0,7.878529624982746e-07,0.0,0.32331081300003184,0.0
1085,0,0.9999974713452913,8.386835033709973e-10,0.0,6.961276824943858e-11,0.0,2.5277464123243486e-06,0.0
1086,5,7.480660609950814e-17,0.10246170886242587,0.0,0.016154468638715704,0.0,0.8813838224988582,0.0
1087,1,4.998291876417568e-17,0.5899529839996792,0.0,0.01602138975875547,0.0,0.3940256262415652,0.0
1088,2,0.0014996963138832714,1.4394550035829943e-07,0.9984954250511128,5.6913601517477004e-09,0.0,4.728998143472087e-06,0.0
1089,3,1.9117726791195488e-10,0.11801876389607593,0.0,0.7435360027523269,0.0,0.13844523316041998,0.0
1090,0,0.9999979258846563,2.388358766158086e-10,0.0,9.240333489321759e-11,0.0,2.0737841042097045e-06,0.0
1091,1,1.1498326616073074e-17,0.8884907451716046,0.0,0.006228226899293377,0.0,0.10528102792910207,0.0
1092,3,1.1930680119866043e-10,0.28248024808635913,0.0,0.6723642805197685,0.0,0.04515547127456548,0.0
1093,3,1.914834624162666e-05,0.03510791496086681,0.0,0.9036937099919988,0.0,0.061179226700892535,0.0
1094,5,5.6285700720481763e-36,0.0014353924752080018,0.0,2.595701793468831e-12,0.0,0.9985646075221961,0.0
1095,0,0.9997584183494967,2.5705452290990558e-05,0.0,5.132365170354215e-06,0.0,0.0002107438330418483,0.0
1096,0,0.9999943118642458,8.415510088269047e-09,0.0,4.354461643421086e-11,0.0,5.679676699513939e-06,0.0
1097,4,7.687693243521725e-05,5.007087716623033e-06,0.0,7.34790862538437e-05,0.9998422206610154,2.416232578960105e-06,0.0
1098,0,0.9988161379559544,6.619573985546894e-05,0.0,4.058387691853059e-06,0.0,0.0011136079164983936,0.0
1099,0,0.9988161379559544,6.619573985546894e-05,0.0,4.058387691853059e-06,0.0,0.0011136079164983936,0.0
1100,0,0.9999895060089817,2.404713496177979e-08,0.0,3.6155790639844315e-11,0.0,1.0469907727426812e-05,0.0
1101,3,6.04624727156723e-11,0.41712401584464126,0.0,0.5621139742411533,0.0,0.020762009853743154,0.0
1102,3,1.730622568153091e-05,0.045957246942005724,0.0,0.9252968743678995,0.0,0.028728572464413016,0.0
1103,0,0.9997584183494967,2.5705452290990558e-05,0.0,5.132365170354215e-06,0.0,0.0002107438330418483,0.0
1104,3,1.236967647485555e-05,0.05607276650801913,0.0,0.9355318701974386,0.0,0.008382993618067679,0.0
1105,4,7.687693243521725e-05,5.007087716623033e-06,0.0,7.34790862538437e-05,0.9998422206610154,2.416232578960105e-06,0.0
1106,4,9.985351971380354e-05,9.820925950812208e-06,0.0,6.477375124267313e-05,0.9998180824356885,7.469367404315191e-06,0.0
1107,3,1.489218719775696e-05,0.05347491308729993,0.0,0.9317669571278138,0.0,0.014743237597688499,0.0
1108,4,8.554546511647665e-05,7.086063774423195e-06,0.0,6.627626221502449e-05,0.9998372206426205,3.871566273640906e-06,0.0
1109,3,1.575724027737135e-10,0.19715961588086742,0.0,0.725841972907865,0.0,0.07699841105369538,0.0
1110,0,0.9999895060089817,2.404713496177979e-08,0.0,3.6155790639844315e-11,0.0,1.0469907727426812e-05,0.0
1111,0,0.9999943118642458,8.415510088269047e-09,0.0,4.354461643421086e-11,0.0,5.679676699513939e-06,0.0
1112,0,0.9999943118642458,8.415510088269047e-09,0.0,4.354461643421086e-11,0.0,5.679676699513939e-06,0.0
1113,0,0.9999974713452913,8.386835033709973e-10,0.0,6.961276824943858e-11,0.0,2.5277464123243486e-06,0.0
1114,3,7.802747663615412e-06,0.04587029563661648,0.0,0.9503743091455186,0.0,0.0037475924702014443,0.0
1115,3,1.489218719775696e-05,0.05347491308729993,0.0,0.9317669571278138,0.0,0.014743237597688499,0.0
1116,0,0.9999943118642458,8.415510088269047e-09,0.0,4.354461643421086e-11,0.0,5.679676699513939e-06,0.0
1117,0,0.9988161379559544,6.619573985546894e-05,0.0,4.058387691853059e-06,0.0,0.0011136079164983936,0.0
1118,1,1.1249049158576436e-27,0.8815335041699437,0.0,1.1981735209581502e-07,0.0,0.11846637601270434,0.0
1119,3,7.802747663615412e-06,0.04587029563661648,0.0,0.9503743091455186,0.0,0.0037475924702014443,0.0
1120,0,0.9995005408779141,4.270112595752027e-05,0.0,4.491460588204301e-06,0.0,0.0004522665355403516,0.0
1121,0,0.9998496432947711,3.714753861113283e-07,0.0,2.513863008288035e-11,0.0,0.0001499852047041941,0.0
1122,0,0.9997584183494967,2.5705452290990558e-05,0.0,5.132365170354215e-06,0.0,0.0002107438330418483,0.0
1123,5,6.798216221208041e-50,0.013488962316166597,0.0,7.012775457523578e-21,0.0,0.9865110376838337,0.0
1124,1,2.1897346339847504e-19,0.9127822544198725,0.0,0.0012463129415817118,0.0,0.08597143263854538,0.0
1125,1,2.4763510597812266e-18,0.9517026783720949,0.0,0.0025805874196361115,0.0,0.045716734208269175,0.0
1126,5,2.0189118665656589e-50,0.02365662219778232,0.0,3.354776210109155e-21,0.0,0.9763433778022172,0.0
1127,4,9.985351971380354e-05,9.820925950812208e-06,0.0,6.477375124267313e-05,0.9998180824356885,7.469367404315191e-06,0.0
1128,0,0.999977782294173,6.415127841199618e-08,0.0,3.100984485967844e-11,0.0,2.2153523538747307e-05,0.0
1129,5,2.897606187839182e-37,0.27714952002140575,0.0,7.135016881823976e-13,0.0,0.7228504799778805,0.0
1130,0,0.9999382526254033,3.711056119886547e-06,0.0,9.296885227597832e-06,0.0,4.8739433249505176e-05,0.0
1131,0,0.9999158604011553,7.577529924024958e-06,0.0,7.383559857871472e-06,0.0,6.91785090627512e-05,0.0
1132,2,3.681726475380514e-05,4.013803066504497e-06,0.8259512341149247,1.7029394545080928e-05,0.17396246300475052,2.8442417959591446e-05,0.0
1133,4,8.554546511647665e-05,7.086063774423195e-06,0.0,6.627626221502449e-05,0.9998372206426205,3.871566273640906e-06,0.0
1134,3,1.489218719775696e-05,0.05347491308729993,0.0,0.9317669571278138,0.0,0.014743237597688499,0.0
1135,0,0.999977782294173,6.415127841199618e-08,0.0,3.100984485967844e-11,0.0,2.2153523538747307e-05,0.0
1136,0,0.9999158604011553,7.577529924024958e-06,0.0,7.383559857871472e-06,0.0,6.91785090627512e-05,0.0
1137,0,0.9998667955877587,1.4444692337470202e-05,0.0,6.0570880456767934e-06,0.0,0.00011270263185809902,0.0
1138,3,7.802747663615412e-06,0.04587029563661648,0.0,0.9503743091455186,0.0,0.0037475924702014443,0.0
1139,3,8.59013677358494e-11,0.35931067867833866,0.0,0.6117843493999806,0.0,0.028904971835779447,0.0
1140,3,9.968978201925728e-06,0.05326088942528715,0.0,0.9414205223147823,0.0,0.005308619281728587,0.0
1141,0,0.9999460358003717,1.5977200199779238e-07,0.0,2.7472233509735677e-11,0.0,5.380440015414061e-05,0.0
1142,0,0.9995005408779141,4.270112595752027e-05,0.0,4.491460588204301e-06,0.0,0.0004522665355403516,0.0
1143,4,9.985351971380354e-05,9.820925950812208e-06,0.0,6.477375124267313e-05,0.9998180824356885,7.469367404315191e-06,0.0
1144,0,0.9999382526254033,3.711056119886547e-06,0.0,9.296885227597832e-06,0.0,4.8739433249505176e-05,0.0
1145,0,0.9999467960707927,1.6967718562712072e-06,0.0,1.2091619310999e-05,0.0,3.941553804007201e-05,0.0
1146,4,7.247044501767888e-05,3.4649203416619787e-06,0.0,8.827071750720538e-05,0.9998339782328897,1.8156842436555283e-06,0.0
1147,4,8.554546511647665e-05,7.086063774423195e-06,0.0,6.627626221502449e-05,0.9998372206426205,3.871566273640906e-06,0.0
1148,5,6.798216221208041e-50,0.013488962316166597,0.0,7.012775457523578e-21,0.0,0.9865110376838337,0.0
1149,4,7.687693243521725e-05,5.007087716623033e-06,0.0,7.34790862538437e-05,0.9998422206610154,2.416232578960105e-06,0.0
1150,0,0.9998667955877587,1.4444692337470202e-05,0.0,6.0570880456767934e-06,0.0,0.00011270263185809902,0.0
1151,0,0.9997584183494967,2.5705452290990558e-05,0.0,5.132365170354215e-06,0.0,0.0002107438330418483,0.0
1152,1,3.078896042698453e-27,0.857026762350012,0.0,2.1541760961438133e-07,0.0,0.14297302223237848,0.0
1153,3,2.152724697023599e-11,0.4412330319916169,0.0,0.540798652428411,0.0,0.017968315558444813,0.0
1154,1,1.1249049158576436e-27,0.8815335041699437,0.0,1.1981735209581502e-07,0.0,0.11846637601270434,0.0
1155,0,0.9995005408779141,4.270112595752027e-05,0.0,4.491460588204301e-06,0.0,0.0004522665355403516,0.0
1156,0,0.9999158604011553,7.577529924024958e-06,0.0,7.383559857871472e-06,0.0,6.91785090627512e-05,0.0
1157,3,1.1930680119866043e-10,0.28248024808635913,0.0,0.6723642805197685,0.0,0.04515547127456548,0.0
1158,2,1.39016471494221e-05,8.992335049750125e-13,0.5274361772357831,1.5794612925374473e-21,0.0,3.7887296391648886e-08,0.4725498832288717
1159,2,3.681726475380514e-05,4.013803066504497e-06,0.8259512341149247,1.7029394545080928e-05,0.17396246300475052,2.8442417959591446e-05,0.0
1160,2,3.2898549276650735e-08,3.888075778391653e-05,0.9983132080289717,0.0014156612082676162,0.0,0.0002322171064273422,0.0
1161,0,0.9995005408779141,4.270112595752027e-05,0.0,4.491460588204301e-06,0.0,0.0004522665355403516,0.0
1162,2,0.001259049821585491,1.015480477416107e-09,0.9987403447790473,2.992407080459989e-14,0.0,6.043838566177605e-07,0.0
1163,2,3.681726475380514e-05,4.013803066504497e-06,0.8259512341149247,1.7029394545080928e-05,0.17396246300475052,2.8442417959591446e-05,0.0
1164,4,7.166222967442272e-05,2.348161151450045e-06,0.0,0.00011489877905115728,0.999809448009515,1.6428206078289406e-06,0.0
1165,0,0.9997584183494967,2.5705452290990558e-05,0.0,5.132365170354215e-06,0.0,0.0002107438330418483,0.0
