profile,reference_profile,predictor,beta,SE,z,p,OR,CI_lower,CI_upper,p_FDR,significant_FDR,specification,dropped_predictor
1,0,ATT,-0.6560333974241868,0.25675855128919645,-2.5550595846962567,0.010616962194411559,0.5189055497607884,0.3137119226568442,0.8583128345653636,0.03833903014648618,True,A_primary,
1,0,CON,-0.16452472150491784,0.2883755849046485,-0.5705223677632696,0.5683234556312393,0.848296785511963,0.4820338843514812,1.492856539075204,0.6480881511584308,False,A_primary,
1,0,SNO,-2.247408841750439,0.3434218777688334,-6.544163279146797,5.98294026634755e-11,0.10567268476841692,0.05390587967283026,0.20715210240402554,1.2963037243753026e-09,True,A_primary,
1,0,COVID,-0.8504282860529491,0.30901532294017087,-2.752058629201382,0.00592219172989086,0.42723191528908977,0.23314415656765963,0.782893777518347,0.022643674261347405,True,A_primary,
1,0,PU,-2.1718434054526226,0.30433490278134306,-7.136359929814022,9.583486695065696e-13,0.11396733514607878,0.06276612167128105,0.20693573434921372,6.229266351792702e-11,True,A_primary,
1,0,PEU,-0.3620839442558829,0.18448820418162426,-1.9626400823947523,0.049688009839122485,0.6962239213896744,0.4849638996861074,0.9995130545365444,0.11534716569796291,False,A_primary,
1,0,PO,0.27260893582708534,0.21305820352825336,1.279504526522186,0.20071944664608143,1.3133865259672715,0.8650351447660438,1.9941203279768651,0.3433358955788235,False,A_primary,
1,0,PRI,-1.7433349324113103,0.28237085454471766,-6.173919525873826,6.661745823648067e-10,0.17493602690914833,0.10058201573586792,0.3042553212606304,8.660269570742487e-09,True,A_primary,
1,0,age,0.005234820801789799,0.01869668465856162,0.27998658036908486,0.7794878006174631,1.0052485464161287,0.9690775094973406,1.0427696754575366,0.8306017547563131,False,A_primary,
1,0,gender,0.5827609226468548,0.2855923874076977,2.0405338109202953,0.04129718701193618,1.790976358182831,1.0232663792297767,3.1346640334105644,0.09941915391762414,False,A_primary,
1,0,Education,0.10576882871735915,0.19393456099693662,0.5453841139694017,0.5854893640102188,1.1115648849229522,0.7600713938506274,1.6256058357020564,0.656151873459728,False,A_primary,
1,0,Occupation,-0.25139507699934927,0.07577587775353364,-3.317613526260024,0.0009079001159607684,0.7777150535261157,0.670376491105222,0.9022403269004154,0.004539500579803842,True,A_primary,
1,0,income,-0.16857868731926381,0.1667336677448059,-1.011065668976237,0.31198500046112576,0.8448647806585652,0.6093413397438536,1.1714230613293055,0.48283392928507557,False,A_primary,
2,0,ATT,-0.11796820799378017,0.2342897241111254,-0.5035142212973325,0.6146027842865871,0.888724306494171,0.5614817164831575,1.4066903155825865,0.6771047623496299,False,A_primary,
2,0,CON,-0.2930532100631265,0.2674206696967748,-1.0958510065636144,0.2731439826297608,0.7459824458681127,0.4416675970654742,1.2599742730524013,0.43303314319352326,False,A_primary,
2,0,SNO,-1.166067900456913,0.3266669612513396,-3.5695923946215458,0.0003575371014813314,0.31158973747612284,0.16425500594125197,0.5910819213337342,0.0019366592996905452,True,A_primary,
2,0,COVID,-0.4678393551856505,0.2890424089195675,-1.618583781301924,0.10553684704059134,0.6263541361198184,0.35545291823466957,1.1037172117838547,0.2212869373431754,False,A_primary,
2,0,PU,-1.2204907155897957,0.2782294956290022,-4.386633102398414,1.1511873037198067e-05,0.29508532841868934,0.1710463807119541,0.5090745018136488,8.31413052686527e-05,True,A_primary,
2,0,PEU,0.11343565150981527,0.16721918929488494,0.6783650368605462,0.49754027160192893,1.1201198085547683,0.8070949501070391,1.55454867528334,0.615749855747693,False,A_primary,
2,0,PO,0.15685538097667548,0.1925209288330461,0.8147445679150045,0.4152185365827139,1.169826422512379,0.8021291577257383,1.7060766905521492,0.5742384016569447,False,A_primary,
2,0,PRI,-0.6177894004688007,0.25536914205207817,-2.4192014567790383,0.01555462301736455,0.5391349326853729,0.3268307196978084,0.8893486998725679,0.04966698266319967,True,A_primary,
2,0,age,-0.002146466470132485,0.016236376882047418,-0.1322010745208702,0.8948252512372121,0.9978558355416629,0.9666007292151152,1.0301215780512363,0.9088068957877936,False,A_primary,
2,0,gender,0.6225759904555133,0.258559690593325,2.4078617553527724,0.016046255937341432,1.8637227957083273,1.122770169157614,3.0936542087228003,0.04966698266319967,True,A_primary,
2,0,Education,0.2916570203560579,0.17474403308272454,1.6690528151996256,0.09510691327616373,1.338643811316814,0.9504295064696706,1.8854288943879605,0.20606497876502142,False,A_primary,
2,0,Occupation,-0.1526170867729905,0.06682917998998039,-2.283689352403728,0.022389794262408756,0.8584583739509754,0.7530660949371429,0.9786003974432876,0.058213465082262765,False,A_primary,
2,0,income,-0.20678378399248937,0.15263246546774986,-1.354782440018839,0.17548688289806613,0.8131954568557637,0.6029364869103448,1.0967769664090439,0.31685131634373054,False,A_primary,
3,0,ATT,-1.6109943851774788,0.39430506553820555,-4.0856548037965394,4.3952684042144036e-05,0.19968894758642255,0.09219657343105732,0.4325071345302351,0.00028569244627393625,True,A_primary,
3,0,CON,-1.0162423147230224,0.441935393983159,-2.2995268732916845,0.02147503918813256,0.3619524914986262,0.1522188962891856,0.860665852241964,0.05816156446785902,False,A_primary,
3,0,SNO,-3.211399651324129,0.47895336167359925,-6.705036248420066,2.013563776812275e-11,0.040300167596174934,0.01576207973773701,0.10303865576770416,6.544082274639893e-10,True,A_primary,
3,0,COVID,-0.40959299628816576,0.4514725048692484,-0.907237964373464,0.36428097158294137,0.6639204132264453,0.27404057329653997,1.6084855968455218,0.5303528575012589,False,A_primary,
3,0,PU,-2.9182021055099603,0.4646544466953913,-6.2803705555044775,3.3776700458560966e-10,0.05403074160013286,0.021732969904719773,0.13432683386849653,5.488713824516157e-09,True,A_primary,
3,0,PEU,-0.4650994104409406,0.3487006981802246,-1.3338069377783575,0.1822671366966293,0.6280726651055132,0.3170953445507093,1.2440273231121448,0.32019902392651095,False,A_primary,
3,0,PO,-0.5817147810857126,0.3656104917487618,-1.591077920940661,0.11159204073283872,0.5589390861495124,0.2729923940212584,1.1444014883481475,0.22667133273857865,False,A_primary,
3,0,PRI,-2.4291767962127944,0.4309734542530221,-5.6364882157837926,1.735529061395428e-08,0.08810933467427193,0.03785906739294057,0.205056684998808,1.8801564831783805e-07,True,A_primary,
3,0,age,0.010427157322655046,0.032798061131622,0.317919930718154,0.7505456738238563,1.010481709570992,0.9475675587133181,1.0775730722187327,0.813091146642511,False,A_primary,
3,0,gender,0.30168449758112337,0.46854641771126093,0.6438732347048585,0.5196576392106129,1.352134557681871,0.5397406777636984,3.3873079006247804,0.625256088204383,False,A_primary,
3,0,Education,-0.6118693202746672,0.2992287022104528,-2.04482162223973,0.04087244725252961,0.542336121018729,0.301689306798052,0.9749383273916579,0.09941915391762414,False,A_primary,
3,0,Occupation,-0.36597315712246176,0.12438129322841868,-2.9423488663232846,0.0032573273954636587,0.6935214170703716,0.5434810216215402,0.8849839033941964,0.013232892544071114,True,A_primary,
3,0,income,-0.23269040728905124,0.2625475894868757,-0.8862789703909396,0.37546721827580276,0.792398856463575,0.4736513944168846,1.3256499508415642,0.5305515040853734,False,A_primary,
4,0,ATT,-0.2331657804343793,0.3276519813734727,-0.7116263404145459,0.47669619152978593,0.7920222608456372,0.4167104495616334,1.5053600463701695,0.607553969596786,False,A_primary,
4,0,CON,-0.3469686261220781,0.36478692446382377,-0.9511542296425904,0.341526089187415,0.7068275038296977,0.34578053465732145,1.4448618996591134,0.516260367376325,False,A_primary,
4,0,SNO,-0.31275991800754205,0.46594929018822595,-0.6712316653196292,0.5020729593019652,0.7314254935809524,0.2934580656431723,1.8230313468727353,0.615749855747693,False,A_primary,
4,0,COVID,-0.23426878765896353,0.39363374370739057,-0.5951440683223242,0.5517471736220048,0.7911491361898167,0.3657552352938915,1.7113000588794216,0.6404208265255412,False,A_primary,
4,0,PU,-0.9554619281326556,0.3849701458401056,-2.4819117494100427,0.01306796353021005,0.3846344300464471,0.1808651751461108,0.8179775053856545,0.0447061910244028,True,A_primary,
4,0,PEU,0.28026665501606624,0.24139363191465,1.1610358268073975,0.24562733004056436,1.32348267858349,0.8245933992458189,2.1242061870887707,0.4093788834009406,False,A_primary,
4,0,PO,-0.18798834230185082,0.2609273408321579,-0.7204624157143223,0.4712403324380192,0.8286243670291249,0.4968803977020214,1.3818583804269577,0.607553969596786,False,A_primary,
4,0,PRI,1.2733620116404953,0.4220879069011844,3.016817091465745,0.0025544389565804546,3.5728443370679615,1.5621603673639457,8.171514860832861,0.011069235478515302,True,A_primary,
4,0,age,-0.02247928703213287,0.024927352078228448,-0.9017920139125519,0.367167362885487,0.9777714895330367,0.9311481381666556,1.0267293103608646,0.5303528575012589,False,A_primary,
4,0,gender,0.39973301947498835,0.3575431635179795,1.1179993361973128,0.2635672768719576,1.491426462663126,0.7400395997646331,3.00572144279751,0.42829682491693105,False,A_primary,
4,0,Education,-0.013715721422068736,0.2378666200860317,-0.05766139619383345,0.9540183438822841,0.9863779105196188,0.6188240491964956,1.5722423581054301,0.9540183438822841,False,A_primary,
4,0,Occupation,-0.22971367009414925,0.09786108778487654,-2.3473443356681063,0.01890777199075958,0.794761133807888,0.6560479474050807,0.9628034998203976,0.05343500779997272,False,A_primary,
4,0,income,-0.1613908039618286,0.21002572697767868,-0.7684334975732808,0.442229685760704,0.8509594477925772,0.5638081590704659,1.2843588198179026,0.5866312158050155,False,A_primary,
5,0,ATT,-0.4712265212824778,0.24465275974146844,-1.926103436480489,0.05409145962887037,0.6242361596193868,0.3864526491445055,1.008327369055379,0.12123947847850254,False,A_primary,
5,0,CON,-0.21831730100070032,0.27661451384132535,-0.7892474547663608,0.42996739105803206,0.8038703323345938,0.46744118384296807,1.3824359802768615,0.5822475087244184,False,A_primary,
5,0,SNO,-1.6834516149834977,0.3324694615089706,-5.063477431409367,4.116771380848773e-07,0.18573179375174234,0.09680159964856247,0.3563608384105048,3.822716282216718e-06,True,A_primary,
5,0,COVID,-0.7031787813381103,0.2980228617556857,-2.3594793271751238,0.01830060049058086,0.49500927394916533,0.2760140274729176,0.887759885028751,0.05343500779997272,False,A_primary,
5,0,PU,-1.2967323161659003,0.28886998667888225,-4.488982504116609,7.156417406550322e-06,0.2734237973687433,0.15521911889611412,0.48164538942899005,5.8145891428221366e-05,True,A_primary,
5,0,PEU,-0.028902602339853492,0.17394517941815882,-0.1661592602711486,0.8680316193005169,0.9715110827649973,0.6908482048147999,1.366195609045893,0.9084999441190209,False,A_primary,
5,0,PO,0.1268428239973074,0.20151782550232372,0.6294372405077622,0.5290628438652472,1.1352385714973465,0.7648067327611229,1.6850879562247068,0.625256088204383,False,A_primary,
5,0,PRI,-0.9839220643238449,0.26772670163991863,-3.6750987417279712,0.0002377574432566473,0.37384198743820973,0.2212047801384956,0.6318029451454377,0.0014049303465165522,True,A_primary,
5,0,age,0.023600904732690928,0.016852046407455235,1.4004770792851629,0.16137050242792217,1.0238816100345112,0.9906152084043629,1.0582651492454573,0.3085024311122041,False,A_primary,
5,0,gender,0.37639340785209174,0.27210751014938317,1.3832525520719994,0.16658744110704315,1.4570202242314203,0.854757640150373,2.4836372722517064,0.3093766763416516,False,A_primary,
5,0,Education,0.28558900416059935,0.18584131903333218,1.536735778922106,0.12435802568925276,1.3305454941983834,0.9243541688639051,1.9152305163587937,0.2449476263576191,False,A_primary,
5,0,Occupation,-0.23427015466109885,0.07148178607538962,-3.2773405299920935,0.0010478990516676649,0.7911480546879974,0.6877193434076404,0.9101318007651212,0.004865245597028444,True,A_primary,
5,0,income,0.02429706460528337,0.16168188743075879,0.15027697283462707,0.8805460996845895,1.0245946434895452,0.7463210310943538,1.4066254865257146,0.9084999441190209,False,A_primary,
1,0,CON,-0.4253510666684104,0.262297375998466,-1.6216367588477059,0.10488114710263331,0.6535403086326059,0.39084120624376756,1.092809376760572,0.2029957685857419,False,drop_ATT,ATT
1,0,SNO,-2.2907164337112227,0.3406227453816084,-6.725083585198852,1.7549167325146566e-11,0.10119393712947587,0.051905162965229595,0.19728698123198385,3.5098334650293136e-10,True,drop_ATT,ATT
1,0,COVID,-0.901388141330187,0.30701389792351935,-2.9359848118495697,0.0033249060135877757,0.4060056751280518,0.22243165763376913,0.7410842952381943,0.011734962400898033,True,drop_ATT,ATT
1,0,PU,-2.1572706502306076,0.3032466375996346,-7.113914493188125,1.1279704947902888e-12,0.11564031357024047,0.06382348455264067,0.20952604227671012,5.705626008417343e-11,True,drop_ATT,ATT
1,0,PEU,-0.3819045119072957,0.18339496493129628,-2.082415468987196,0.03730453669679094,0.6825602264678865,0.4764661281127582,0.9777997537857247,0.08953088807229825,False,drop_ATT,ATT
1,0,PO,0.20312501681806108,0.21025537935088695,0.9660871338710136,0.33400058203394234,1.225225632483227,0.8114150933975711,1.8500738557969953,0.4554553391371941,False,drop_ATT,ATT
1,0,PRI,-1.7502762414246897,0.2803929605179252,-6.242226046587202,4.3138690408528885e-10,0.1737259465184081,0.10027424024790164,0.3009816321629857,5.176642849023466e-09,True,drop_ATT,ATT
1,0,age,0.0038483638063355153,0.0187018393232592,0.20577461605871902,0.8369669703124385,1.0038557782664574,0.9677250790717148,1.0413354426296477,0.8950917627306982,False,drop_ATT,ATT
1,0,gender,0.48572164035694587,0.2807327832882693,1.7301920875346597,0.08359596156230749,1.6253475020856922,0.9375224123768119,2.817804105438727,0.17913420334780178,False,drop_ATT,ATT
1,0,Education,0.06675171015390058,0.19159348275457863,0.34840282244572,0.7275376831506861,1.069030015922044,0.7343485377176129,1.5562435495469713,0.8083752035007623,False,drop_ATT,ATT
1,0,Occupation,-0.23611861187144667,0.07518651721599574,-3.1404382143825784,0.0016869528724668085,0.7896870021244392,0.6814828551959204,0.9150715334503945,0.0077859363344621926,True,drop_ATT,ATT
1,0,income,-0.16188600649192186,0.16602406051939914,-0.9750755763078462,0.3295227726628692,0.8505381548423002,0.614286919052205,1.177650264730878,0.4554553391371941,False,drop_ATT,ATT
2,0,CON,-0.3734167683579119,0.23870832690436475,-1.5643223393187966,0.11774188846303707,0.6883782787665558,0.43115609326755855,1.0990559151939068,0.21407616084188558,False,drop_ATT,ATT
2,0,SNO,-1.1661089446951407,0.323668745911135,-3.602785129631584,0.00031482576269561675,0.3115769487751616,0.16521631120180053,0.5875944953731765,0.0017172314328851822,True,drop_ATT,ATT
2,0,COVID,-0.4747912950991844,0.2869781477026389,-1.6544510406107775,0.09803590320320801,0.622014860468943,0.3544214757507425,1.0916451544722405,0.19607180640641603,False,drop_ATT,ATT
2,0,PU,-1.2335351504998673,0.2777659745244923,-4.440915243890317,8.957707342196332e-06,0.2912611037108426,0.16898311833323518,0.502020742495515,5.971804894797555e-05,True,drop_ATT,ATT
2,0,PEU,0.10548861885926925,0.16603150337562944,0.6353530306872662,0.5251981941570064,1.1112534571188983,0.8025724659890071,1.5386576269308714,0.6178802284200076,False,drop_ATT,ATT
2,0,PO,0.14055500181930425,0.1901937006174095,0.739009764061757,0.4599010683744722,1.1509123800987748,0.7927680068650411,1.670853635860867,0.5748763354680902,False,drop_ATT,ATT
2,0,PRI,-0.607247367410913,0.2543563123652972,-2.387388627252964,0.01696854323542953,0.5448485747550811,0.33095073893615895,0.8969914083494708,0.04848155210122723,True,drop_ATT,ATT
2,0,age,-0.0018550344437828032,0.016275062573498922,-0.1139801727584999,0.909253510848096,0.9981466850691947,0.9668091586025914,1.0304999658408818,0.909253510848096,False,drop_ATT,ATT
2,0,gender,0.5921227184498001,0.25436570026011807,2.327840262442172,0.019920587266623473,1.807821842093804,1.098083015070236,2.9762957516853965,0.054068644833935184,False,drop_ATT,ATT
2,0,Education,0.27632456520419146,0.17325960345121647,1.594858580419147,0.11074386370112256,1.3182756610086366,0.9386953835589071,1.8513468254408432,0.2076447444396048,False,drop_ATT,ATT
2,0,Occupation,-0.14946147301620571,0.06667189072481362,-2.241746430037567,0.024977765244393074,0.8611716157254616,0.7556791642164852,0.9813907632349985,0.06244441311098268,False,drop_ATT,ATT
2,0,income,-0.2056795539775518,0.15237443937809322,-1.3498297668363544,0.1770705942719717,0.8140939076441065,0.60390797304822,1.0974335826666306,0.28430911706886564,False,drop_ATT,ATT
3,0,CON,-1.2805994622111372,0.42500963427885885,-3.013106901409453,0.0025858781008684674,0.27787067754534395,0.12080007828853899,0.6391727102616794,0.01034351240347387,True,drop_ATT,ATT
3,0,SNO,-3.316617676907391,0.4710104177481109,-7.041495372361523,1.9018753361391143e-12,0.03627531934127617,0.014410501091634081,0.09131526967341208,5.705626008417343e-11,True,drop_ATT,ATT
3,0,COVID,-0.635750805066191,0.4400678173841391,-1.444665526430074,0.14855185752394529,0.5295377593953138,0.22351344120009115,1.2545564916357026,0.2546603271839062,False,drop_ATT,ATT
3,0,PU,-2.75629423264597,0.4607267581924072,-5.982492190077867,2.1974905083946397e-09,0.06352674804972994,0.025750050809159698,0.1567238739714767,2.1974905083946397e-08,True,drop_ATT,ATT
3,0,PEU,-0.6476607193395231,0.3363598684485072,-1.9254993835231342,0.054166913012106986,0.5232684178432478,0.2706507427297248,1.0116722176728172,0.12037091780468219,False,drop_ATT,ATT
3,0,PO,-0.6703549508042359,0.3460208514774138,-1.9373253026284536,0.052705591173670616,0.5115269786466098,0.25961492079657844,1.0078767779620534,0.12037091780468219,False,drop_ATT,ATT
3,0,PRI,-2.7703938957126018,0.4201336146091752,-6.594078167941242,4.2790622388671987e-11,0.06263732730762908,0.02749212221255394,0.14271123712855704,6.418593358300798e-10,True,drop_ATT,ATT
3,0,age,0.01479946122244105,0.03238585715205431,0.45697296671680915,0.6476904762973418,1.0149095154930852,0.9524889064739773,1.0814208098774851,0.7473351649584713,False,drop_ATT,ATT
3,0,gender,0.07291982394276054,0.4577850173220471,0.15928835847299516,0.8734416922504675,1.0756442925390148,0.438524844869108,2.638415263374884,0.8950917627306982,False,drop_ATT,ATT
3,0,Education,-0.7247339138041294,0.29102084273067325,-2.4903161814937023,0.012762949723082619,0.4844534581845443,0.27386095482052475,0.8569865437764645,0.03828884916924786,True,drop_ATT,ATT
3,0,Occupation,-0.3639642372720671,0.12279285373852115,-2.9640506445684833,0.0030361831361074153,0.6949160463920299,0.5462720153962538,0.8840070476296296,0.011385686760402807,True,drop_ATT,ATT
3,0,income,-0.273518545481606,0.25784689081136325,-1.0607789165924357,0.28879038587022576,0.7606982287100398,0.45891124599143357,1.2609448999499868,0.4226200768832572,False,drop_ATT,ATT
4,0,CON,-0.4744137230419354,0.31521609540639006,-1.5050428260343145,0.13231306666974718,0.6222497602424545,0.3354651274369548,1.1542027246768265,0.23349364706425974,False,drop_ATT,ATT
4,0,SNO,-0.3172062980496041,0.4636012204849472,-0.68422231010909,0.493834796341415,0.7281805174088595,0.29350380070693394,1.8066098791793508,0.6046956689894878,False,drop_ATT,ATT
4,0,COVID,-0.2538707567262891,0.3914258600424161,-0.6485794185871595,0.5166102621489874,0.7757920614731519,0.3602109516263594,1.6708357142596117,0.6178802284200076,False,drop_ATT,ATT
4,0,PU,-0.971036522481701,0.3848713710065361,-2.5230157284554435,0.0116353196739835,0.3786903135810326,0.17810457349432207,0.8051806350984726,0.03828884916924786,True,drop_ATT,ATT
4,0,PEU,0.2725386284821795,0.2407044287643772,1.132254316554202,0.25752753028430175,1.313294188493835,0.8193515437337947,2.1050080868487933,0.3940806690406861,False,drop_ATT,ATT
4,0,PO,-0.2124154721735582,0.2596915072924592,-0.8179530951481608,0.4133839707998981,0.8086286650561825,0.4860660171902347,1.3452500171280863,0.539196483652041,False,drop_ATT,ATT
4,0,PRI,1.277422319680656,0.42133373026936877,3.031853915099485,0.0024305680239615473,3.587380676693704,1.5708363874237856,8.192641972485362,0.01034351240347387,True,drop_ATT,ATT
4,0,age,-0.02229935943140321,0.02498261110085971,-0.8925952271912777,0.37207397603339387,0.977947433439318,0.9312148293066199,1.0270252926305612,0.4960986347111918,False,drop_ATT,ATT
4,0,gender,0.3569092894325738,0.35176571289388076,1.0146221656919834,0.3102859691829444,1.4289062470784168,0.7170917320669329,2.8472968961091683,0.44326567026134917,False,drop_ATT,ATT
4,0,Education,-0.03557333531869224,0.23597695450357262,-0.15074919240960738,0.8801735666851866,0.9650519592418935,0.6076913547360275,1.5325629972820194,0.8950917627306982,False,drop_ATT,ATT
4,0,Occupation,-0.22547841726778073,0.09748591975325024,-2.312933168589848,0.020726313853008486,0.7981342861805748,0.6593170054642569,0.966179142199465,0.054068644833935184,False,drop_ATT,ATT
4,0,income,-0.16127612706437727,0.20958209343316483,-0.7695129122078733,0.441588882233081,0.8510570387775156,0.5643633314516318,1.2833896939933085,0.5637304879571248,False,drop_ATT,ATT
5,0,CON,-0.42660950932267083,0.24937810202680752,-1.7106935446834517,0.0871376999967039,0.652718382913608,0.4003602191315431,1.0641449050995109,0.18028489654490462,False,drop_ATT,ATT
5,0,SNO,-1.7141911830388228,0.32954903219892756,-5.201627119341913,1.975512780571349e-07,0.1801093373034672,0.0944100937575782,0.34360069027354667,1.6932966690611562e-06,True,drop_ATT,ATT
5,0,COVID,-0.739392972649972,0.2961343851765586,-2.4968156676879576,0.012531407851700245,0.4774036246386175,0.2671843611678282,0.8530223094716567,0.03828884916924786,True,drop_ATT,ATT
5,0,PU,-1.297116255806106,0.28817198012337364,-4.501187989376268,6.757470560141984e-06,0.27331883928443174,0.15537195348399968,0.4808022698606413,5.068102920106488e-05,True,drop_ATT,ATT
5,0,PEU,-0.04740015841834672,0.17278493784304652,-0.2743303844077186,0.7838307364528383,0.9537056878636606,0.6797306674228123,1.3381101996060576,0.8550880761303691,False,drop_ATT,ATT
5,0,PO,0.07441814049203498,0.19834153899666931,0.37520199181919556,0.7075102489711342,1.0772571561720616,0.7302770648611564,1.5890995847508287,0.8009549988352462,False,drop_ATT,ATT
5,0,PRI,-0.9727980565084071,0.2658748272358849,-3.658857315007629,0.00025334233513298315,0.3780238249016622,0.22449255882591354,0.6365556744537724,0.0015200540107978989,True,drop_ATT,ATT
5,0,age,0.022805668271761833,0.01691729718172732,1.348068076524343,0.17763648793632703,1.023067705712626,0.9897011657436413,1.0575591569457754,0.28430911706886564,False,drop_ATT,ATT
5,0,gender,0.29948657374094756,0.26740247132889067,1.1199843152257003,0.2627204460271241,1.3491659325035292,0.7988178992131233,2.278677925496106,0.3940806690406861,False,drop_ATT,ATT
5,0,Education,0.245801971117198,0.18335729626133732,1.3405628034941077,0.18006244081028155,1.2786463395626224,0.8926342740272433,1.8315860249244638,0.28430911706886564,False,drop_ATT,ATT
5,0,Occupation,-0.22403038254797347,0.07093216302766532,-3.1583751712265706,0.0015865123800309154,0.7992908495078691,0.6955464926244903,0.918509213807394,0.0077859363344621926,True,drop_ATT,ATT
5,0,income,0.029879711162797258,0.1611045961457476,0.1854677760761448,0.8528621527356286,1.03033058923057,0.7513487927524772,1.4129005507751429,0.8950917627306982,False,drop_ATT,ATT
1,0,ATT,-0.7319756384334333,0.23355735389282742,-3.1340295059573045,0.0017242351719122583,0.48095785202978636,0.3042979216429167,0.7601775726242146,0.006896940687649033,True,drop_CON,CON
1,0,SNO,-2.265385777881731,0.3400872532588546,-6.661189903984585,2.716193971657909e-11,0.10378998693524864,0.05329265329011937,0.20213595538911394,5.432387943315818e-10,True,drop_CON,CON
1,0,COVID,-0.8989193719285448,0.3022679808705345,-2.973915296418922,0.002940262271901096,0.407009247800738,0.2250653185064508,0.7360375596499312,0.010377396253768574,True,drop_CON,CON
1,0,PU,-2.1529076308077744,0.3023570986840848,-7.120413710072081,1.0760358333489005e-12,0.11614595676784023,0.06421441606281646,0.210075620096285,3.228107500046701e-11,True,drop_CON,CON
1,0,PEU,-0.3609155229623618,0.18392371699938045,-1.9623109452685623,0.04972629368581669,0.6970378796749793,0.4860683591521763,0.9995750526721269,0.11050287485737043,False,drop_CON,CON
1,0,PO,0.2650978782098912,0.21200452749848478,1.2504349852235392,0.21114069122369805,1.3035585595127266,0.8603370949292363,1.9751152520264879,0.3275788262760286,False,drop_CON,CON
1,0,PRI,-1.7473606315916137,0.2816054886804735,-6.204994937347524,5.469866352062843e-10,0.17423320271757928,0.10032830811328382,0.30257869887477623,6.563839622475411e-09,True,drop_CON,CON
1,0,age,0.005016692807567209,0.01868219452264849,0.2685280255210626,0.7882929054975774,1.0050292974800386,0.9688936664515772,1.0425126345313984,0.8445995416045472,False,drop_CON,CON
1,0,gender,0.5811197068527282,0.2850317870733688,2.038789121801158,0.041471078463513125,1.7880393902551976,1.0227114700120667,3.1260868337249184,0.09570248876195336,False,drop_CON,CON
1,0,Education,0.11418126388852433,0.19350453225021855,0.5900702301942872,0.5551435663061854,1.1209552951855446,0.767138730855648,1.6379576773590825,0.6168261847846505,False,drop_CON,CON
1,0,Occupation,-0.2544057468332394,0.07571478367137546,-3.3600538031969496,0.0007792729490614002,0.7753771313968527,0.6684412812789315,0.8994203570774612,0.003596644380283386,True,drop_CON,CON
1,0,income,-0.17668061649228914,0.1664752046886379,-1.0613028938618134,0.2885522710365267,0.8380474003030225,0.6047307159245547,1.1613821270528537,0.402631075864921,False,drop_CON,CON
2,0,ATT,-0.22688985982966414,0.21051134731109578,-1.07780346631084,0.2811214723193278,0.7970085601146888,0.5275603035924245,1.204075895344168,0.4016021033133255,False,drop_CON,CON
2,0,SNO,-1.2080788187896885,0.32381517264595433,-3.730766563278214,0.0001908980432395558,0.29877072110640307,0.1583802396329401,0.5636053083220293,0.00099791078639517,True,drop_CON,CON
2,0,COVID,-0.5360597810047406,0.28195766884493406,-1.901206600270032,0.05727495691723985,0.5850489377329513,0.33665493264878116,1.0167154149484696,0.12273205053694254,False,drop_CON,CON
2,0,PU,-1.2207835071689401,0.2771271512783296,-4.405138585438926,1.0571627040612685e-05,0.29499894256654147,0.1713661602642325,0.5078270761344784,6.342976224367612e-05,True,drop_CON,CON
2,0,PEU,0.11100749414555013,0.16682384015390025,0.6654174489877599,0.5057835275123423,1.117403280805905,0.8057617041923525,1.5495773570019842,0.5835963778988565,False,drop_CON,CON
2,0,PO,0.146310560841206,0.19134108585035192,0.7646583596564078,0.4444750078677454,1.1575556236828248,0.795552873693118,1.684281543349197,0.5229117739620535,False,drop_CON,CON
2,0,PRI,-0.6280536081924346,0.25445242910092664,-2.4682555022625543,0.013577336940814711,0.5336294428263347,0.3240749803175581,0.8786867223508286,0.037727183937102345,True,drop_CON,CON
2,0,age,-0.002349908500494983,0.01621260224166244,-0.14494332652264116,0.8847556179928637,0.9976528503730288,0.9664491358348372,1.0298640383155397,0.9152644324064108,False,drop_CON,CON
2,0,gender,0.6216409109099397,0.2579168356179483,2.4102378172426677,0.015942125005329644,1.8619808811846854,1.123135034653518,3.0868708525033615,0.04158815218781646,True,drop_CON,CON
2,0,Education,0.3073263049319297,0.1743262268611121,1.7629378577486245,0.07791097109370598,1.3597846001097613,0.9662302687625611,1.9136371716688947,0.16119511260766756,False,drop_CON,CON
2,0,Occupation,-0.15551875377750035,0.06672869275313674,-2.3306129246805876,0.01977377935078846,0.8559710240882714,0.7510320200515027,0.9755727778803353,0.047457070441892305,True,drop_CON,CON
2,0,income,-0.21825757438664195,0.15228356478617916,-1.4332313187775494,0.15179174218741204,0.8039183462215252,0.5964658072597401,1.0835234803495075,0.28460951660139755,False,drop_CON,CON
3,0,ATT,-1.6899329780805514,0.3766646529760779,-4.486571714994132,7.2378362125642544e-06,0.18453189126009736,0.08819582101152021,0.38609560522805825,4.825224141709503e-05,True,drop_CON,CON
3,0,SNO,-3.5525936912571727,0.46852486467739046,-7.5825083343300514,3.389373047361439e-14,0.028650233342715017,0.011436990154556567,0.07177026993111411,2.0336238284168636e-12,True,drop_CON,CON
3,0,COVID,-0.5540584518494797,0.44482704099134296,-1.2455592866267824,0.2129262370794186,0.57461303241335,0.2402874288053825,1.3741049153540634,0.3275788262760286,False,drop_CON,CON
3,0,PU,-2.9996272597570797,0.46285434102399703,-6.4807154084821725,9.128871967182091e-11,0.049805629470841786,0.020104295743609894,0.12338660148168769,1.3693307950773137e-09,True,drop_CON,CON
3,0,PEU,-0.45524122094296005,0.34908625933459947,-1.304093784185905,0.19220160796752983,0.6342949442681408,0.3199948781048595,1.2573016127848267,0.32033601327921635,False,drop_CON,CON
3,0,PO,-0.45395047126106947,0.3573619074459396,-1.2702822035662584,0.20398412508538055,0.6351141888717947,0.31525299308660815,1.2795121434278072,0.3275788262760286,False,drop_CON,CON
3,0,PRI,-2.6080703814210184,0.424264018509023,-6.147281569119327,7.882213539823041e-10,0.07367657437328129,0.03207662017424189,0.16922723098303927,7.882213539823042e-09,True,drop_CON,CON
3,0,age,0.0135547360179096,0.03290698318344028,0.4119106252417185,0.6804049326109217,1.013647017933102,0.9503328845061556,1.081179335910916,0.7422599264846419,False,drop_CON,CON
3,0,gender,0.36949182868248187,0.4638397405179958,0.796593729269186,0.4256870204598052,1.4469991043552237,0.5829615406996282,3.5916715972240367,0.5229117739620535,False,drop_CON,CON
3,0,Education,-0.45541991510495566,0.2871854399280505,-1.5858043333222376,0.11278370240778099,0.634181609591041,0.36120725299604445,1.1134502715754928,0.2182910369182858,False,drop_CON,CON
3,0,Occupation,-0.3334927958566276,0.12208505370693454,-2.731643110525043,0.006301936491004969,0.7164170597925869,0.5639557426046305,0.9100951808583299,0.02100645497001656,True,drop_CON,CON
3,0,income,-0.26175129121071056,0.2609227078420948,-1.0031755893362766,0.31577614867560966,0.7697024316640609,0.4615523492792139,1.283585348952852,0.430603839103104,False,drop_CON,CON
4,0,ATT,-0.3774013207131559,0.2845031070464734,-1.3265279407001613,0.1846648865256726,0.6856408567969342,0.3925751046946142,1.197486490833211,0.316568376901153,False,drop_CON,CON
4,0,SNO,-0.3568392571157555,0.4636692896269623,-0.7695986451956842,0.44153800893081807,0.6998849902251534,0.2820612410479567,1.7366405881309277,0.5229117739620535,False,drop_CON,CON
4,0,COVID,-0.31140166923716434,0.3856803447062514,-0.8074087090809347,0.4194310509877023,0.7324196263451994,0.3439238044409343,1.5597597552971063,0.5229117739620535,False,drop_CON,CON
4,0,PU,-0.9468277970202851,0.38464492050621185,-2.461563240648577,0.013833300776937526,0.3879697924033301,0.18254987763094005,0.8245448409545886,0.037727183937102345,True,drop_CON,CON
4,0,PEU,0.2770496974011766,0.2412237286332562,1.1485175980443794,0.25075495243160284,1.3192319318044052,0.8222187412745978,2.1166786920892475,0.37613242864740426,False,drop_CON,CON
4,0,PO,-0.20566029853607098,0.25903496319726926,-0.7939480292451851,0.42722568728584065,0.8141095835326276,0.4899907202104986,1.352626461405111,0.5229117739620535,False,drop_CON,CON
4,0,PRI,1.261896670448746,0.42179181342302857,2.991752400806199,0.002773811344674533,3.532114395233728,1.545248464922161,8.073673835777454,0.010377396253768574,True,drop_CON,CON
4,0,age,-0.023187536040647983,0.0248508008845464,-0.9330699701942915,0.3507838427839107,0.9770792290203689,0.930628508248358,1.025848457597713,0.4677117903785476,False,drop_CON,CON
4,0,gender,0.4009457869335221,0.35670475392258466,1.1240270350322807,0.26100155704573735,1.4932363133860427,0.7421562111955762,3.004427712088695,0.3819534981157132,False,drop_CON,CON
4,0,Education,0.0016976461354002896,0.23713038871230463,0.007159125174209269,0.9942878933485217,1.0016990879523837,0.6293435948254278,1.5943612854008127,0.9942878933485217,False,drop_CON,CON
4,0,Occupation,-0.230633616757281,0.09782344594299831,-2.3576517319955292,0.018390937739371678,0.7940303321556652,0.655493054996478,0.9618472134485448,0.0459773443484292,True,drop_CON,CON
4,0,income,-0.17230167843531397,0.20963265384527802,-0.8219219442906226,0.41112132275586255,0.84172520451933,0.55811978009299,1.269443128865747,0.5229117739620535,False,drop_CON,CON
5,0,ATT,-0.5570791943308385,0.22032409435084008,-2.5284533494723265,0.011456631056289353,0.5728798934171835,0.3719802865499453,0.8822816266033972,0.03436989316886806,True,drop_CON,CON
5,0,SNO,-1.7147762508840105,0.32967274392451845,-5.201449869561022,1.9773981195383282e-07,0.1800039919416898,0.09433199768004132,0.3434829952912085,1.6949126738899957e-06,True,drop_CON,CON
5,0,COVID,-0.7579259607073373,0.2908463796667947,-2.6059322504741083,0.00916245828186071,0.4686373921172174,0.265010756075823,0.8287248734447223,0.028934078784823295,True,drop_CON,CON
5,0,PU,-1.29170891848945,0.28777859542986245,-4.488551056272932,7.170923910577572e-06,0.27480076948078397,0.1563348706716128,0.4830365905112366,4.825224141709503e-05,True,drop_CON,CON
5,0,PEU,-0.029856750036750267,0.17353741076387397,-0.17204791696111715,0.8633998583187555,0.9705845597930394,0.6907411861170869,1.3638022556670952,0.9088419561250058,False,drop_CON,CON
5,0,PO,0.12056860368331071,0.2004664360308925,0.6014403511654725,0.5475467296090538,1.1281381327422428,0.7615910014199542,1.6711012133471472,0.6168261847846505,False,drop_CON,CON
5,0,PRI,-0.9926842381867738,0.26688325999888163,-3.719544785952231,0.00019958215727903397,0.3705806281118032,0.21963780554091378,0.6252566655978403,0.00099791078639517,True,drop_CON,CON
5,0,age,0.023380449106402086,0.01684410251500652,1.388049561297332,0.16512195390295548,1.02365591445177,0.9904122664065592,1.058015400994583,0.2938652314954141,False,drop_CON,CON
5,0,gender,0.37565727283213896,0.27153446173105233,1.3834607601454931,0.16652363118073465,1.4559480552985502,0.8550885294743766,2.479023711183055,0.2938652314954141,False,drop_CON,CON
5,0,Education,0.2973008295579373,0.18554041296678225,1.602350802200509,0.1090780575308536,1.346220221372884,0.93579543395571,1.9366507023574886,0.2181561150617072,False,drop_CON,CON
5,0,Occupation,-0.23710525531484034,0.07140779510926401,-3.320439385532571,0.0008987587352448113,0.7889082468615213,0.6858718106022452,0.9074235335895021,0.0038518231510491913,True,drop_CON,CON
5,0,income,0.014346818429787685,0.1614040797840979,0.08888758232740275,0.929171252353443,1.014450227970137,0.7393342366460953,1.3919404973007863,0.9449199176475691,False,drop_CON,CON
1,0,ATT,-0.766054833180453,0.24915262903841312,-3.0746407779720695,0.0021075623004655733,0.4648433400951887,0.28524866051028075,0.7575121665577934,0.008430249201862293,True,drop_SNO,SNO
1,0,CON,-0.4473807035613914,0.2812228485851738,-1.5908405231372709,0.11164547061909912,0.6393004779715863,0.3684031269234518,1.1093963955947121,0.19619360230809596,False,drop_SNO,SNO
1,0,COVID,-1.513626811143934,0.29272066271709,-5.170891583443943,2.3297971417464433e-07,0.2201102303329513,0.12401418682164525,0.3906691221295719,2.795756570095732e-06,True,drop_SNO,SNO
1,0,PU,-2.2096848571046013,0.2972251708684864,-7.434379970740512,1.0505957468348477e-13,0.10973522534354638,0.06128340490594304,0.19649397254738912,6.303574481009086e-12,True,drop_SNO,SNO
1,0,PEU,-0.43380516023121796,0.17940538489544905,-2.4180163849821112,0.01560537410327367,0.6480385068583951,0.45591918337009224,0.9211147977301951,0.03601240177678539,True,drop_SNO,SNO
1,0,PO,0.02107850290237792,0.20450326316308226,0.10307171913227005,0.9179060503152244,1.0213022236793823,0.684033837265161,1.524863501289216,0.9428324288598883,False,drop_SNO,SNO
1,0,PRI,-1.9492462660375074,0.2820788849046545,-6.91028776115721,4.8367156665338585e-12,0.14238134881041514,0.08191109063923824,0.24749332881378952,9.673431333067717e-11,True,drop_SNO,SNO
1,0,age,-0.006062569371776458,0.01797397253594869,-0.3372971311517845,0.7358929221336473,0.9939557709201028,0.9595493272363609,1.0295959222761455,0.8176588023707192,False,drop_SNO,SNO
1,0,gender,0.7309155007883597,0.27638974617173656,2.644510192263792,0.0081809242852749,2.076981215477581,1.2082724332407195,3.5702635024756026,0.02134154161376061,True,drop_SNO,SNO
1,0,Education,-0.01685406286908265,0.18425633066356972,-0.09147073974818361,0.9271185550455567,0.9832871722733573,0.6852329188693508,1.4109854277763896,0.9428324288598883,False,drop_SNO,SNO
1,0,Occupation,-0.24146170617975796,0.07298851337014929,-3.3082151564757107,0.0009389264450563972,0.7854788822001916,0.6807778807164583,0.9062824922177978,0.004333506669491064,True,drop_SNO,SNO
1,0,income,-0.2849317796460779,0.15991494447488772,-1.7817708068605322,0.07478661472820258,0.75206555874795,0.5497096381387698,1.0289115660585968,0.14474828657071467,False,drop_SNO,SNO
2,0,ATT,-0.17141112178271986,0.2312374369855937,-0.7412775544359581,0.4585251682040866,0.8424751423813828,0.5354560323391288,1.3255324857018418,0.5853512785584084,False,drop_SNO,SNO
2,0,CON,-0.41969997690143424,0.2658820027496976,-1.5785196912953205,0.11444626801305598,0.6572439786124582,0.3903042552707912,1.1067510578961919,0.19619360230809596,False,drop_SNO,SNO
2,0,COVID,-0.7765340823338894,0.27888607893197126,-2.7844132102531716,0.005362467011715732,0.45999756530239244,0.2662949374512299,0.7945992594128134,0.01693410635278652,True,drop_SNO,SNO
2,0,PU,-1.253222692861646,0.27597821322826416,-4.54102038781262,5.598261706969071e-06,0.2855829660830791,0.1662703849389073,0.49051206892180965,4.1986962802268034e-05,True,drop_SNO,SNO
2,0,PEU,0.07620990229106106,0.16501572586035032,0.4618341790985185,0.6442002383376471,1.0791890746442225,0.7809681426813375,1.491288818558981,0.7578826333384083,False,drop_SNO,SNO
2,0,PO,0.04000053935513817,0.1884640465080692,0.21224493528756705,0.8319159519283691,1.0408113355591786,0.7193631359533421,1.5058990127327612,0.8913385199232525,False,drop_SNO,SNO
2,0,PRI,-0.7886896783374908,0.2595282830737925,-3.0389353676463857,0.002374157833594092,0.45443986773205003,0.27325083034335107,0.755772976516952,0.008468841083460002,True,drop_SNO,SNO
2,0,age,-0.0054283135380553335,0.015882236047700234,-0.3417852197733429,0.7325125333951505,0.9945863931330379,0.9641026600715071,1.0260339841112116,0.8176588023707192,False,drop_SNO,SNO
2,0,gender,0.6725178833765894,0.254233905964416,2.645272198550569,0.008162522662028188,1.9591640621769393,1.190316725611576,3.224623950867819,0.02134154161376061,True,drop_SNO,SNO
2,0,Education,0.24056470602611946,0.16964501083220546,1.4180476327951672,0.1561768585774711,1.2719672351116118,0.9121603197065373,1.773702069958485,0.25325977066616934,False,drop_SNO,SNO
2,0,Occupation,-0.15862300774556454,0.06551704248152694,-2.421095362939949,0.01547381736343457,0.8533179926124114,0.7504844024449803,0.9702421451316675,0.03601240177678539,True,drop_SNO,SNO
2,0,income,-0.2454023744407938,0.14817759163497332,-1.6561368809754173,0.0976941020118319,0.7823896612944525,0.585183120612229,1.0460547485717342,0.17762564002151257,False,drop_SNO,SNO
3,0,ATT,-1.72382020620083,0.37288140105929096,-4.6229718116906815,3.7828114358857437e-06,0.17838338328406866,0.0858917280320199,0.3704737599412183,3.2424098021877805e-05,True,drop_SNO,SNO
3,0,CON,-1.6030183278539383,0.40894570980610573,-3.9198805352768726,8.859287322895321e-05,0.20128804685541923,0.09030595091960096,0.4486623239584894,0.0004832338539761084,True,drop_SNO,SNO
3,0,COVID,-1.3376444065191133,0.423510194895073,-3.158470380743779,0.00158599424980022,0.262463197568315,0.11443773666088002,0.6019599136421317,0.006797118213429515,True,drop_SNO,SNO
3,0,PU,-3.0795255952233407,0.4451960870542332,-6.91723419134229,4.605464060487907e-12,0.04598106511254084,0.019214118611173215,0.1100367074685516,9.673431333067717e-11,True,drop_SNO,SNO
3,0,PEU,-0.6085531635545106,0.3174809013282187,-1.9168181802702362,0.055261034456113786,0.544137577896826,0.2920542430319347,1.0138038078325362,0.11433317473678715,False,drop_SNO,SNO
3,0,PO,-1.0372125168846253,0.3416677226791482,-3.035734569105453,0.0023995049736470005,0.35444130537600504,0.18143074772252446,0.6924330111276381,0.008468841083460002,True,drop_SNO,SNO
3,0,PRI,-2.715535261648495,0.4172938264746423,-6.5074896616365585,7.641700882771272e-11,0.06616952551712232,0.029204538271171008,0.1499221136970758,1.1462551324156908e-09,True,drop_SNO,SNO
3,0,age,-0.0008130390881445386,0.03185521042986453,-0.025522954555098707,0.9796378393622955,0.9991872913385789,0.938709469755226,1.06356149089756,0.9796378393622955,False,drop_SNO,SNO
3,0,gender,0.4873308293546716,0.4529432316429918,1.0759203257921381,0.28196289072850533,1.6279650989427077,0.6700265740211121,3.955470523310962,0.4126286205783005,False,drop_SNO,SNO
3,0,Education,-0.7630773562689279,0.2871199884485362,-2.6576949950167017,0.00786770611751178,0.4662294629581681,0.2655817612771322,0.818467017783794,0.02134154161376061,True,drop_SNO,SNO
3,0,Occupation,-0.3323273671512546,0.12018320785455222,-2.765173047747593,0.005689260583998353,0.7172524795155939,0.5667219664319816,0.9077663295993172,0.01706778175199506,True,drop_SNO,SNO
3,0,income,-0.45712966364014584,0.2516863616433604,-1.8162671217278696,0.06932940612619018,0.6330982449174912,0.38657285380322054,1.036837904613023,0.13865881225238036,False,drop_SNO,SNO
4,0,ATT,-0.23450042834053153,0.3280678107343885,-0.7147925540625156,0.4747372368085804,0.790965895088554,0.4158156203103295,1.5045780308260723,0.5934215460107255,False,drop_SNO,SNO
4,0,CON,-0.42954345432188606,0.3651809252721297,-1.176248332252825,0.23949565580057386,0.6508061496434966,0.31812907960456027,1.3313735573631662,0.36845485507780595,False,drop_SNO,SNO
4,0,COVID,-0.33014417992753714,0.38833616318507286,-0.850150491315941,0.39524142297416665,0.7188200865322161,0.3357853844781501,1.5387873942315822,0.5269885639655556,False,drop_SNO,SNO
4,0,PU,-0.9658825996302908,0.38721164783600404,-2.494456468518663,0.01261501990375218,0.38064709245400163,0.17820558390546484,0.8130621152171542,0.03153754975938045,True,drop_SNO,SNO
4,0,PEU,0.30057038497067606,0.24017520717238378,1.2514629986555779,0.2107656051632657,1.3506289663750009,0.8435188574199589,2.162605600058326,0.332787797626209,False,drop_SNO,SNO
4,0,PO,-0.21237294201851648,0.2592395045505257,-0.8192151978793998,0.4126636453912951,0.8086630568900184,0.4865175174379833,1.3441159180091942,0.5382569287712544,False,drop_SNO,SNO
4,0,PRI,1.2804570238001207,0.4275841293499612,2.994631783332902,0.002747763289798343,3.59828385119798,1.55642594251854,8.318832473866927,0.009159210965994476,True,drop_SNO,SNO
4,0,age,-0.022377520212645066,0.024542827628834855,-0.9117743297986654,0.3618875262071627,0.9778709992910223,0.9319450154220582,1.0260602025124468,0.4934829902824946,False,drop_SNO,SNO
4,0,gender,0.36151181507028674,0.35421975180870324,1.020586269467891,0.3074504974333334,1.4354979823936864,0.7169430293773287,2.8742234361997228,0.4290006940930234,False,drop_SNO,SNO
4,0,Education,-0.03032547062278383,0.2372169100570869,-0.1278385702582751,0.8982767258209527,0.9701297334309446,0.6094059709888656,1.5443755796478587,0.9428324288598883,False,drop_SNO,SNO
4,0,Occupation,-0.21960905435902542,0.09690763652566066,-2.2661687172700167,0.02344105519323817,0.8028326005242171,0.6639502732795393,0.9707657491890361,0.050230832556938936,False,drop_SNO,SNO
4,0,income,-0.1425589725468605,0.2064774226068838,-0.6904337081845563,0.48992148499719956,0.8671364155414786,0.5785358747604649,1.2997042983193543,0.5999038591802444,False,drop_SNO,SNO
5,0,ATT,-0.555091610883213,0.23894115713583297,-2.323131006550099,0.02017211573868876,0.5740196723384524,0.35936514914915046,0.9168907586383384,0.0448269238637528,True,drop_SNO,SNO
5,0,CON,-0.40742514273038427,0.2724084548597574,-1.495640592139979,0.13474733916683787,0.6653612566608439,0.3901025154563983,1.134844263558148,0.22457889861139646,False,drop_SNO,SNO
5,0,COVID,-1.1630093952467135,0.28491240883107005,-4.081989268274671,4.465185914365235e-05,0.3125441951745242,0.17880888652488264,0.5463032393733832,0.0002679111548619141,True,drop_SNO,SNO
5,0,PU,-1.3359734452521586,0.28357265574330087,-4.711220980564236,2.462370548540457e-06,0.26290213002288887,0.15080376596023065,0.4583276122480878,2.4623705485404566e-05,True,drop_SNO,SNO
5,0,PEU,-0.09545648684455497,0.17011789142249498,-0.561119621495218,0.5747159928263847,0.9089579124201118,0.6512331536059905,1.2686769430829659,0.6896591913916618,False,drop_SNO,SNO
5,0,PO,-0.05575107618712177,0.1947892029236069,-0.2862123534074238,0.7747154826915766,0.9457745323940098,0.64562404782704,1.3854649143501823,0.8451441629362655,False,drop_SNO,SNO
5,0,PRI,-1.1985051960936062,0.2689114216995316,-4.456877244257616,8.31621918411324e-06,0.301644774864486,0.17807124025193746,0.5109728560002907,5.5441461227421605e-05,True,drop_SNO,SNO
5,0,age,0.016660426678957237,0.01626490626792751,1.0243174110268098,0.30568537681741403,1.0167999855470524,0.984896430926142,1.049736985681104,0.4290006940930234,False,drop_SNO,SNO
5,0,gender,0.46765349377912974,0.26512188581210594,1.7639188569689022,0.07774564156748168,1.5962441983034674,0.9493427248551431,2.683957514928309,0.14577307793902813,False,drop_SNO,SNO
5,0,Education,0.20495994915755053,0.17826969375645546,1.1497184116867232,0.2502598685463556,1.227475902534703,0.8654993541301882,1.7408413814676824,0.37538980281953344,False,drop_SNO,SNO
5,0,Occupation,-0.23807089336454798,0.06939736182270786,-3.4305467399864122,0.0006023661880370032,0.788146814733708,0.6879151875640848,0.9029825373887713,0.0030118309401850163,True,drop_SNO,SNO
5,0,income,-0.05444709684358563,0.15583436824183886,-0.34939081447739023,0.7267959283366379,0.9470086072771076,0.6977583367445562,1.285295001190717,0.8176588023707192,False,drop_SNO,SNO
1,0,ATT,-0.7042031846788414,0.2547482736294447,-2.7643099387718366,0.005704332784940786,0.49450244443848324,0.30013893316079127,0.8147315810729343,0.02013293924096748,True,drop_COVID,COVID
1,0,CON,-0.32341274392053426,0.28174860604998603,-1.147876997351165,0.25101934538461956,0.7236751002196197,0.416595308434175,1.2571088537849575,0.3746575511745804,False,drop_COVID,COVID
1,0,SNO,-2.5291081419980226,0.3323288261202731,-7.610258103468621,2.7354908964986088e-14,0.07973009651080842,0.04156600467166527,0.15293479226200907,9.924965686718469e-13,True,drop_COVID,COVID
1,0,PU,-2.2904536439418695,0.3019457228111416,-7.585646925604846,3.308321895572823e-14,0.10122053335532905,0.056007634865745344,0.1829321376861703,9.924965686718469e-13,True,drop_COVID,COVID
1,0,PEU,-0.35425849595500525,0.18479292642800849,-1.917056582211858,0.05523074370956527,0.7016935589630912,0.488482011682832,1.0079672104895934,0.125006085632067,False,drop_COVID,COVID
1,0,PO,0.2750167662860956,0.21204925256829615,1.2969475862572026,0.1946492216656518,1.316552748382615,0.8688369778312266,1.9949785558166202,0.324415369442753,False,drop_COVID,COVID
1,0,PRI,-1.7476901567733862,0.2811035345483672,-6.21724717756146,5.059524330607452e-10,0.1741757979484609,0.10039397489932003,0.3021815663878903,6.071429196728942e-09,True,drop_COVID,COVID
1,0,age,0.004359463450217181,0.018603254277707003,0.23433875520592623,0.8147220010955585,1.0043689797346103,0.9684069134169234,1.041666507619041,0.8576021064163774,False,drop_COVID,COVID
1,0,gender,0.6141328780714513,0.28386089874148385,2.1634993787247567,0.030502791464951887,1.8480534169384206,1.0594665392001212,3.2236048100549404,0.07625697866237972,False,drop_COVID,COVID
1,0,Education,0.1204161816768193,0.19120402718134652,0.6297784803591567,0.5288395271030111,1.1279661927685016,0.7754252335911176,1.6407871151373408,0.5986862570977484,False,drop_COVID,COVID
1,0,Occupation,-0.26235823101242073,0.07532090475087688,-3.483206048575331,0.0004954468792433849,0.7692354103640551,0.6636587420441347,0.8916075070982874,0.002286677904200238,True,drop_COVID,COVID
1,0,income,-0.15007067770024468,0.16592292566839392,-0.9044601708637249,0.3657514447539467,0.8606471457144145,0.6217111942423239,1.191410925661508,0.5004608627581875,False,drop_COVID,COVID
2,0,ATT,-0.14005532542407073,0.23270755635978785,-0.601851214524087,0.5472731806767783,0.8693101391162489,0.5509219475297457,1.371700875884074,0.608081311863087,False,drop_COVID,COVID
2,0,CON,-0.3978108072575502,0.2610469890781388,-1.5239049822500506,0.12753244870812236,0.6717891132644803,0.40274047550781733,1.1205742659255433,0.25207343760170686,False,drop_COVID,COVID
2,0,SNO,-1.3230934107977288,0.31650769471416146,-4.180288292809489,2.9113975376075186e-05,0.2663102195556605,0.14320924128316898,0.49522734988555006,0.00017468385225645112,True,drop_COVID,COVID
2,0,PU,-1.2880616262485154,0.27659252950104823,-4.656892319442178,3.210182376763002e-06,0.2758048782210064,0.16038421733298022,0.47428813205837844,2.140121584508668e-05,True,drop_COVID,COVID
2,0,PEU,0.12256870504924336,0.16808730319569704,0.7291966895711435,0.4658813559220554,1.1303967813726477,0.8131152592282568,1.5714830939840223,0.5616063742256988,False,drop_COVID,COVID
2,0,PO,0.17355517348705987,0.1923905261090457,0.902098336113962,0.3670046326893375,1.1895263152738782,0.8158455183511402,1.7343637035461967,0.5004608627581875,False,drop_COVID,COVID
2,0,PRI,-0.6188643957828801,0.2542061372056747,-2.4344982484910087,0.01491245202724906,0.538555676563671,0.3272246225783632,0.88637039130359,0.04067032371067925,True,drop_COVID,COVID
2,0,age,-0.001624180704930018,0.0161364389203441,-0.10065298254141586,0.9198259362413748,0.9983771375627529,0.9672951565522393,1.0304578721977355,0.9354162063471607,False,drop_COVID,COVID
2,0,gender,0.6340165398779186,0.25750918648219007,2.462112317386272,0.01381214052962221,1.885167242692116,1.1380298144755139,3.1228140842314125,0.04067032371067925,True,drop_COVID,COVID
2,0,Education,0.30054475195282593,0.17172489081360995,1.7501525290182711,0.0800919976506328,1.3505943461223096,0.96460553422068,1.8910373443495452,0.171625709251356,False,drop_COVID,COVID
2,0,Occupation,-0.16251374149196732,0.06652340234651291,-2.4429559487269086,0.014567515287123271,0.8500044098163755,0.7460970375513204,0.9683827442587682,0.04067032371067925,True,drop_COVID,COVID
2,0,income,-0.19832087500362483,0.15202969254695933,-1.3044877726261728,0.19206732584160446,0.8201066591866699,0.6087795446873915,1.1047922656266125,0.324415369442753,False,drop_COVID,COVID
3,0,ATT,-1.582325212211975,0.3878095934145093,-4.080160055557756,4.5004701669436534e-05,0.20549671877355685,0.09609365258374496,0.4394556798628933,0.0002454801909241993,True,drop_COVID,COVID
3,0,CON,-1.128701490542631,0.43730560901065046,-2.5810359329627115,0.009850432824888403,0.3234529906161951,0.13726794172248416,0.762172404027703,0.0311066299733318,True,drop_COVID,COVID
3,0,SNO,-3.3705150191552624,0.4602056707038219,-7.323931958510026,2.4080881868432016e-13,0.03437193058155047,0.013946619445548375,0.08471082304321609,4.816176373686403e-12,True,drop_COVID,COVID
3,0,PU,-2.8939845557564854,0.4462581286030407,-6.485001326061596,8.873100476016289e-11,0.055355206691207616,0.023083193327901746,0.13274588417203415,1.3309650714024433e-09,True,drop_COVID,COVID
3,0,PEU,-0.3962603387029423,0.3418682056333935,-1.1591026371369466,0.2464143510836616,0.6728315090520474,0.34427241816219945,1.3149535533223302,0.3746575511745804,False,drop_COVID,COVID
3,0,PO,-0.5460553668155981,0.3608698572974422,-1.5131642495857425,0.13023794276088188,0.5792301603634775,0.2855436742102965,1.1749781521253595,0.25207343760170686,False,drop_COVID,COVID
3,0,PRI,-2.467524966604647,0.43122876905708046,-5.722078728652791,1.0522852200819614e-08,0.08479446864076125,0.03641649841178668,0.19744078166894466,9.019587600702526e-08,True,drop_COVID,COVID
3,0,age,0.014239641711043973,0.03253207854679576,0.43771078723300644,0.6615959487618527,1.0143415083495846,0.9516830481500093,1.0811253784135195,0.7217410350129302,False,drop_COVID,COVID
3,0,gender,0.3027210618532195,0.4658675360648382,0.649800723206194,0.5158209517405441,1.3535368587174463,0.543144810372386,3.373063670903181,0.5951780212390894,False,drop_COVID,COVID
3,0,Education,-0.564559846618911,0.29572467463783453,-1.9090725091178515,0.05625273853443015,0.5686103674615167,0.31848490188474693,1.0151744967229972,0.125006085632067,False,drop_COVID,COVID
3,0,Occupation,-0.38464434349425575,0.12392624537960965,-3.1038166476844107,0.0019104168315925935,0.6806926859409219,0.5339037047650849,0.8678391413248108,0.007641667326370374,True,drop_COVID,COVID
3,0,income,-0.24861069655395115,0.2602343222800793,-0.9553340019706619,0.33940881778194987,0.779883525637945,0.468288852049698,1.2988101486919936,0.48486973968849983,False,drop_COVID,COVID
4,0,ATT,-0.2471437231571567,0.32643016410160014,-0.75711055636462,0.4489836301890845,0.7810284335920883,0.411911464466718,1.4809139018965052,0.5612295377363556,False,drop_COVID,COVID
4,0,CON,-0.4079649402304156,0.3591689593618044,-1.1358580122160757,0.2560159933026299,0.6650021932373685,0.3289215190547076,1.3444785196220537,0.3746575511745804,False,drop_COVID,COVID
4,0,SNO,-0.389934427970837,0.45123189623263704,-0.8641552851791365,0.3875025920545764,0.6771012719468839,0.2796129525003788,1.6396455470762457,0.5054381635494475,False,drop_COVID,COVID
4,0,PU,-0.9922350642016613,0.38211436737402404,-2.5966965623944582,0.00941250336148091,0.37074712067860327,0.1753135446921187,0.7840433991159502,0.0311066299733318,True,drop_COVID,COVID
4,0,PEU,0.28589604746193437,0.24241923057942702,1.1793455774056771,0.2382605964516319,1.3309540920048981,0.8275831904866993,2.1404963457302766,0.3746575511745804,False,drop_COVID,COVID
4,0,PO,-0.18520616994421943,0.260653197304645,-0.7105463192448588,0.47736541809184396,0.8309329527905479,0.4985325296413973,1.384963931099683,0.5616063742256988,False,drop_COVID,COVID
4,0,PRI,1.272458896818355,0.421688756944588,3.017531000916779,0.002548429734263777,3.5696191049866166,1.5619716996115265,8.157753791476843,0.009556611503489163,True,drop_COVID,COVID
4,0,age,-0.021652121615722598,0.024868037116237182,-0.8706807664198473,0.38392848311935335,0.978580602883488,0.9320270190091923,1.0274594800457884,0.5054381635494475,False,drop_COVID,COVID
4,0,gender,0.43059585790474136,0.3573383572992934,1.2050087797993938,0.22819991252506144,1.5381737835485831,0.7635418653198909,3.0986887502297225,0.37005391220280237,False,drop_COVID,COVID
4,0,Education,-0.005764553739025182,0.23506676909716026,-0.024523048328632602,0.9804353993340096,0.99425202942074,0.627196480650482,1.5761202884653023,0.9804353993340096,False,drop_COVID,COVID
4,0,Occupation,-0.23578115156316024,0.0978353047542781,-2.4099802433829502,0.01595338439484891,0.7899535351132488,0.6521123937356813,0.9569310346382615,0.04161752450830151,True,drop_COVID,COVID
4,0,income,-0.16156847544508923,0.2095768790037556,-0.7709270040336555,0.44075019990235964,0.8508082699956826,0.5642041311562388,1.283001439230142,0.5612295377363556,False,drop_COVID,COVID
5,0,ATT,-0.5063458329960573,0.24273617424902383,-2.085992475421465,0.0369793046657561,0.6026939040199198,0.3745205012531488,0.9698799951601274,0.08875033119781466,False,drop_COVID,COVID
5,0,CON,-0.36159062694252386,0.26972411224042075,-1.3405943722977838,0.180052185428909,0.6965674654352163,0.4105531480657832,1.1818353754897926,0.31773915075689824,False,drop_COVID,COVID
5,0,SNO,-1.914478273241775,0.32226050072922496,-5.9407785593009725,2.8367158637679995e-09,0.14741872481945167,0.07838608499626427,0.27724666219047595,2.8367158637679992e-08,True,drop_COVID,COVID
5,0,PU,-1.3915747356657064,0.28656236022389303,-4.856097411322478,1.1972182267676912e-06,0.24868338553150038,0.14181428042989375,0.4360874381052288,8.979136700757684e-06,True,drop_COVID,COVID
5,0,PEU,-0.02087902551509954,0.17457236648430405,-0.11960097657825353,0.904799246081009,0.9793374322449416,0.6955580097580217,1.3788954950425751,0.9354162063471607,False,drop_COVID,COVID
5,0,PO,0.1428264597185586,0.20072103242707262,0.7115669842444204,0.47673295776195035,1.1535296004435127,0.7783439449756446,1.7095662498421658,0.5616063742256988,False,drop_COVID,COVID
5,0,PRI,-0.9842453255974278,0.26626021096618774,-3.6965542918555587,0.00021854553882697897,0.3737211583319692,0.22176980730657983,0.6297859292987937,0.001092727694134895,True,drop_COVID,COVID
5,0,age,0.02358748686396085,0.016758448686210466,1.407498230034239,0.15927970172525774,1.0238678718176417,0.9907836606596344,1.0580568297245192,0.2895994576822868,False,drop_COVID,COVID
5,0,gender,0.3952255148491894,0.2705519641572114,1.4608118484016368,0.14406708334207227,1.4847189793463305,0.8736666923768384,2.5231480916756643,0.27012578126638553,False,drop_COVID,COVID
5,0,Education,0.29778413601096226,0.1832626105207301,1.6249039297477315,0.10418303074493501,1.3468710155469101,0.9404370352860949,1.9289558624926977,0.215551098092969,False,drop_COVID,COVID
5,0,Occupation,-0.24586303693753525,0.07109339595387845,-3.4583104891632677,0.0005435745425784975,0.7820293267223399,0.6803104145366129,0.8989570860389686,0.0023296051824792754,True,drop_COVID,COVID
5,0,income,0.0385815707445984,0.1609443801973454,0.23971990011264005,0.8105474066408019,1.0393355042712908,0.7581534945435342,1.4248015714670437,0.8576021064163774,False,drop_COVID,COVID
1,0,ATT,-0.6307087091966578,0.24879877539285003,-2.535015327952386,0.01124424058925829,0.5322144820199701,0.32681719242950547,0.8666993702691532,0.035508128176605126,True,drop_PU,PU
1,0,CON,-0.28994159426306,0.2800408236480445,-1.03535474037692,0.3005032741812267,0.7483072717399295,0.43221954724720635,1.2955540222677329,0.48314178723675366,False,drop_PU,PU
1,0,SNO,-2.305725889151817,0.3405663685372617,-6.7702688878380695,1.2854326895263887e-11,0.099686413098275,0.051137562604701856,0.1943264490960748,1.928149034289583e-10,True,drop_PU,PU
1,0,COVID,-1.1768341279801933,0.3012785927576954,-3.9061325838263827,9.378506695142927e-05,0.3082530852765865,0.17078664871733648,0.5563664683168471,0.0008038720024408224,True,drop_PU,PU
1,0,PEU,-0.517431689017511,0.18221291418344787,-2.8397092013827976,0.004515467616745829,0.596049424097135,0.417041725592154,0.851892974167212,0.018061870466983317,True,drop_PU,PU
1,0,PO,-0.04719293673108881,0.20523586827423584,-0.22994487819268358,0.8181346027831186,0.9539033368433174,0.6379756014891644,1.4262795848569296,0.8765727886961985,False,drop_PU,PU
1,0,PRI,-2.0371988895948285,0.27774541860101826,-7.334770452222177,2.221018281669503e-13,0.13039344624697372,0.07565438243270588,0.2247384788222414,1.3326109690017018e-11,True,drop_PU,PU
1,0,age,0.005449697836576298,0.0181421079608167,0.3003894502417551,0.763880109828758,1.0054645744519068,0.970339922052941,1.041860679439918,0.8627800128604582,False,drop_PU,PU
1,0,gender,0.4877550529276095,0.27533594995877503,1.7714906208239032,0.07647915099416167,1.6286558666232065,0.9494205679041288,2.793830280864566,0.1638838949874893,False,drop_PU,PU
1,0,Education,0.08614038010798883,0.1895398441270594,0.45447109289719584,0.6494897932739521,1.0899593261738605,0.7517452961138368,1.5803375675974636,0.764105639145826,False,drop_PU,PU
1,0,Occupation,-0.24148925234290292,0.07331565241756358,-3.2938294126814793,0.0009883245915390162,0.7854572455687601,0.6803227703960919,0.9068387998497711,0.005929947549234097,True,drop_PU,PU
1,0,income,-0.15139033287637757,0.16168618047883013,-0.9363220309122176,0.34910740840001286,0.8595121373283114,0.6260686517173867,1.1800001680137882,0.48915213713553035,False,drop_PU,PU
2,0,ATT,-0.15439835332978538,0.23086615000607144,-0.6687786551892728,0.5036366845386995,0.856930591856591,0.5450400464238052,1.347295568606158,0.6166979810677953,False,drop_PU,PU
2,0,CON,-0.2915478692804096,0.2635231459019573,-1.1063463449577928,0.26857663946478616,0.7471062493084278,0.44572494375532845,1.2522694894591795,0.46041709622534766,False,drop_PU,PU
2,0,SNO,-1.2293824959172377,0.3276400681004091,-3.752234893140357,0.00017526513017441356,0.2924731252796411,0.15388387347056276,0.5558771499679213,0.001168434201162757,True,drop_PU,PU
2,0,COVID,-0.6569486656864548,0.2848603498762097,-2.3062130829086662,0.02109872890916254,0.5184308292614209,0.2966284446615755,0.9060847992353729,0.061554461375638296,False,drop_PU,PU
2,0,PEU,-0.015371706918151378,0.1671740165143064,-0.0919503355764375,0.9267374988149153,0.9847458347260317,0.7096149505074216,1.3665500681980445,0.9424449140490664,False,drop_PU,PU
2,0,PO,-0.010626525617984802,0.18894542723308697,-0.056241242636032154,0.9551496262661733,0.9894297364389519,0.6832055158463078,1.43290881095562,0.9551496262661733,False,drop_PU,PU
2,0,PRI,-0.7848419182066942,0.25245630889225973,-3.1088227568978666,0.0018783436274117619,0.4561918117055421,0.27813288284897064,0.7482429511227248,0.009391718137058809,True,drop_PU,PU
2,0,age,-0.004561149836665198,0.01606715115123346,-0.28388043367072213,0.7765020115744123,0.9954492364101747,0.9645893945264871,1.0272963686854946,0.8627800128604582,False,drop_PU,PU
2,0,gender,0.5514483152642742,0.2517016920785666,2.19088044546059,0.028460445154374337,1.735765133398535,1.0598347489887088,2.842783369008156,0.07115111288593584,False,drop_PU,PU
2,0,Education,0.28036591956340584,0.173267936432536,1.6181061847676,0.10563971587519952,1.3236140600131425,0.9424812668823812,1.858874273076786,0.2185649293969645,False,drop_PU,PU
2,0,Occupation,-0.13918788381517969,0.06540853646813351,-2.12797734563272,0.03333896192941039,0.870064542054894,0.765375577009769,0.9890729859695148,0.08001350863058493,False,drop_PU,PU
2,0,income,-0.22034257555686323,0.14879019799782775,-1.4808944306941516,0.13863470735433162,0.8022439217240017,0.5993129497456231,1.073888542232032,0.26832524004064184,False,drop_PU,PU
3,0,ATT,-1.4694282472825027,0.37998185364462284,-3.86710110808813,0.00011013677289050209,0.23005698329631977,0.10924167159788045,0.4844874194000346,0.0008260257966787657,True,drop_PU,PU
3,0,CON,-1.1688240321396577,0.42256531706886175,-2.766019796057197,0.005674508998669726,0.31073213750075784,0.13573483303469225,0.7113462264407228,0.020027678818834327,True,drop_PU,PU
3,0,SNO,-3.3587147882420765,0.4687462472699468,-7.165315579172675,7.760756748486645e-13,0.0347799298075591,0.013877902765710284,0.0871632794839536,2.3282270245459935e-11,True,drop_PU,PU
3,0,COVID,-0.9764065349067085,0.42782757650564623,-2.2822431010213817,0.022474991742124723,0.3766621922839028,0.1628462809396525,0.8712167467225826,0.061554461375638296,False,drop_PU,PU
3,0,PEU,-0.7444531622722829,0.3264234270170247,-2.280636439226697,0.022569969171067374,0.47499397355895595,0.2505133468030579,0.9006277621395464,0.061554461375638296,False,drop_PU,PU
3,0,PO,-0.951318235418275,0.3468971537590763,-2.742363911348132,0.0060998720302396555,0.3862315436206433,0.195687426247244,0.7623116525591579,0.02033290676746552,True,drop_PU,PU
3,0,PRI,-2.891576132123454,0.416996880666936,-6.934287200179359,4.082744647133793e-12,0.05548868615223761,0.024504707960706605,0.1256490914251541,8.165489294267585e-11,True,drop_PU,PU
3,0,age,0.01814910007759426,0.0321112475811698,0.5651944861910935,0.5719414866304637,1.0183147958864451,0.9561992710016551,1.084465398551279,0.6863297839565564,False,drop_PU,PU
3,0,gender,0.19740899510150645,0.4549827812473469,0.4338823428884597,0.6643738824505698,1.2182421939176133,0.49939532813144216,2.971822040454846,0.7665852489814268,False,drop_PU,PU
3,0,Education,-0.5830648897275736,0.28990534058756534,-2.011225072797374,0.044301688584535426,0.5581849668450733,0.3162319368412299,0.9852593015242015,0.09844819685452316,False,drop_PU,PU
3,0,Occupation,-0.3677352286678644,0.12150561667325209,-3.026487488695793,0.0024741305976056197,0.6923004587391037,0.5455906894729733,0.8784606013591356,0.01141906429664132,True,drop_PU,PU
3,0,income,-0.24503445312146696,0.2553834454876964,-0.9594766514859004,0.33731867648356006,0.782677572091876,0.47445618415682955,1.291129091181045,0.48915213713553035,False,drop_PU,PU
4,0,ATT,-0.28496687002227106,0.32664184108974437,-0.8724138618358351,0.38298264105571256,0.7520391689475884,0.39645811569428563,1.4265388681499276,0.5157254108094718,False,drop_PU,PU
4,0,CON,-0.33975798798391166,0.3639592778820488,-0.9335055008379805,0.35055903161379676,0.7119426005792233,0.34884828225432785,1.4529590435247712,0.48915213713553035,False,drop_PU,PU
4,0,SNO,-0.36052538690151636,0.4711654671315404,-0.7651778664858403,0.4441656376301867,0.6973098723412395,0.2769246857179418,1.7558602867200162,0.5552070470377334,False,drop_PU,PU
4,0,COVID,-0.3937420128183704,0.3910917564468625,-1.0067765590243731,0.3140421617038899,0.6745280533863858,0.31339783554359335,1.451790801350121,0.48314178723675366,False,drop_PU,PU
4,0,PEU,0.18753899266343313,0.23878800124363397,0.7853786274298105,0.4322316079254508,1.2062772844681242,0.7554169052326485,1.9262275929285138,0.5517850313941924,False,drop_PU,PU
4,0,PO,-0.321414292328043,0.25999453244999154,-1.2362348134757997,0.21637129364501717,0.7251227759492218,0.43561189726675204,1.2070447191627636,0.39340235208184937,False,drop_PU,PU
4,0,PRI,1.1549646729428877,0.4136441338838946,2.7921698347282105,0.0052355868095407725,3.1739112906016222,1.4108920593268557,7.139960008999327,0.019633450535777898,True,drop_PU,PU
4,0,age,-0.025427797072748615,0.025081949667327887,-1.0137886970513792,0.3106835898279149,0.9748927665361163,0.9281254070482059,1.0240166889376825,0.48314178723675366,False,drop_PU,PU
4,0,gender,0.3622133291229677,0.35435445506062646,1.0221780027035265,0.3066966600258827,1.4365053577035862,0.7172567574770469,2.876999932311052,0.48314178723675366,False,drop_PU,PU
4,0,Education,-0.027101688555234944,0.23829991496744846,-0.11372932532912153,0.9094523650884996,0.9732622668583452,0.6100773528573058,1.5526546521581823,0.9424449140490664,False,drop_PU,PU
4,0,Occupation,-0.21541024268910255,0.096725555180496,-2.227025136088735,0.025945593913551737,0.8062106303088404,0.6669819260280503,0.9745025390622696,0.06768415803535235,False,drop_PU,PU
4,0,income,-0.17977792658486383,0.20772865378100913,-0.8654459715239313,0.3867940581071039,0.8354557233175505,0.5560338596161272,1.2552945356707683,0.5157254108094718,False,drop_PU,PU
5,0,ATT,-0.4999024364208121,0.23992678286792593,-2.0835624537007056,0.037199985265739,0.6065898379014532,0.37902279490436325,0.9707891883868209,0.08584611984401308,False,drop_PU,PU
5,0,CON,-0.22213186513533578,0.2721528143629062,-0.816202711904095,0.41438420604283943,0.8008097584847665,0.46975153110655204,1.365181860661072,0.5405011383167471,False,drop_PU,PU
5,0,SNO,-1.747762790142461,0.33340078688356467,-5.24222754984931,1.586495476154312e-07,0.17416314743287495,0.09060658989465552,0.33477478800374244,1.9037945713851745e-06,True,drop_PU,PU
5,0,COVID,-0.8798971382434352,0.2933982341796747,-2.998985800659568,0.0027087993068705112,0.414825579174859,0.23341024225880236,0.7372438307439687,0.011609139886587905,True,drop_PU,PU
5,0,PEU,-0.16428062366760626,0.17494962017309354,-0.9390167495366296,0.34772214478051466,0.8485038781971148,0.6021902346399602,1.1955670980715851,0.48915213713553035,False,drop_PU,PU
5,0,PO,-0.05208751858593692,0.19723347851400677,-0.26409065529023695,0.7917100643582937,0.9492457865584619,0.6448966958584229,1.3972277561440762,0.8636837065726841,False,drop_PU,PU
5,0,PRI,-1.1794604045724146,0.2650232804340461,-4.450403008523382,8.570929651887868e-06,0.3074445895456561,0.18288348293018605,0.5168436981101233,8.570929651887868e-05,True,drop_PU,PU
5,0,age,0.021082964855510377,0.01662060044745153,1.2684839469047624,0.20462517991253903,1.0213067806922052,0.9885723849200831,1.055125103835667,0.3836722123360107,False,drop_PU,PU
5,0,gender,0.30752356778464524,0.26473124381276986,1.161644403416697,0.24537993757021748,1.360052861557197,0.8094909626111713,2.2850703363793086,0.43302341924156024,False,drop_PU,PU
5,0,Education,0.2753651021325763,0.1841466094751744,1.4953579808902182,0.13482104057244437,1.3170114307817824,0.9179959937859465,1.8894626126378535,0.26832524004064184,False,drop_PU,PU
5,0,Occupation,-0.22158831508035093,0.06990964303660732,-3.169638771640115,0.0015262855565617742,0.8012451569927451,0.6986459213096791,0.9189115430615404,0.008325193944882405,True,drop_PU,PU
5,0,income,0.017352979847852713,0.15798097048933515,0.109842215768792,0.9125345102458827,1.0175044174993106,0.7465522118056326,1.3867954889940899,0.9424449140490664,False,drop_PU,PU
1,0,ATT,-0.6697639999392403,0.2552134546757133,-2.624328724323234,0.008681994651658777,0.5118293552931803,0.3103724127403545,0.8440482407145697,0.028939982172195924,True,drop_PEU,PEU
1,0,CON,-0.18019347613911527,0.2874218466244533,-0.6269303403876494,0.5307048980825049,0.8351086221879838,0.47542777773608635,1.466902952481351,0.6237023215671927,False,drop_PEU,PEU
1,0,SNO,-2.261636918092746,0.34205554371916275,-6.611899615781739,3.794192705461954e-11,0.10417981128563789,0.0532868452662917,0.2036794076525451,7.588385410923908e-10,True,drop_PEU,PEU
1,0,COVID,-0.853463847368471,0.3081663180826587,-2.7694910095254097,0.0056143953736962,0.4259369930166129,0.23282461578410482,0.7792231135399561,0.019815513083633645,True,drop_PEU,PEU
1,0,PU,-2.19394148214485,0.3014312041848404,-7.278415279127853,3.3776423994302224e-13,0.11147649893901726,0.06174473054943459,0.20126429745695135,2.0265854396581333e-11,True,drop_PEU,PEU
1,0,PO,0.1745285282200579,0.2065794941555107,0.8448492379823276,0.39819501946666946,1.190684710015921,0.7942418395264675,1.785010569968158,0.5429932083636402,False,drop_PEU,PEU
1,0,PRI,-1.7542322784307542,0.2811523706984351,-6.239436196368941,4.391508302606006e-10,0.17304003787959865,0.09972978254582089,0.30023984756625416,5.2698099631272074e-09,True,drop_PEU,PEU
1,0,age,0.004719487135579398,0.018609197303145017,0.2536104625416481,0.7997965129107423,1.004730641455644,0.9687443412920226,1.0420537378659813,0.841891066221834,False,drop_PEU,PEU
1,0,gender,0.6233677551011206,0.2844892018803573,2.1911824806738345,0.02843858986789415,1.865199009857149,1.0679798992304554,3.2575213717775937,0.06562751507975573,False,drop_PEU,PEU
1,0,Education,0.14030996792099468,0.19232296269713997,0.729553902213681,0.46566290841889,1.1506304021001614,0.7892729774371533,1.6774301921955765,0.5820786355236125,False,drop_PEU,PEU
1,0,Occupation,-0.2461053008792209,0.07536791848577679,-3.2653854030168707,0.0010931522837232018,0.7818398921626425,0.6744711200276946,0.9063006536911362,0.004684938358813722,True,drop_PEU,PEU
1,0,income,-0.17414586668681997,0.166284630240119,-1.047275785112245,0.2949724009454763,0.8401743352731268,0.6064919994932801,1.163894848145415,0.46574589622969936,False,drop_PEU,PEU
2,0,ATT,-0.11516183182336362,0.23356265049577862,-0.4930661284195567,0.6219658629438548,0.891221904170083,0.5638626267212868,1.4086347362496034,0.6785082141205689,False,drop_PEU,PEU
2,0,CON,-0.28601582395417413,0.26725068367434246,-1.0702154996269266,0.284522319231019,0.7512507280957352,0.44493496037614877,1.2684497886775326,0.4613875446989497,False,drop_PEU,PEU
2,0,SNO,-1.1546615356159295,0.32584642493561994,-3.5435758911397146,0.00039473968226548723,0.3151641907068269,0.16640669309292352,0.5969018749048929,0.0019736984113274364,True,drop_PEU,PEU
2,0,COVID,-0.4633861513744395,0.28848502648039864,-1.606274533648715,0.10821360320667175,0.6291496385972936,0.35742962003066703,1.1074327519726637,0.20944568362581628,False,drop_PEU,PEU
2,0,PU,-1.2002285401382844,0.2751063349798313,-4.362780450789241,1.2841980263886872e-05,0.30112538481053847,0.17561925402956072,0.5163243510989516,8.561320175924582e-05,True,drop_PEU,PEU
2,0,PO,0.18692815877759011,0.18848861391434754,0.9917212233442041,0.32133353506832874,1.2055406744231398,0.8331767083035375,1.744321826575992,0.4943592847205058,False,drop_PEU,PEU
2,0,PRI,-0.6129236452915835,0.2547488775537263,-2.4059915442112927,0.01612863802335708,0.5417646238036069,0.3288243881658905,0.8926007868278606,0.04838591407007124,True,drop_PEU,PEU
2,0,age,-0.0018825501910239117,0.01625709944842875,-0.11579865135203195,0.9078121193908784,0.9981192206951519,0.9668165953058709,1.03043533133181,0.9231987654822491,False,drop_PEU,PEU
2,0,gender,0.6155324513459164,0.25849346386659994,2.381230233595278,0.017254923800477728,1.8506417139437115,1.115034406370498,3.0715417693133658,0.04929978228707922,True,drop_PEU,PEU
2,0,Education,0.287396548948233,0.17406554401787724,1.6510823584862735,0.09872175905046314,1.3329526896725445,0.9476482239947096,1.8749181689124235,0.19744351810092628,False,drop_PEU,PEU
2,0,Occupation,-0.15639701838681236,0.06677018273219772,-2.342318262241254,0.019164364895082067,0.855219585060672,0.7503116866801821,0.9747956104848796,0.04964508834744377,True,drop_PEU,PEU
2,0,income,-0.21002533783709043,0.15253903068317481,-1.376862937285312,0.1685546278632687,0.8105637077788124,0.6010952699392121,1.093027274086816,0.2889507906227463,False,drop_PEU,PEU
3,0,ATT,-1.6401976557345337,0.38885747652683395,-4.21799182153914,2.4648775738230435e-05,0.1939417048120841,0.09050426432915985,0.4155979294922438,0.00014789265442938262,True,drop_PEU,PEU
3,0,CON,-1.0149748172134707,0.43711087834367096,-2.322007681573791,0.020232522013948463,0.3624115562504323,0.15386000649047385,0.8536470204295242,0.04964508834744377,True,drop_PEU,PEU
3,0,SNO,-3.23602552118589,0.4762428614715467,-6.794906093052751,1.0838310337681955e-11,0.039319860906425516,0.015460582948111642,0.09999955803021539,3.251493101304586e-10,True,drop_PEU,PEU
3,0,COVID,-0.4348780814240499,0.4487314300908908,-0.9691277505031576,0.332481453441396,0.6473435854752192,0.26863769004192223,1.5599215344299489,0.498722180162094,False,drop_PEU,PEU
3,0,PU,-2.9771498893665385,0.45779988601218025,-6.503168699538139,7.864551356638598e-11,0.05093780555534342,0.020766012026642,0.12494743966559997,1.1796827034957898e-09,True,drop_PEU,PEU
3,0,PO,-0.693807820907793,0.3533045304586519,-1.9637671218286035,0.04955710454576486,0.4996697889134696,0.2500024151399507,0.9986699441006068,0.1095594887808445,False,drop_PEU,PEU
3,0,PRI,-2.4470037514762946,0.42961278356853544,-5.695835517627068,1.2276919378114176e-08,0.08655253126824208,0.037289451002791324,0.20089704909786024,1.2276919378114177e-07,True,drop_PEU,PEU
3,0,age,0.008845518631661307,0.032730738509686705,0.27025111666953266,0.7869670697423055,1.0088847558374083,0.9461948781743753,1.0757281338543947,0.841891066221834,False,drop_PEU,PEU
3,0,gender,0.34433790267296616,0.4670869345201049,0.7372030284399761,0.46099889206010114,1.4110553543367927,0.5648740522898154,3.524816204481961,0.5820786355236125,False,drop_PEU,PEU
3,0,Education,-0.5589023271376008,0.2945458408084126,-1.8975054124126605,0.057761265130196665,0.5718364087837234,0.32103273748360805,1.0185779835845004,0.1195060657866138,False,drop_PEU,PEU
3,0,Occupation,-0.35984098476569687,0.12385747583559038,-2.9052827238571637,0.003669215012396454,0.6977872760566242,0.5473856829249625,0.8895137337621422,0.013759556296486702,True,drop_PEU,PEU
3,0,income,-0.23767534218355332,0.26220538094805307,-0.9064472335548311,0.36469918191712314,0.7884586288022191,0.47161236621076935,1.3181736821863677,0.5209988313101759,False,drop_PEU,PEU
4,0,ATT,-0.20914687238800028,0.3267853490095433,-0.6400130024858992,0.5221641461858852,0.8112760728386175,0.4275661967274338,1.5393379350333003,0.6237023215671927,False,drop_PEU,PEU
4,0,CON,-0.34133439965745954,0.36416398248964216,-0.9373096079515992,0.3485993221529201,0.7108211701030576,0.34815907021122294,1.451252542581016,0.5101453494920781,False,drop_PEU,PEU
4,0,SNO,-0.26157415180180454,0.4619321244316076,-0.5662610110168523,0.5712163605906344,0.7698387883745564,0.3113115450381922,1.9037256071351207,0.6466600308573219,False,drop_PEU,PEU
4,0,COVID,-0.2395082338019019,0.3913574352434604,-0.6119935696453696,0.5405420120249004,0.7870147931913803,0.36547083167371686,1.6947789837714027,0.6237023215671927,False,drop_PEU,PEU
4,0,PU,-0.8668083945354433,0.37464539888510273,-2.31367687182321,0.02068545347810157,0.4202908133660913,0.20167185627605327,0.8758999448992802,0.04964508834744377,True,drop_PEU,PEU
4,0,PO,-0.13926856847880428,0.2568903375671142,-0.5421323736725578,0.5877273182262921,0.8699943440219771,0.5258319362615048,1.4394145856021503,0.6530303535847689,False,drop_PEU,PEU
4,0,PRI,1.2695542703462168,0.419338510155348,3.0275165280572445,0.002465722296746702,3.559265738449236,1.5646322157161685,8.096709545955486,0.009862889186986808,True,drop_PEU,PEU
4,0,age,-0.021718728413797846,0.025017702519535005,-0.8681344098979048,0.3853207556506718,0.9785154249335427,0.9316915953340181,1.0276924699418415,0.5376568683497746,False,drop_PEU,PEU
4,0,gender,0.38332697787816017,0.35674773282159833,1.0745043138644235,0.2825967123696771,1.4671576797517587,0.729133396255318,2.9522055474480187,0.4613875446989497,False,drop_PEU,PEU
4,0,Education,-0.02146475092319463,0.23697469056345208,-0.09057824222560701,0.927827721039584,0.9787639773877121,0.6151217000898594,1.5573811219663825,0.927827721039584,False,drop_PEU,PEU
4,0,Occupation,-0.23462119951922406,0.09723191250361628,-2.41300611576984,0.015821554089757328,0.7908703749732531,0.6536418235092716,0.9569093156436642,0.04838591407007124,True,drop_PEU,PEU
4,0,income,-0.16510433510662675,0.20982003012966105,-0.7868854799258124,0.43134890816299754,0.8478052436227379,0.5619448339370927,1.2790823719800823,0.5626290106473881,False,drop_PEU,PEU
5,0,ATT,-0.4755867775318377,0.24383990127034594,-1.9504058812940275,0.051127761431060764,0.6215202553255239,0.38538479202301495,1.002342167557135,0.1095594887808445,False,drop_PEU,PEU
5,0,CON,-0.21964035890356934,0.27647967618400876,-0.7944177378064835,0.4269522812946356,0.8028074686086863,0.46694653020185134,1.380243325451595,0.5626290106473881,False,drop_PEU,PEU
5,0,SNO,-1.6919367601736202,0.3317278743434548,-5.100375612155738,3.389800954850324e-07,0.18416249977440907,0.09612331371982531,0.35283663255737435,2.9055436755859923e-06,True,drop_PEU,PEU
5,0,COVID,-0.69574540846883,0.2976146529880004,-2.3377390914179283,0.019400786972527683,0.49870257228189935,0.2782959597047106,0.8936682223646861,0.04964508834744377,True,drop_PEU,PEU
5,0,PU,-1.3018508477717319,0.2863655462090963,-4.5461154982001775,5.464505745095734e-06,0.27202784468185387,0.15518655295133665,0.47683995085231023,4.098379308821801e-05,True,drop_PEU,PEU
5,0,PO,0.1264543804378626,0.19694806435194256,0.6420696788971277,0.5208279420890071,1.1347976810218916,0.7713879720516654,1.669413866316303,0.6237023215671927,False,drop_PEU,PEU
5,0,PRI,-0.9768807602838588,0.2668509480942724,-3.6607730542473056,0.0002514554152598388,0.3764836118607397,0.22315055103796835,0.6351761595049412,0.0013715749923263936,True,drop_PEU,PEU
5,0,age,0.023950051426926706,0.01681145701869247,1.4246267530706538,0.15426512240696638,1.0242391573285392,0.9910399780658952,1.0585504869868356,0.2804820407399389,False,drop_PEU,PEU
5,0,gender,0.3787068362062466,0.2719138130484749,1.3927458556095251,0.16369665668693578,1.460394838089362,0.8570626687155981,2.4884447321853576,0.2888764529769455,False,drop_PEU,PEU
5,0,Education,0.2909314562608719,0.184746655222158,1.5747589904186714,0.1153120856796352,1.3376728917058787,0.9313017056588554,1.9213631354179332,0.216210160649316,False,drop_PEU,PEU
5,0,Occupation,-0.2360681465739535,0.07137759066992883,-3.307314583727023,0.0009419504609487454,0.7897268549195111,0.6866241506676047,0.9083113443864004,0.004347463665917287,True,drop_PEU,PEU
5,0,income,0.01995364487570056,0.1615557231302726,0.1235093656175255,0.9017037583850576,1.0201540495629144,0.743270249857722,1.4001828877704021,0.9231987654822491,False,drop_PEU,PEU
1,0,ATT,-0.6129171066476223,0.25442833525739644,-2.4089970404733227,0.01599642769549217,0.541768166221174,0.32903319266315234,0.8920460077446873,0.0454876661380947,True,drop_PO,PO
1,0,CON,-0.1517912700493842,0.28773604297329725,-0.5275365174305635,0.5978210643580963,0.8591675960361275,0.48882344186925264,1.5100932051371199,0.6767785634242599,False,drop_PO,PO
1,0,SNO,-2.1841183015571386,0.33802889049052887,-6.461336184571877,1.0378246472699048e-10,0.11257694882941442,0.05803813834157863,0.21836622899844507,1.5567369709048573e-09,True,drop_PO,PO
1,0,COVID,-0.8504360039703032,0.30849843858211223,-2.7566946785176185,0.005838884360586023,0.4272286179612008,0.23337867184121752,0.7820949985062075,0.020607827155009494,True,drop_PO,PO
1,0,PU,-2.0934699346542582,0.2970189220464647,-7.0482712691508675,1.8115422300370071e-12,0.12325869330224784,0.06886363584933893,0.22062014715308476,5.434626690111022e-11,True,drop_PO,PO
1,0,PEU,-0.3096991109015856,0.17991199034892627,-1.7213922779740616,0.0851796645719882,0.7336676756220475,0.5156502197879069,1.0438631413248578,0.17374321487844707,False,drop_PO,PO
1,0,PRI,-1.7168930109246208,0.2806811833665858,-6.116879622394421,9.542539391827843e-10,0.17962336966952577,0.10361966709769731,0.3113748174949706,1.1451047270193411e-08,True,drop_PO,PO
1,0,age,0.004389570926388557,0.018706100663754225,0.23465985804802095,0.8144727464285015,1.0043992192049496,0.9682408735244645,1.041907875534468,0.8726493711733945,False,drop_PO,PO
1,0,gender,0.58554705342303,0.28489126519518454,2.055335227711739,0.039846636988615826,1.7959732102430725,1.0275323731841277,3.1390930895106828,0.09563192877267798,False,drop_PO,PO
1,0,Education,0.11166766162199104,0.19400669375827345,0.5755866432171954,0.56489461130106,1.1181411976575142,0.7644600906776267,1.6354545556338367,0.6518014745781462,False,drop_PO,PO
1,0,Occupation,-0.25065102196677497,0.07573095836740396,-3.3097563713740077,0.0009337720873238885,0.7782939316574876,0.6709345415358965,0.9028324024996728,0.0043097173261102545,True,drop_PO,PO
1,0,income,-0.16987734360781837,0.166577369592743,-1.019810458186147,0.30781836227571846,0.8437683038255533,0.6087369829796582,1.1695444345369137,0.4397405175367407,False,drop_PO,PO
2,0,ATT,-0.0938158268734298,0.23251900625111702,-0.4034759497127307,0.6865981239373214,0.9104504273023771,0.5772077189222785,1.4360860976058707,0.7490161352043507,False,drop_PO,PO
2,0,CON,-0.2825634356684819,0.26699114120806877,-1.0583251353957002,0.2899072374202616,0.7538488195387115,0.44670088365734967,1.2721892064933207,0.43310728385248065,False,drop_PO,PO
2,0,SNO,-1.1258511506593012,0.32150128008786777,-3.5018558879504336,0.00046202945487815476,0.3243762567618048,0.17273551667758813,0.6091390929590584,0.002310147274390774,True,drop_PO,PO
2,0,COVID,-0.48128498035087414,0.2889055193025741,-1.6658905704283857,0.09573521210228314,0.6179887779471576,0.35079972648141317,1.088684228745704,0.17950352269178088,False,drop_PO,PO
2,0,PU,-1.176952639569359,0.2719885343908478,-4.32721416807253,1.510071158963549e-05,0.3082165558782064,0.18085671935494038,0.5252635658561642,0.00010067141059756994,True,drop_PO,PO
2,0,PEU,0.13666871473011175,0.16392067509345098,0.8337490963369756,0.4044223854823237,1.1464482841729058,0.8314236484372725,1.5808350781859695,0.5392298473097649,False,drop_PO,PO
2,0,PRI,-0.6036259208821302,0.25390570428612647,-2.3773625826141496,0.017436938686269634,0.546825291862127,0.33244491516651364,0.8994509651932248,0.0454876661380947,True,drop_PO,PO
2,0,age,-0.0023202336734216276,0.016272632641949124,-0.1425850213960039,0.8866179277940852,0.9976824559881114,0.9663641067826809,1.0300157839060884,0.9328661408764362,False,drop_PO,PO
2,0,gender,0.6180774653124189,0.2580996385715501,2.3947242573959517,0.01663286859304478,1.8553576214324536,1.118739017402909,3.076992801590779,0.0454876661380947,True,drop_PO,PO
2,0,Education,0.2935626081946382,0.1752895769469975,1.6747294009580673,0.09398733612300088,1.341197146713637,0.9512247039208558,1.891046120793838,0.17950352269178088,False,drop_PO,PO
2,0,Occupation,-0.15117277681194746,0.06683573479840574,-2.261855536831076,0.02370633024570247,0.8596991497483439,0.7541448527560723,0.9800274116795986,0.059265825614256175,False,drop_PO,PO
2,0,income,-0.21166219690927615,0.1524811959961876,-1.3881199942487874,0.1651005091459573,0.8092380145026782,0.6001801966761307,1.0911159144253066,0.28302944425021254,False,drop_PO,PO
3,0,ATT,-1.6295030071939354,0.3874721492990595,-4.205471309723087,2.6053863986612688e-05,0.19602697391723845,0.09172609051773366,0.4189274206090857,0.00015632318391967613,True,drop_PO,PO
3,0,CON,-0.8345951447946708,0.4329555047655315,-1.9276695540495519,0.05389624139290884,0.43405017333774987,0.18578077412600041,1.0140960702788018,0.12437594167594349,False,drop_PO,PO
3,0,SNO,-3.37298618793014,0.4654939562923385,-7.246036478746127,4.2914457546720967e-13,0.03428709660267603,0.013768741809668346,0.08538216561049418,2.574867452803258e-11,True,drop_PO,PO
3,0,COVID,-0.47884896339635796,0.4446906323737711,-1.0768136959401386,0.28156350540417197,0.6194960442056524,0.2591255455564527,1.4810401960266897,0.43310728385248065,False,drop_PO,PO
3,0,PU,-3.003477484214846,0.45490340130071133,-6.602451148149174,4.044145639886736e-11,0.04961423530979783,0.020341581244193063,0.12101184838217521,8.088291279773473e-10,True,drop_PO,PO
3,0,PEU,-0.6164678324109775,0.32754005279186876,-1.8821143464939973,0.05982049186857284,0.5398479072096752,0.2840950721120261,1.0258388530011018,0.1329344263746063,False,drop_PO,PO
3,0,PRI,-2.4224773720042165,0.4311798442844093,-5.618252810551907,1.9289811459501774e-08,0.0887015981810514,0.038098138100317896,0.20651858364194045,1.9289811459501772e-07,True,drop_PO,PO
3,0,age,0.013892929356460632,0.03300249442785092,0.4209660390014744,0.673779880979122,1.0139898845765487,0.9504763873369175,1.0817475317870289,0.7486443121990244,False,drop_PO,PO
3,0,gender,0.32395074800354257,0.4628416328491608,0.6999170450794722,0.4839791119507165,1.3825792106561645,0.5580990338219876,3.4250646532176705,0.5807749343408598,False,drop_PO,PO
3,0,Education,-0.5097037677473703,0.2977005133849643,-1.7121360052485333,0.08687160743922354,0.6006734913206823,0.3351434016975332,1.0765798799792794,0.17374321487844707,False,drop_PO,PO
3,0,Occupation,-0.3737673912216994,0.12478454874654607,-2.995301862098892,0.002741733627964591,0.6881369599115118,0.53883541523839,0.878807261372675,0.010966934511858364,True,drop_PO,PO
3,0,income,-0.2335355386090428,0.2585027984625547,-0.9034159010966045,0.36630520387092214,0.7917294582765818,0.4770180140057584,1.3140709924958156,0.5111235402850076,False,drop_PO,PO
4,0,ATT,-0.2344631744729503,0.32753711663557933,-0.7158369618726786,0.4740920264902285,0.790995362176149,0.41626386743690486,1.503069836055404,0.5805208487635451,False,drop_PO,PO
4,0,CON,-0.3801427984984982,0.36372306030855955,-1.0451435170923977,0.29595664396586174,0.6837637618020572,0.33519594868697994,1.394804691957367,0.43310728385248065,False,drop_PO,PO
4,0,SNO,-0.3706619000256156,0.45891972860318986,-0.8076835161429998,0.4192727952142913,0.6902772848422104,0.280791025422346,1.6969300541299084,0.5468775589751625,False,drop_PO,PO
4,0,COVID,-0.2289171170805901,0.3964203690569085,-0.5774605316704291,0.5636283933262132,0.7953944553877021,0.365714962334509,1.7299055407058526,0.6518014745781462,False,drop_PO,PO
4,0,PU,-0.9947556803291452,0.37634679248463865,-2.6431889422034813,0.008212919053574599,0.3698137862900207,0.17686025224419238,0.7732785337280442,0.02737639684524866,True,drop_PO,PO
4,0,PEU,0.2572751250917635,0.23866415515374917,1.0779797449098503,0.2810427954515369,1.2934009248607559,0.8101736925881636,2.0648485228969764,0.43310728385248065,False,drop_PO,PO
4,0,PRI,1.2374060134071283,0.41899124227843176,2.953298037157627,0.0031439825936558567,3.446661265726843,1.5161635720668174,7.835219167327568,0.011789934726209463,True,drop_PO,PO
4,0,age,-0.021983898042223334,0.024873577806859237,-0.8838253271373355,0.37679051203709213,0.9782559867609866,0.9317077275351595,1.0271298040700196,0.5138052436869438,False,drop_PO,PO
4,0,gender,0.4143648873091114,0.3565298199873227,1.1622166340079076,0.2451474796015859,1.5134092499757221,0.7524403460406713,3.0439722829379954,0.39753645340797716,False,drop_PO,PO
4,0,Education,-0.018214374082532084,0.2388854541159116,-0.07624731338264797,0.9392223415806922,0.9819505050546952,0.6148174625156667,1.568313935703478,0.9437374697310734,False,drop_PO,PO
4,0,Occupation,-0.23410291561332028,0.09806866941563502,-2.3871325776955774,0.01698036654626658,0.7912803765997022,0.6529090055911898,0.9589768697168284,0.0454876661380947,True,drop_PO,PO
4,0,income,-0.16078575664908593,0.20907361814738626,-0.7690389541914378,0.4418701858737427,0.8514744743117109,0.5652031537986877,1.2827401537512224,0.5547706912258732,False,drop_PO,PO
5,0,ATT,-0.45083671224812916,0.24256551997734704,-1.8586182912156368,0.06308126255703442,0.6370948634730347,0.39603007192603645,1.0248965768931044,0.13517413405078804,False,drop_PO,PO
5,0,CON,-0.21153409678233692,0.2762391686639905,-0.7657643114313054,0.44381655298069855,0.8093416846349968,0.4709690646064902,1.3908216307903716,0.5547706912258732,False,drop_PO,PO
5,0,SNO,-1.6513574579573393,0.327461957856172,-5.042898627884737,4.5853219963513707e-07,0.19178938580847815,0.10094465371528379,0.36438946645496323,3.930275996872603e-06,True,drop_PO,PO
5,0,COVID,-0.7168188304948525,0.29796415806462295,-2.405721665152047,0.016140556735220763,0.4883031629342687,0.2723060720856481,0.8756322512581161,0.0454876661380947,True,drop_PO,PO
5,0,PU,-1.2611294420132348,0.28211000652537976,-4.47034636433493,7.80930245890927e-06,0.28333383657703104,0.16299022410286607,0.49253299325973554,5.856976844181952e-05,True,drop_PO,PO
5,0,PEU,-0.012040059855319012,0.1706039419729294,-0.07057316329319911,0.9437374697310734,0.9880321316448827,0.7072127166569044,1.3803590775027392,0.9437374697310734,False,drop_PO,PO
5,0,PRI,-0.9729733305642848,0.2661718162081603,-3.655433337853354,0.00025674792032667017,0.377957572938948,0.2243225987182037,0.6368146934734481,0.0014004432017818372,True,drop_PO,PO
5,0,age,0.023516758629404878,0.016882097532445177,1.3929998084781083,0.16361984859642476,1.0237954580115298,0.990473514690511,1.0582384327283616,0.28302944425021254,False,drop_PO,PO
5,0,gender,0.37212737852486,0.27165557102646853,1.3698499799534833,0.17073373662290714,1.4508177725513982,0.8518732415991963,2.4708748982414175,0.28455622770484523,False,drop_PO,PO
5,0,Education,0.28800102921010606,0.1862681139389783,1.54616387700396,0.12206499509537073,1.3337586768405874,0.9258116431883084,1.9214623418661487,0.2219363547188559,False,drop_PO,PO
5,0,Occupation,-0.23354293739109272,0.0715162561975878,-3.2655923255525505,0.0010923538917417693,0.7917236004645479,0.6881731511442689,0.9108554416723227,0.004681516678893298,True,drop_PO,PO
5,0,income,0.01994135867047035,0.16156667733894448,0.12342494751337954,0.9017706028472217,1.0201415158178915,0.7432451601130272,1.4001957471703752,0.9328661408764362,False,drop_PO,PO
1,0,ATT,-0.6932431762139859,0.2504400155589806,-2.768100675391955,0.005638403523711708,0.4999520044766974,0.3060197591558922,0.816783881765417,0.02255361409484683,True,drop_PRI,PRI
1,0,CON,-0.23232319115939465,0.2823515894342243,-0.822815241185373,0.4106130681168051,0.7926898915379063,0.455785804658265,1.3786240328776842,0.6295025070437041,False,drop_PRI,PRI
1,0,SNO,-2.4073210902933844,0.337156649701302,-7.140067065045605,9.328539384935882e-13,0.09005622420696122,0.04650720074213811,0.17438425424444526,1.3992809077403823e-11,True,drop_PRI,PRI
1,0,COVID,-0.8613919979731909,0.30324175835764783,-2.8406114073420334,0.0045027142354009805,0.4225734513384435,0.23322634845975604,0.7656438603758203,0.01929734672314706,True,drop_PRI,PRI
1,0,PU,-2.4268116155942336,0.29618368109522586,-8.193603397122986,2.5351947585667427e-16,0.08831797580467382,0.04942338281004075,0.15782134703758693,1.5211168551400457e-14,True,drop_PRI,PRI
1,0,PEU,-0.41241605429535344,0.17921871690135835,-2.3011885221918336,0.02138097738240078,0.6620487705087604,0.46594636901884195,0.940684601653022,0.07126992460800259,False,drop_PRI,PRI
1,0,PO,0.15417683383645964,0.2075011855097852,0.7430166408817412,0.4574716055996827,1.1666971800764239,0.7768364112111515,1.7522122938033824,0.6630495590420926,False,drop_PRI,PRI
1,0,age,0.001323930688595834,0.018049419613840986,0.07335031911943547,0.9415273506399371,1.0013248074717207,0.966520343665917,1.0373825824041323,0.9574854413287496,False,drop_PRI,PRI
1,0,gender,0.4569579753619087,0.2756224134322951,1.6579129747521695,0.09733503293110034,1.5792625149192365,0.9201100882418849,2.710621395092642,0.2230397979766499,False,drop_PRI,PRI
1,0,Education,0.11998954537467527,0.18668826173282438,0.6427267802535769,0.5204014007995164,1.1274850640838545,0.7819852131572634,1.625635048263401,0.6787844358254561,False,drop_PRI,PRI
1,0,Occupation,-0.2352998198240294,0.07357249446989324,-3.198203642807258,0.0013828658847012923,0.7903338563451348,0.6842021192810439,0.9129284854331166,0.007542904825643413,True,drop_PRI,PRI
1,0,income,-0.11625850341584726,0.1628116717453281,-0.7140673771699867,0.4751855173134997,0.8902450621605246,0.6470256245830417,1.22489162807412,0.6630495590420926,False,drop_PRI,PRI
2,0,ATT,-0.11402574315331929,0.23165232533997404,-0.4922279238335923,0.6225582263366196,0.8922349866447012,0.5666211860041234,1.4049655943981543,0.7324214427489641,False,drop_PRI,PRI
2,0,CON,-0.32150509045938513,0.2656520395096754,-1.2102489070018054,0.22618339659857667,0.7250569391451466,0.4307690894003056,1.2203929621189664,0.41545615163942035,False,drop_PRI,PRI
2,0,SNO,-1.284685883040674,0.3236069397913146,-3.9698959604177007,7.190402188434333e-05,0.27673749792201124,0.14676017529955404,0.5218285042234335,0.0004793601458956222,True,drop_PRI,PRI
2,0,COVID,-0.4733646721099632,0.28809723103097123,-1.6430726196708054,0.10036790908949246,0.6229028744484931,0.35414981649787614,1.0956041000758843,0.2230397979766499,False,drop_PRI,PRI
2,0,PU,-1.3099945751554358,0.27402280865549855,-4.780604145994142,1.7476919187260173e-06,0.2698215201205233,0.15769708334858726,0.4616677187314776,1.3107689390445129e-05,True,drop_PRI,PRI
2,0,PEU,0.08472633023586132,0.16472269448835597,0.5143573597981091,0.6070021653606685,1.0884191585216312,0.788100112431313,1.5031799208633974,0.7284025984328022,False,drop_PRI,PRI
2,0,PO,0.1251781721055924,0.19177987652785158,0.6527179721455977,0.5139381139490031,1.1333503664997946,0.7782477304484191,1.6504809496908028,0.6787844358254561,False,drop_PRI,PRI
2,0,age,-0.004326470581109283,0.016040534753535285,-0.26972109394019683,0.7873748311748131,0.9956828751099249,0.9648661241692855,1.0274838788030953,0.8288156117629613,False,drop_PRI,PRI
2,0,gender,0.5256224902435824,0.25247171395158197,2.081906452080348,0.0373510153335453,1.691511470108773,1.0312564682592549,2.7744902859511007,0.11205304600063588,False,drop_PRI,PRI
2,0,Education,0.3064268413058763,0.171497941784567,1.7867668738019304,0.07397517546322786,1.3585620732143544,0.9707278533470949,1.901347427512762,0.18204509937293456,False,drop_PRI,PRI
2,0,Occupation,-0.15006170450956596,0.06619964165898949,-2.2668053897114793,0.02340211674153367,0.860654868500009,0.755925084597008,0.979894460133781,0.07390142128905368,False,drop_PRI,PRI
2,0,income,-0.1939444991610054,0.15059837877702675,-1.2878259429881123,0.1978065593490037,0.8237036192419063,0.613167385017247,1.10652925927091,0.39561311869800747,False,drop_PRI,PRI
3,0,ATT,-1.8628802502461057,0.37688594370798456,-4.942822308304197,7.699965934226333e-07,0.1552248993343034,0.0741565633428793,0.32491755668257055,6.599970800765428e-06,True,drop_PRI,PRI
3,0,CON,-1.2302749141087288,0.4291503063956447,-2.8667692782083365,0.004146852091514074,0.2922122333717763,0.12600804628759954,0.6776391813680911,0.01913931734544957,True,drop_PRI,PRI
3,0,SNO,-3.4215506323098483,0.4690129370976635,-7.295215892088222,2.9818055349172774e-13,0.03266174928802956,0.013025894878476491,0.08189762596018063,5.9636110698345544e-12,True,drop_PRI,PRI
3,0,COVID,-0.3778328318619918,0.44315744516450456,-0.8525927658097595,0.3938851756996793,0.6853450589477535,0.28753191264961875,1.63355032662571,0.6295025070437041,False,drop_PRI,PRI
3,0,PU,-3.333385334330205,0.45119234860384777,-7.38794739016498,1.49112715152335e-13,0.035672138312268196,0.01473216121029372,0.08637574851410562,4.47338145457005e-12,True,drop_PRI,PRI
3,0,PEU,-0.5334764511448988,0.3384324859203674,-1.5763157301347985,0.11495305824758575,0.5865622659946973,0.3021583311837263,1.1386589624749828,0.23783391361569467,False,drop_PRI,PRI
3,0,PO,-0.7086162986227188,0.3616266709126783,-1.9595244367189604,0.05005140094224098,0.4923249570895251,0.24234218266132249,1.0001719911549136,0.14300400269211708,False,drop_PRI,PRI
3,0,age,0.0067975653392124075,0.03178751422979294,0.21384387876549876,0.8306688060156886,1.0068207212246296,0.9460063830421412,1.0715445295701849,0.859312557947264,False,drop_PRI,PRI
3,0,gender,0.2540813622004216,0.45403627184907736,0.5596058684159022,0.5757483011947745,1.2892766983896715,0.5294959669816609,3.1392768003238514,0.7142854577851371,False,drop_PRI,PRI
3,0,Education,-0.5663933505104879,0.29354340690037195,-1.9295045884056277,0.05366825100580778,0.5675687733152425,0.31926352245031786,1.008991913545958,0.14636795728856666,False,drop_PRI,PRI
3,0,Occupation,-0.3829669839923893,0.12147627884168694,-3.152607139797954,0.0016181942621551028,0.6818354103974739,0.5373742550072437,0.8651317448500113,0.008090971310775514,True,drop_PRI,PRI
3,0,income,-0.14118333535670993,0.25738837102040685,-0.5485225878581605,0.583333123857862,0.8683301014947846,0.5243139973436937,1.438064154269926,0.7142854577851371,False,drop_PRI,PRI
4,0,ATT,-0.20105229386568305,0.31275111148044815,-0.6428507733001357,0.5203209339389969,0.8178696608693552,0.4430624836064837,1.5097436748101265,0.6787844358254561,False,drop_PRI,PRI
4,0,CON,-0.26010164740986536,0.3572474220900677,-0.7280714466409491,0.4665698516059409,0.7709732143901898,0.3827755110373413,1.552867621275687,0.6630495590420926,False,drop_PRI,PRI
4,0,SNO,-0.21381745204168112,0.4545619692620319,-0.4703813044210617,0.6380826187895057,0.8074957782747787,0.331290742905315,1.9682090305733366,0.7362491755263527,False,drop_PRI,PRI
4,0,COVID,-0.21931152755278677,0.3938225333137807,-0.5568790736970067,0.5776100531012138,0.8030715002815739,0.37112969589304434,1.7377316924549153,0.7142854577851371,False,drop_PRI,PRI
4,0,PU,-0.6717704863635127,0.3784031465908488,-1.7752772206460257,0.07585212473872273,0.510803406260848,0.2433047141075157,1.0724005936538696,0.18204509937293456,False,drop_PRI,PRI
4,0,PEU,0.2681104664528867,0.23669055534295866,1.1327467885839442,0.2573206029755747,1.307491565993151,0.8221741689364921,2.0792847303322093,0.45409518172160235,False,drop_PRI,PRI
4,0,PO,-0.10432051425665964,0.25741790998901154,-0.40525740520973386,0.6852883126688786,0.9009364881511357,0.5439708501553577,1.4921508302334292,0.7757980898138248,False,drop_PRI,PRI
4,0,age,-0.020238828803542292,0.025079193985871457,-0.8069967804764372,0.41966833802913606,0.9799646015830231,0.9329589760699095,1.0293385293329476,0.6295025070437041,False,drop_PRI,PRI
4,0,gender,0.416120631949894,0.3455492734624063,1.204229509095366,0.22850088340168118,1.5160687441688276,0.770160808264863,2.9843954825797763,0.41545615163942035,False,drop_PRI,PRI
4,0,Education,-0.008080191391706923,0.23642918278862704,-0.034175947725246736,0.9727368462688726,0.9919523656068165,0.6240770818366161,1.576679426741973,0.9727368462688726,False,drop_PRI,PRI
4,0,Occupation,-0.22977492572358288,0.0965272398276202,-2.380415374291427,0.017293132591845423,0.7947124517054289,0.6577250344386083,0.9602308682605023,0.06360838005524398,False,drop_PRI,PRI
4,0,income,-0.17071558221839297,0.20560400760531422,-0.8303125226338268,0.4063621097258634,0.8430613210064521,0.5634371779728496,1.261458098193501,0.6295025070437041,False,drop_PRI,PRI
5,0,ATT,-0.4598787571810365,0.2408939752773689,-1.9090504718996202,0.056255581033222854,0.6313601887557386,0.3937532051843561,1.01234906204522,0.1467536896518857,False,drop_PRI,PRI
5,0,CON,-0.2516158186465917,0.2733085073441593,-0.9206292957787391,0.3572440016942261,0.777543398370533,0.455071607614659,1.3285244041450555,0.5954066694903769,False,drop_PRI,PRI
5,0,SNO,-1.8294158769597106,0.32833456233820535,-5.571804149802836,2.521147502243594e-08,0.16050729640794723,0.08433556480431322,0.30547720003970413,3.0253770026923125e-07,True,drop_PRI,PRI
5,0,COVID,-0.6989201528718976,0.2955067343523307,-2.3651581220432685,0.018022374348985796,0.4971218296363774,0.27856235405359453,0.8871626402664317,0.06360838005524398,False,drop_PRI,PRI
5,0,PU,-1.45856969117871,0.28279964481067243,-5.157607931775117,2.5012467375212357e-07,0.23256868198797573,0.1336064160097507,0.4048322936652741,2.5012467375212356e-06,True,drop_PRI,PRI
5,0,PEU,-0.06068697571954398,0.17032740564669513,-0.3562960140743592,0.72161889403819,0.941117786391393,0.6739976256927647,1.314103572622932,0.7875628512522079,False,drop_PRI,PRI
5,0,PO,0.0708571675500092,0.19910572933642914,0.3558770899569735,0.7219326136478572,1.0734278945822049,0.72659207810187,1.5858243980271378,0.7875628512522079,False,drop_PRI,PRI
5,0,age,0.02023791616236163,0.0164031489656119,1.233782379516827,0.21728400704882977,1.0204440912904906,0.9881584142175172,1.0537846244766773,0.41545615163942035,False,drop_PRI,PRI
5,0,gender,0.2694411092509585,0.2645310395126038,1.0185614124807487,0.3084112314556916,1.3092325282715576,0.7795490026956868,2.1988224052073675,0.5287049682097571,False,drop_PRI,PRI
5,0,Education,0.2896764192991967,0.1806280853814351,1.6037174877178295,0.10877633938441257,1.335995115839744,0.9376724156236178,1.9035250688915477,0.23309215582374124,False,drop_PRI,PRI
5,0,Occupation,-0.22764728363759712,0.07014752824874619,-3.2452645064035606,0.0011734157407492728,0.7964051154166714,0.6941019418387122,0.913786678339569,0.007040494444495638,True,drop_PRI,PRI
5,0,income,0.04709734299051835,0.15922043084028842,0.29579962032486257,0.7673831129661397,1.0482240413764314,0.7672253594145095,1.4321393674448437,0.8221961924637211,False,drop_PRI,PRI
